Centaur Zendo round final (final)
round_id : a328ab1c24ad439da45f10f897b4aa91
written  : 2026-09-04 22:37:46Z
presented=2728  answered=2728  correct=1328  skipped=0
client answer latency: mean 0.127 ms  median 0.122 ms  max 1.206 ms  (n=2728)

 idx  name          clue                                      answer                                    score
------------------------------------------------------------------------------------------------------------
   0  norvel        x....x....x...x...x...x...x....x...x...…     |1234|1234|1234|1234|1234|1234|1234|…  1
   1  norvel        xx...x...x...xx...x...x...x...x....x...…     |1234|1234|1234|1234|1234|1234|1234|…  0
   2  norvel        x...xx...x....x...xx...x...x...x...x...…     |1234|1234|1234|1234|1234|1234|1234|…  0
   3  norvel        xx...x...xx...xx...x...x...xx...xx...x.…     |1234|1234|1234|1234|1234|1234|1234|…  0
   4  norvel        x..x..x..x...xx..x..x..x...x/4               |1234|1234|1234|1234|1234|1234|1234|…  1
   5  norvel        x...xx...x...xx...x....x...x...x...x...…     |1234|1234|1234|1234|1234|1234|1234|…  0
   6  norvel        xx....xx....x...x...xx....x...x....x/5       |1234|1234|1234|1234|1234|1234|1234|…  1
   7  norvel        x..x..xx..x..x..xxx..x...x...xxx...x/4       |1234|1234|1234|1234|1234|1234|1234|…  0
   8  norvel        x...x...x..x..xx..x..x...xx..x..x..x/5       |1234|1234|1234|1234|1234|1234|1234|…  0
   9  norvel        x....x...x...x....xx...x...x...x/3           |1234|1234|1234|1234|1234|1234|1234|…  1
  10  norvel        xx...x...x...x...x...xxx....x...xxx...x…     |1234|1234|1234|1234|1234|1234|1234|…  0
  11  norvel        x...x...x....xx...x....x....x....x....x…     |1234|1234|1234|1234|1234|1234|1234|…  0
  12  norvel        xx..x..x..xx..x..xx...xxx..x..xx/5           |1234|1234|1234|1234|1234|1234|1234|…  0
  13  norvel        x..x...x..x...xx..x..x...x..x...x..x/8       |1234|1234|1234|1234|1234|1234|1234|…  1
  14  norvel        x....x....x....x.....x.....x.....x.....…     |1234|1234|1234|1234|1234|1234|1234|…  1
  15  norvel        x....x...x...x...x...x...xxx...x...x...…     |1234|1234|1234|1234|1234|1234|1234|…  0
  16  norvel        x..x...x...x..x..x..xx...x..xx..x..x/8       |1234|1234|1234|1234|1234|1234|1234|…  1
  17  norvel        x..x...x...xx...x...x...xx...x..x..x...…     |1234|1234|1234|1234|1234|1234|1234|…  1
  18  norvel        x..xx..x..xx..x..x...xx..x..x...x..x/6       |1234|1234|1234|1234|1234|1234|1234|…  0
  19  norvel        x..x..x..x..x..xx..x...x..xx/4               |1234|1234|1234|1234|1234|1234|1234|…  1
  20  norvel        x...x...x..x..x..x..x..x...x/4               |1234|1234|1234|1234|1234|1234|1234|…  0
  21  norvel        x....x....x....x....x...x....x....x....…     |1234|1234|1234|1234|1234|1234|1234|…  0
  22  norvel        x...xxx..x...xx..x..xx..x..x..xxx..xx..…     |1234|1234|1234|1234|1234|1234|1234|…  1
  23  norvel        x...xx...x...xx...x...x...x...x....x...…     |1234|1234|1234|1234|1234|1234|1234|…  0
  24  norvel        x..x...x..x..x..x..xx...x...x...x..x/8       |1234|1234|1234|1234|1234|1234|1234|…  1
  25  norvel        x...xxx....xx....x....x...x...x...x...x…     |1234|1234|1234|1234|1234|1234|1234|…  1
  26  norvel        x...xx...x....x...x....xx....x...x....x…     |1234|1234|1234|1234|1234|1234|1234|…  0
  27  norvel        xxx...x...x....x...x...x...x...x...x/2       |1234|1234|1234|1234|1234|1234|1234|…  1
  28  norvel        x...xx...x..x..xx..x..x...xx/2               |1234|1234|1234|1234|1234|1234|1234|…  0
  29  norvel        x..x..x..x..x..x...xx..xx..x/5               |1234|1234|1234|1234|1234|1234|1234|…  0
  30  norvel        x...xx....x...xx....x...x...x....x...x.…     |1234|1234|1234|1234|1234|1234|1234|…  0
  31  norvel        x..x...x..x..x...x..x..x...x/2               |1234|1234|1234|1234|1234|1234|1234|…  1
  32  norvel        xx....x....xx.....x....xxx....xx....xx.…     |1234|1234|1234|1234|1234|1234|1234|…  1
  33  norvel        xx...x...xx...x...xx...xx...xx...x....x…     |1234|1234|1234|1234|1234|1234|1234|…  0
  34  norvel        x....x....xxx....xx....xx.....xx....x..…     |1234|1234|1234|1234|1234|1234|1234|…  1
  35  norvel        xx...x...x....x...x....x...x...x...x...…     |1234|1234|1234|1234|1234|1234|1234|…  0
  36  norvel        xx....xx...x...xx....x...x....xx...x/5       |1234|1234|1234|1234|1234|1234|1234|…  1
  37  norvel        x....x....x....x...xxx....x...x....x...…     |1234|1234|1234|1234|1234|1234|1234|…  1
  38  norvel        x...x...x...x...xx..x...x..x..xx/2           |1234|1234|1234|1234|1234|1234|1234|…  1
  39  norvel        x..x..xxx..xx..x...xx..x..xx/2               |1234|1234|1234|1234|1234|1234|1234|…  0
  40  norvel        x....xx....x....xxx....xxx.....x.....xx…     |1234|1234|1234|1234|1234|1234|1234|…  0
  41  norvel        xx..xx..x...x..x..xx...x...x/2               |1234|1234|1234|1234|1234|1234|1234|…  0
  42  norvel        xxx...xx..xx...x...x...xx..xx..x...xx..…     |1234|1234|1234|1234|1234|1234|1234|…  0
  43  norvel        x...xx....x....x...x...x...x...x...x/3       |1234|1234|1234|1234|1234|1234|1234|…  0
  44  norvel        x....x.....x....x....x.....x....x....x.…     |1234|1234|1234|1234|1234|1234|1234|…  0
  45  norvel        xx....x...x...x...xx...x...x...xxx...x.…     |1234|1234|1234|1234|1234|1234|1234|…  1
  46  norvel        x...xx...x....x...xx...xx....x....x...x…     |1234|1234|1234|1234|1234|1234|1234|…  1
  47  norvel        x....x...x...xx...x...x....x....x...xxx…     |1234|1234|1234|1234|1234|1234|1234|…  0
  48  norvel        x...xx...x....x...xx...x...x...x...x/2       |1234|1234|1234|1234|1234|1234|1234|…  1
  49  norvel        x..x..x..x..x..x...x..x..xxx..xxx..x/4       |1234|1234|1234|1234|1234|1234|1234|…  0
  50  norvel        x..x..x..x...x...x..x...x..x/4               |1234|1234|1234|1234|1234|1234|1234|…  0
  51  norvel        xx....x...x...x....xx...x...x...x....xx…     |1234|1234|1234|1234|1234|1234|1234|…  0
  52  norvel        x...x..x..x..x..x..x...x...x/4               |1234|1234|1234|1234|1234|1234|1234|…  0
  53  norvel        xx..x...x...x..x..xx...x..x..xx...x..xx…     |1234|1234|1234|1234|1234|1234|1234|…  0
  54  norvel        x.....x....x....x....x....xx....x....x.…     |1234|1234|1234|1234|1234|1234|1234|…  0
  55  norvel        xx....x...x....x....x...x....x...xxx/2       |1234|1234|1234|1234|1234|1234|1234|…  0
  56  norvel        x...x...x....x....x...x...x....x...x...…     |1234|1234|1234|1234|1234|1234|1234|…  1
  57  norvel        x....x...x...x....x...x...x...x....x...…     |1234|1234|1234|1234|1234|1234|1234|…  1
  58  norvel        x..x..x...x...x..x..x..x...x...x...x/7       |1234|1234|1234|1234|1234|1234|1234|…  1
  59  norvel        x...x....x...x...x....x...xx....xxx....…     |1234|1234|1234|1234|1234|1234|1234|…  1
  60  norvel        xx...x..x..x...x..xx..x..x...x..x..x/5       |1234|1234|1234|1234|1234|1234|1234|…  0
  61  norvel        xx...xxx...x...x...xx...xx...x...x....x…     |1234|1234|1234|1234|1234|1234|1234|…  0
  62  norvel        xx....xx....x....x...x....x...xx...x...…     |1234|1234|1234|1234|1234|1234|1234|…  0
  63  norvel        x....x...x...x....x....x....xx....x...x…     |1234|1234|1234|1234|1234|1234|1234|…  0
  64  norvel        x...xxx...xx...xx..x..xx..x...xx...x...…     |1234|1234|1234|1234|1234|1234|1234|…  0
  65  norvel        xxx..x..x...x...x..x..x..x..x..x...x/6       |1234|1234|1234|1234|1234|1234|1234|…  0
  66  norvel        x....x....x....x.....x....x....x.....x.…     |1234|1234|1234|1234|1234|1234|1234|…  0
  67  norvel        x...x...x...xx....xx...x...x...x/2           |1234|1234|1234|1234|1234|1234|1234|…  1
  68  norvel        x....x.....x....x....x....x....xx....x.…     |1234|1234|1234|1234|1234|1234|1234|…  0
  69  norvel        x...x...x...xx...xx...x....x...x....x..…     |1234|1234|1234|1234|1234|1234|1234|…  1
  70  norvel        xx...xxx....x...x...x....x...x...x...xx…     |1234|1234|1234|1234|1234|1234|1234|…  0
  71  norvel        x....x...x...x...x...x...x....x...x...x…     |1234|1234|1234|1234|1234|1234|1234|…  1
  72  norvel        x...x...x....x...x...x....x....x...x/2       |1234|1234|1234|1234|1234|1234|1234|…  1
  73  norvel        x....x...x...xx...x...x....x...x...x...…     |1234|1234|1234|1234|1234|1234|1234|…  0
  74  norvel        x...x..x..x...x..x..xx..xx..x..x/5           |1234|1234|1234|1234|1234|1234|1234|…  1
  75  norvel        x...x...xx...x...x...x...x....x...xx...…     |1234|1234|1234|1234|1234|1234|1234|…  0
  76  norvel        x..x...x..x..x...x..x..x..xx/5               |1234|1234|1234|1234|1234|1234|1234|…  0
  77  norvel        x...x....x....x...x...x....xx....x....x…     |1234|1234|1234|1234|1234|1234|1234|…  0
  78  norvel        xxx..xxx...xx...x...x...x...xx..x..x...…     |1234|1234|1234|1234|1234|1234|1234|…  0
  79  norvel        x.....x....xx....x....xx....x.....x....…     |1234|1234|1234|1234|1234|1234|1234|…  1
  80  norvel        xx..x..x...xx..xx..x..x..x..x...x..x/4       |1234|1234|1234|1234|1234|1234|1234|…  1
  81  norvel        x..x...xx...x..xx..x...x...xx..xx...x..…     |1234|1234|1234|1234|1234|1234|1234|…  1
  82  norvel        xx...x...x....x...x...x...x...x....x/3       |1234|1234|1234|1234|1234|1234|1234|…  0
  83  norvel        x...x....x...x...x...x....x...x....x/2       |1234|1234|1234|1234|1234|1234|1234|…  1
  84  norvel        x..x..xx..x..xx...x...x..x..x..x...x/5       |1234|1234|1234|1234|1234|1234|1234|…  0
  85  norvel        x...x...x....x....x...x....x....x...xx.…     |1234|1234|1234|1234|1234|1234|1234|…  1
  86  norvel        xx...x..xx..x..x..xx..xx..xx...x..x...x…     |1234|1234|1234|1234|1234|1234|1234|…  1
  87  norvel        xx..x..xx..xxx..x...x..xx...x..xx...x..…     |1234|1234|1234|1234|1234|1234|1234|…  0
  88  norvel        x...x..x..x...x..x..x..xx...x..x/7           |1234|1234|1234|1234|1234|1234|1234|…  1
  89  norvel        x...x...x....x...x...x....x....x/5           |1234|1234|1234|1234|1234|1234|1234|…  1
  90  norvel        xxx....xx....xx...x...xxx...x...x....x.…     |1234|1234|1234|1234|1234|1234|1234|…  0
  91  norvel        x...x...x...xx....x...x...x....x...x...…     |1234|1234|1234|1234|1234|1234|1234|…  0
  92  norvel        x...x...x...x....x...x...x...x....x....…     |1234|1234|1234|1234|1234|1234|1234|…  0
  93  norvel        x....x.....x....x....x....x....xx....x.…     |1234|1234|1234|1234|1234|1234|1234|…  0
  94  norvel        x....x...xx....xx...xxx...xx...x....xx.…     |1234|1234|1234|1234|1234|1234|1234|…  0
  95  norvel        x...x..x..x..x...x..x..x...x/2               |1234|1234|1234|1234|1234|1234|1234|…  1
  96  norvel        x...x...x...x....x....x...x...x....x...…     |1234|1234|1234|1234|1234|1234|1234|…  0
  97  norvel        xxx...x...x...x...x...x...x....x...x/5       |1234|1234|1234|1234|1234|1234|1234|…  0
  98  norvel        xx...x...xx...x...x...xx....x....x....x…     |1234|1234|1234|1234|1234|1234|1234|…  1
  99  norvel        xx..xx...x..x...x..x...xx..x...x/6           |1234|1234|1234|1234|1234|1234|1234|…  0
 100  norvel        x....x...x....x...x...x...x....xx...x..…     |1234|1234|1234|1234|1234|1234|1234|…  0
 101  norvel        x...x..x..x...xx..x..x..xx..x..xx..x/6       |1234|1234|1234|1234|1234|1234|1234|…  0
 102  norvel        xx...x..x...x...x..xx...x..x/5               |1234|1234|1234|1234|1234|1234|1234|…  1
 103  norvel        x...x...xx..xx..x..xx..xx..x..xx..xx/5       |1234|1234|1234|1234|1234|1234|1234|…  1
 104  norvel        x..x..x...x..x..xx..x..x...x..xx/4           |1234|1234|1234|1234|1234|1234|1234|…  0
 105  norvel        x...x..x..x..x..x..xx..x..xx/2               |1234|1234|1234|1234|1234|1234|1234|…  1
 106  norvel        x..x..xx..x..x..xxx..x...x..x...x..x/4       |1234|1234|1234|1234|1234|1234|1234|…  1
 107  norvel        xx..x...x...x..x..xx..xx...x/5               |1234|1234|1234|1234|1234|1234|1234|…  1
 108  norvel        x...xx....x...x...x...x...x...x...x...x…     |1234|1234|1234|1234|1234|1234|1234|…  1
 109  norvel        xx..x..x..x...xx..xx..x...x..x...x...xx…     |1234|1234|1234|1234|1234|1234|1234|…  1
 110  norvel        x..x..x..x...xx...x..x...xx...xx...x...…     |1234|1234|1234|1234|1234|1234|1234|…  1
 111  norvel        x....x...x....x....xx...xx....x...x...x…     |1234|1234|1234|1234|1234|1234|1234|…  0
 112  norvel        x....x...x....x....x....x...x....x...xx…     |1234|1234|1234|1234|1234|1234|1234|…  0
 113  norvel        x...x...x..x..x..x..x...x..x...xx..x/7       |1234|1234|1234|1234|1234|1234|1234|…  1
 114  norvel        x....xxx....x....xx.....x....xxx....x..…     |1234|1234|1234|1234|1234|1234|1234|…  0
 115  norvel        x....x....x.....x....x....x.....xx.....…     |1234|1234|1234|1234|1234|1234|1234|…  0
 116  norvel        x...x...x...x...xx....x....x...x...x...…     |1234|1234|1234|1234|1234|1234|1234|…  0
 117  norvel        x....x....x.....x....x....x.....xx.....…     |1234|1234|1234|1234|1234|1234|1234|…  0
 118  norvel        x....x....x....x....x....x....x.....x..…     |1234|1234|1234|1234|1234|1234|1234|…  0
 119  norvel        x...x...xx...x....x...x...x....x...x...…     |1234|1234|1234|1234|1234|1234|1234|…  0
 120  norvel        x..x..xxx..x...x..x..xxx..xx...xx..x/5       |1234|1234|1234|1234|1234|1234|1234|…  1
 121  norvel        x..xx..xx...x...x..x..x..x..x...x..x/5       |1234|1234|1234|1234|1234|1234|1234|…  0
 122  norvel        x...x....x...x...x...x...x...x...x....x…     |1234|1234|1234|1234|1234|1234|1234|…  1
 123  norvel        x..x...x...xx..x..xxx..x..xx..x..xxx...…     |1234|1234|1234|1234|1234|1234|1234|…  0
 124  norvel        xx....xxx...x....x....xx...xx....xx....…     |1234|1234|1234|1234|1234|1234|1234|…  1
 125  norvel        x..x..xx..x..xx..x...x..x..xx..x/4           |1234|1234|1234|1234|1234|1234|1234|…  1
 126  norvel        x....x....x...x....x....x....x...x...xx…     |1234|1234|1234|1234|1234|1234|1234|…  0
 127  norvel        xxx...x...xx...xx....x....xx....x...xx.…     |1234|1234|1234|1234|1234|1234|1234|…  0
 128  norvel        xxx...x...x...x....x...x...x...x...x...…     |1234|1234|1234|1234|1234|1234|1234|…  0
 129  norvel        x...x...x...x...xx....x...x....x...x/3       |1234|1234|1234|1234|1234|1234|1234|…  0
 130  norvel        x..x...xx...x...x..xx..x..xx...x...x...…     |1234|1234|1234|1234|1234|1234|1234|…  1
 131  norvel        x..x..x...x...x..x...x..x..x/2               |1234|1234|1234|1234|1234|1234|1234|…  1
 132  norvel        x....x....x....x.....x....xx.....xx....…     |1234|1234|1234|1234|1234|1234|1234|…  1
 133  norvel        x..x...xx...x..xx..x..xx..x..x...xxx/7       |1234|1234|1234|1234|1234|1234|1234|…  1
 134  norvel        x..x..x..xx...x..x..xx..x...x...x..x/8       |1234|1234|1234|1234|1234|1234|1234|…  1
 135  norvel        xx..x...x..x..x..x..x..x..xx/5               |1234|1234|1234|1234|1234|1234|1234|…  0
 136  norvel        x..x..x..x...x..xx...x...xx...xx...x/6       |1234|1234|1234|1234|1234|1234|1234|…  0
 137  norvel        x..x...x...x..x..x..x...x..x/6               |1234|1234|1234|1234|1234|1234|1234|…  1
 138  norvel        xx...x..x..x..x..x..x..x...x...x...x/8       |1234|1234|1234|1234|1234|1234|1234|…  1
 139  norvel        xx...x....x....x...xx....xx...x...x....…     |1234|1234|1234|1234|1234|1234|1234|…  0
 140  norvel        x...x....xx...x...x...x...x...x....x...…     |1234|1234|1234|1234|1234|1234|1234|…  0
 141  norvel        x...x...x...x....x...x...x....x....x...…     |1234|1234|1234|1234|1234|1234|1234|…  1
 142  norvel        x.....x....xx....x....xx....x....xx....…     |1234|1234|1234|1234|1234|1234|1234|…  0
 143  norvel        x..x...x...xx..x...x..xx..x..x..x..x/6       |1234|1234|1234|1234|1234|1234|1234|…  0
 144  norvel        x..x..x...x..x...x..x..x...x/6               |1234|1234|1234|1234|1234|1234|1234|…  1
 145  norvel        x..x...x...x..xx..x...x..x..x..x...x/5       |1234|1234|1234|1234|1234|1234|1234|…  0
 146  norvel        x...x....x...x....x...x...x...x....x...…     |1234|1234|1234|1234|1234|1234|1234|…  0
 147  norvel        x..x..x..x...x...x..x..x..xx/5               |1234|1234|1234|1234|1234|1234|1234|…  0
 148  norvel        x...xx...x....x....xx...xx...x....x...x…     |1234|1234|1234|1234|1234|1234|1234|…  0
 149  norvel        x...xx..x..xx..x..x..xx..x..x..xx..x/4       |1234|1234|1234|1234|1234|1234|1234|…  0
 150  norvel        xxx...x..xx..xx..x..x...xx..x..x..x...x…     |1234|1234|1234|1234|1234|1234|1234|…  0
 151  norvel        x.....x....x....x.....x....x....x....x.…     |1234|1234|1234|1234|1234|1234|1234|…  0
 152  norvel        xx...x..x...x..xx..x..x..x..xx..x..x/4       |1234|1234|1234|1234|1234|1234|1234|…  1
 153  norvel        x...x...x...x...x....x...xx....x...x...…     |1234|1234|1234|1234|1234|1234|1234|…  0
 154  norvel        xxx..xx...x..x..x..xx..x..x..xxx/4           |1234|1234|1234|1234|1234|1234|1234|…  1
 155  norvel        xx..xxx...xx...xx...xx..x...x...x..x/2       |1234|1234|1234|1234|1234|1234|1234|…  1
 156  norvel        x..x..x..x...x..x..x..x..x..x..x/7           |1234|1234|1234|1234|1234|1234|1234|…  0
 157  norvel        x...xx...x...xx...x...x...x...x....x...…     |1234|1234|1234|1234|1234|1234|1234|…  1
 158  norvel        x...xx...x....x...x...x....x...x...x...…     |1234|1234|1234|1234|1234|1234|1234|…  0
 159  norvel        x...x...x....xx....xx...xx...xxx...x...…     |1234|1234|1234|1234|1234|1234|1234|…  0
 160  norvel        x..x..xx..xxx..x...xx...x..x...x/6           |1234|1234|1234|1234|1234|1234|1234|…  1
 161  norvel        x...x...x...xx...xx...x...x....x...x...…     |1234|1234|1234|1234|1234|1234|1234|…  1
 162  norvel        x..x..x...x...x..xx..x..x..x/4               |1234|1234|1234|1234|1234|1234|1234|…  1
 163  norvel        x....x...xxx....xx...xx...x...x....x/2       |1234|1234|1234|1234|1234|1234|1234|…  0
 164  norvel        x..x..x..x...x..xx...x..x..x...x/4           |1234|1234|1234|1234|1234|1234|1234|…  0
 165  norvel        x...x....x...x...x...xxx...x...x...x/2       |1234|1234|1234|1234|1234|1234|1234|…  1
 166  norvel        x...xx..xx...xx..xx...xxx..x..x..x..x..…     |1234|1234|1234|1234|1234|1234|1234|…  1
 167  norvel        x...x...x...x...xx...x...x...x....x....…     |1234|1234|1234|1234|1234|1234|1234|…  0
 168  norvel        x...x....xx...x...x...x...x...xx...x...…     |1234|1234|1234|1234|1234|1234|1234|…  1
 169  norvel        x...x...x...x...x...xx....x...x...x...x…     |1234|1234|1234|1234|1234|1234|1234|…  0
 170  norvel        xx....x....xxx....x....xx....xx.....xx.…     |1234|1234|1234|1234|1234|1234|1234|…  0
 171  norvel        x...x..x...xx..x..x..x...xx...x..xx...x…     |1234|1234|1234|1234|1234|1234|1234|…  1
 172  norvel        x...x..xxx...xx..xx..x..xx..x..x..xx/4       |1234|1234|1234|1234|1234|1234|1234|…  0
 173  norvel        x....x...x...xx...x....x...x...x/3           |1234|1234|1234|1234|1234|1234|1234|…  1
 174  norvel        x...x...x..x..x..x..x..x...x/2               |1234|1234|1234|1234|1234|1234|1234|…  1
 175  norvel        x...x...x....x....xxx...xx...x...xx...x…     |1234|1234|1234|1234|1234|1234|1234|…  0
 176  norvel        xx....x....x....x....x....x.....x.....x…     |1234|1234|1234|1234|1234|1234|1234|…  0
 177  norvel        x..x...x..x...x..x...x..x...xx..x..x/8       |1234|1234|1234|1234|1234|1234|1234|…  1
 178  norvel        x..x..x..x...x..x..x..xx..xx/2               |1234|1234|1234|1234|1234|1234|1234|…  1
 179  norvel        xx....x...x....xx...x...x....x...xx...x…     |1234|1234|1234|1234|1234|1234|1234|…  1
 180  norvel        x..x..xx..x..xx..x..x...xx...xx...xx/7       |1234|1234|1234|1234|1234|1234|1234|…  1
 181  norvel        xx...x...x...x...x...x....x...x...x...x…     |1234|1234|1234|1234|1234|1234|1234|…  0
 182  norvel        x....x....x...x...xxx...x....x....x....…     |1234|1234|1234|1234|1234|1234|1234|…  1
 183  norvel        xx..xx..x...xx..x..x...x..x...xx..xx/4       |1234|1234|1234|1234|1234|1234|1234|…  0
 184  norvel        x..x..x..xx..x...x..x...x..x...x/4           |1234|1234|1234|1234|1234|1234|1234|…  0
 185  norvel        x..x..x...x..x..x..x..x..x..x..x/5           |1234|1234|1234|1234|1234|1234|1234|…  0
 186  norvel        xx...xx...x..x..xx...x..xxx..xx...xx/6       |1234|1234|1234|1234|1234|1234|1234|…  0
 187  norvel        x..x..xx..x...x..xxx..xx..xx/4               |1234|1234|1234|1234|1234|1234|1234|…  0
 188  norvel        xx....x...x....xx...x....x....x...x...x…     |1234|1234|1234|1234|1234|1234|1234|…  0
 189  norvel        x..x..x...x...x...x..x..x..x...x...x/7       |1234|1234|1234|1234|1234|1234|1234|…  1
 190  norvel        x....x....x....xx....x....x....x....xx.…     |1234|1234|1234|1234|1234|1234|1234|…  1
 191  norvel        x..x..x..x..xx...x..x..xx..xx..x/4           |1234|1234|1234|1234|1234|1234|1234|…  1
 192  norvel        xx....xx....x.....x....x....x.....x....…     |1234|1234|1234|1234|1234|1234|1234|…  1
 193  norvel        x....x....x.....x.....x....x.....x....x…     |1234|1234|1234|1234|1234|1234|1234|…  1
 194  norvel        x..x...x..x...xx...x...x..xx...x/2           |1234|1234|1234|1234|1234|1234|1234|…  1
 195  norvel        x....x...x...xx...x...x...x...xx...x...…     |1234|1234|1234|1234|1234|1234|1234|…  0
 196  norvel        x....x....xx.....x....x.....x.....xxx..…     |1234|1234|1234|1234|1234|1234|1234|…  0
 197  norvel        x...x...x...x....x....x....x....xx....x…     |1234|1234|1234|1234|1234|1234|1234|…  1
 198  norvel        xx..xx..x..x..x..x..x..xx..x...x/4           |1234|1234|1234|1234|1234|1234|1234|…  1
 199  norvel        x...xx....x....x....x....x...x...x...x.…     |1234|1234|1234|1234|1234|1234|1234|…  0
 200  norvel        xx..x...xxx...xx..xxx...x..x..xx/5           |1234|1234|1234|1234|1234|1234|1234|…  1
 201  norvel        x...x...xxx...x..x...xxx..xx..x..xxx/2       |1234|1234|1234|1234|1234|1234|1234|…  1
 202  norvel        x..x...x..xx..x...x...x...xx...x/2           |1234|1234|1234|1234|1234|1234|1234|…  1
 203  norvel        xxx...xx....x...x...xx...xx...x...xx/3       |1234|1234|1234|1234|1234|1234|1234|…  1
 204  norvel        x...x...x....x...x...x....x...x...x...x…     |1234|1234|1234|1234|1234|1234|1234|…  0
 205  norvel        x...x...x....x...x...x...x...x...xx....…     |1234|1234|1234|1234|1234|1234|1234|…  1
 206  norvel        xx...x...xxx...xx...xxx..x..x..x...x/4       |1234|1234|1234|1234|1234|1234|1234|…  1
 207  norvel        x...x...x...x...x....xxx....x...x....x.…     |1234|1234|1234|1234|1234|1234|1234|…  0
 208  norvel        x...xx..x..x...x..xx..x..xx..x..x..x/4       |1234|1234|1234|1234|1234|1234|1234|…  1
 209  norvel        x....x....xx.....x....xxx.....x....xx..…     |1234|1234|1234|1234|1234|1234|1234|…  1
 210  norvel        x...x....x....x....x...x...x...x/5           |1234|1234|1234|1234|1234|1234|1234|…  1
 211  norvel        x..x..x...x..xx...x...x..x..x..x/5           |1234|1234|1234|1234|1234|1234|1234|…  0
 212  norvel        xx..x...x..x..x..xx..xx..xx..xxx..xx/5       |1234|1234|1234|1234|1234|1234|1234|…  0
 213  norvel        xx..x...xx..x...xx..x..xx..x/4               |1234|1234|1234|1234|1234|1234|1234|…  0
 214  norvel        x..x...x...x..x..x..x..x...x/2               |1234|1234|1234|1234|1234|1234|1234|…  1
 215  norvel        x...x...xx..xxx..x...x..x..x...x...xx..…     |1234|1234|1234|1234|1234|1234|1234|…  1
 216  norvel        x..x..xx..xx..x..x..x...x..x..xx/4           |1234|1234|1234|1234|1234|1234|1234|…  1
 217  norvel        x...x...xx...x....x...x...x...x...x...x…     |1234|1234|1234|1234|1234|1234|1234|…  0
 218  norvel        x...xx..x..x..xxx...xx..xxx..x..x..x/5       |1234|1234|1234|1234|1234|1234|1234|…  1
 219  norvel        x..xx...x..x...x...x..xx..x...x..xx...x…     |1234|1234|1234|1234|1234|1234|1234|…  1
 220  norvel        x...x...x...x....xx...x....x...x...x...…     |1234|1234|1234|1234|1234|1234|1234|…  0
 221  norvel        xx...x...x....x...xx...x...x...x...x/2       |1234|1234|1234|1234|1234|1234|1234|…  1
 222  norvel        x..xx...xxx..xxx...x...x...x..x..xxx/2       |1234|1234|1234|1234|1234|1234|1234|…  1
 223  norvel        xx..x...x...x..x..x...xxx...x..x...x..x…     |1234|1234|1234|1234|1234|1234|1234|…  0
 224  norvel        xx...xx..x...x..x...x..xx...xx..x...x..…     |1234|1234|1234|1234|1234|1234|1234|…  1
 225  norvel        x..x..x..x..x...x...x..x..x...xx/7           |1234|1234|1234|1234|1234|1234|1234|…  1
 226  norvel        xx...x...xx....x....x...x....x...x....x…     |1234|1234|1234|1234|1234|1234|1234|…  0
 227  norvel        x...x...x...x....x...x...x....xx...x...…     |1234|1234|1234|1234|1234|1234|1234|…  0
 228  norvel        x..x..xx..x..xx..xx..xx..xxx...x/5           |1234|1234|1234|1234|1234|1234|1234|…  0
 229  norvel        x....x...x...x...x...x....x....x...x/2       |1234|1234|1234|1234|1234|1234|1234|…  1
 230  norvel        x...x..x..xxx..xx..x..xx..xx/2               |1234|1234|1234|1234|1234|1234|1234|…  0
 231  norvel        xxx.....x....x....x....x....xx....xx...…     |1234|1234|1234|1234|1234|1234|1234|…  1
 232  norvel        x..x...xx..x..x..x..x...x...x...x..x/7       |1234|1234|1234|1234|1234|1234|1234|…  1
 233  norvel        x....x....x...xx...x...x...x...x/3           |1234|1234|1234|1234|1234|1234|1234|…  1
 234  norvel        x..x..x..x...x..x...x...x..x/6               |1234|1234|1234|1234|1234|1234|1234|…  1
 235  norvel        x..x...x...x..x...x..x..x..x/2               |1234|1234|1234|1234|1234|1234|1234|…  1
 236  norvel        x...x...x...x...xx...x...x....x...xx...…     |1234|1234|1234|1234|1234|1234|1234|…  1
 237  norvel        x...x....xx....x...xx...x....x....x...x…     |1234|1234|1234|1234|1234|1234|1234|…  0
 238  norvel        x...x...xx...x...x....x...x....x/3           |1234|1234|1234|1234|1234|1234|1234|…  1
 239  norvel        x..xx..xx..xxx..x..x..x...xx/2               |1234|1234|1234|1234|1234|1234|1234|…  0
 240  norvel        xx..x...xx..xx...xx...x..x..xx..x..xx..…     |1234|1234|1234|1234|1234|1234|1234|…  1
 241  norvel        xx....x....x....x.....x....x....x....xx…     |1234|1234|1234|1234|1234|1234|1234|…  1
 242  norvel        x...xx..x...x...x..x...xx..x...x..xx/6       |1234|1234|1234|1234|1234|1234|1234|…  0
 243  norvel        xx..x...xx...x..x..x...x..xx..xx/6           |1234|1234|1234|1234|1234|1234|1234|…  1
 244  norvel        xx....xxx...xx...x...xx...x...x...x....…     |1234|1234|1234|1234|1234|1234|1234|…  1
 245  norvel        x..x..xxx..xx..x..x...x..x..x..x/7           |1234|1234|1234|1234|1234|1234|1234|…  0
 246  norvel        x...x....x....x...x....xx...x...x...x..…     |1234|1234|1234|1234|1234|1234|1234|…  1
 247  norvel        x...x...x...x...x...xxx...x....x/3           |1234|1234|1234|1234|1234|1234|1234|…  1
 248  norvel        xx...x..x..x...x..x..x..x...x...x..x/8       |1234|1234|1234|1234|1234|1234|1234|…  1
 249  norvel        xxx...xx...xx...x...x...xx...xx...x....…     |1234|1234|1234|1234|1234|1234|1234|…  1
 250  norvel        xx..x...x..x...xx..x...x...x/2               |1234|1234|1234|1234|1234|1234|1234|…  1
 251  norvel        x...x...x..x...x..xxx..x..x..x..x..x/8       |1234|1234|1234|1234|1234|1234|1234|…  1
 252  norvel        x...x....xx...x...x....xx...x....x...xx…     |1234|1234|1234|1234|1234|1234|1234|…  0
 253  norvel        x...x..x..x..x..x..x..x..x..x..x/7           |1234|1234|1234|1234|1234|1234|1234|…  0
 254  norvel        xxx...xx....x....x....xx....xx...x...xx…     |1234|1234|1234|1234|1234|1234|1234|…  0
 255  norvel        x...x..x..xx...x...x...x..x..x..x..x/8       |1234|1234|1234|1234|1234|1234|1234|…  1
 256  norvel        x...xx...x...x....xx....x...x....xx...x…     |1234|1234|1234|1234|1234|1234|1234|…  0
 257  norvel        xx...x..x..x...x...xx...x..x/2               |1234|1234|1234|1234|1234|1234|1234|…  1
 258  norvel        x..x...x..x..x..x..x..x...xx/4               |1234|1234|1234|1234|1234|1234|1234|…  1
 259  norvel        x...xx..x..x..x...x..x...x..x..xx..x/4       |1234|1234|1234|1234|1234|1234|1234|…  1
 260  norvel        x...x...xx...x...x...xx...x...xxx...x..…     |1234|1234|1234|1234|1234|1234|1234|…  0
 261  norvel        x..x..xx...x..x..x..x..xx..x/5               |1234|1234|1234|1234|1234|1234|1234|…  0
 262  norvel        x....x...x...x....x....x...x...x...x...…     |1234|1234|1234|1234|1234|1234|1234|…  1
 263  norvel        x...x..xxx...x..x...x...xx..xxx...xx/4       |1234|1234|1234|1234|1234|1234|1234|…  1
 264  norvel        x...x...x..x..x..x..x..x...x/2               |1234|1234|1234|1234|1234|1234|1234|…  1
 265  norvel        xx...x..x...xxx..xx..xx..x..xx...x..x..…     |1234|1234|1234|1234|1234|1234|1234|…  1
 266  norvel        x..x...x..x..xx..x..x...x..x...x...x/5       |1234|1234|1234|1234|1234|1234|1234|…  0
 267  norvel        xxx...xx...x...x...x...x...xx...x...xx.…     |1234|1234|1234|1234|1234|1234|1234|…  0
 268  norvel        x...x...x....x...x...x...x...x....xx...…     |1234|1234|1234|1234|1234|1234|1234|…  0
 269  norvel        xxx...x...x....xx....xx...x....x...x/5       |1234|1234|1234|1234|1234|1234|1234|…  1
 270  norvel        xx..x..x...x...x..x..x..x..x...x/5           |1234|1234|1234|1234|1234|1234|1234|…  0
 271  norvel        x...x....x....x....x....x...x....x....x…     |1234|1234|1234|1234|1234|1234|1234|…  1
 272  norvel        xx...x...x...x...x...xx....x...x/2           |1234|1234|1234|1234|1234|1234|1234|…  0
 273  norvel        xx...x....x....x....x...xx....x...x...x…     |1234|1234|1234|1234|1234|1234|1234|…  0
 274  norvel        x..xx..x...x...x...xx..xx..xx..x/2           |1234|1234|1234|1234|1234|1234|1234|…  1
 275  norvel        x..x...x..xx..xx..x..x...x..x..x/4           |1234|1234|1234|1234|1234|1234|1234|…  0
 276  norvel        x..x..x..x..x..xxx..x...x..x..xx/7           |1234|1234|1234|1234|1234|1234|1234|…  0
 277  norvel        x....x....xx....xx...x...xxx...x...xx..…     |1234|1234|1234|1234|1234|1234|1234|…  0
 278  norvel        x..xx..x..x..xx...x..x..x..x/4               |1234|1234|1234|1234|1234|1234|1234|…  1
 279  norvel        x..x..x...x..x..x..x..x..x..x..x/4           |1234|1234|1234|1234|1234|1234|1234|…  0
 280  norvel        xx....x...x...x...xx....x....x...xx....…     |1234|1234|1234|1234|1234|1234|1234|…  1
 281  norvel        xx..xx...x...x..xx..x...xx..x..x/4           |1234|1234|1234|1234|1234|1234|1234|…  0
 282  norvel        xx...x..x..x..xxx..xxx..x...x..x/5           |1234|1234|1234|1234|1234|1234|1234|…  0
 283  norvel        x..x...x..xxx..xxx...xx..xx...xx...x/6       |1234|1234|1234|1234|1234|1234|1234|…  0
 284  norvel        x..x...x..x..x..x..x..x..x..x..x/6           |1234|1234|1234|1234|1234|1234|1234|…  0
 285  norvel        xx...xxx....x...x...xx...x...xx....x/3       |1234|1234|1234|1234|1234|1234|1234|…  1
 286  norvel        xx....x...x...x...xx...x...x...xx....xx…     |1234|1234|1234|1234|1234|1234|1234|…  0
 287  norvel        x...x...x....xx....xx....x....xx...x...…     |1234|1234|1234|1234|1234|1234|1234|…  0
 288  norvel        xx....xx...x...x...x...x...x...x...x/2       |1234|1234|1234|1234|1234|1234|1234|…  1
 289  norvel        x...xx..x..x..x..xx...x..xx..xxx/4           |1234|1234|1234|1234|1234|1234|1234|…  1
 290  norvel        x...x...x....xx...x...x...x....xx....x.…     |1234|1234|1234|1234|1234|1234|1234|…  1
 291  norvel        xx..xx..x..x...x..x..xx...xx..xx/5           |1234|1234|1234|1234|1234|1234|1234|…  0
 292  norvel        x.....x.....x....xx.....x....x.....xx..…     |1234|1234|1234|1234|1234|1234|1234|…  1
 293  norvel        x....x...xxx...x...x...x...x...x...x...…     |1234|1234|1234|1234|1234|1234|1234|…  0
 294  norvel        x..x...x..x..x..x...x..xx..x/4               |1234|1234|1234|1234|1234|1234|1234|…  1
 295  norvel        xx...x...x..x..x..x..x..x..x..xx...x/4       |1234|1234|1234|1234|1234|1234|1234|…  1
 296  norvel        x....x....x.....x.....x.....x....x....x…     |1234|1234|1234|1234|1234|1234|1234|…  1
 297  norvel        x..x..x...xx..x..x...x..x..x/4               |1234|1234|1234|1234|1234|1234|1234|…  1
 298  norvel        x...x...xx...xx...x...x...x....x/5           |1234|1234|1234|1234|1234|1234|1234|…  1
 299  norvel        x..x...x...x..x..x..x...x..x...x/6           |1234|1234|1234|1234|1234|1234|1234|…  1
 300  norvel        x...x...x....x...x...x...xx...x...xx/3       |1234|1234|1234|1234|1234|1234|1234|…  0
 301  norvel        x...x...xx...x...x....x...x...x....x/3       |1234|1234|1234|1234|1234|1234|1234|…  0
 302  norvel        x...x....x....x....x....xx...x...x....x…     |1234|1234|1234|1234|1234|1234|1234|…  0
 303  norvel        x....xx....x....xxx...xx...xx...xx...xx…     |1234|1234|1234|1234|1234|1234|1234|…  1
 304  norvel        x...x..x..x...x..xx..x..xx...x..x..x/5       |1234|1234|1234|1234|1234|1234|1234|…  0
 305  norvel        x....x.....x.....x....x....x....x.....x…     |1234|1234|1234|1234|1234|1234|1234|…  1
 306  norvel        x..x...x...x..x..x...x...x...x..x..x/6       |1234|1234|1234|1234|1234|1234|1234|…  0
 307  norvel        x....x....x....x....x.....x....x....x..…     |1234|1234|1234|1234|1234|1234|1234|…  0
 308  norvel        x...x....x....x...x...x...x...x....x/2       |1234|1234|1234|1234|1234|1234|1234|…  1
 309  norvel        x...x..x..x...x..xx..x..x...x..x/4           |1234|1234|1234|1234|1234|1234|1234|…  0
 310  norvel        xx..x..x...x...x...xx...x..x..xx/6           |1234|1234|1234|1234|1234|1234|1234|…  0
 311  norvel        xx....x...xxx....x....xx....x...x...xx.…     |1234|1234|1234|1234|1234|1234|1234|…  1
 312  norvel        xx...x....x...x....x...xx...x...x....x.…     |1234|1234|1234|1234|1234|1234|1234|…  1
 313  norvel        x....x....x.....x....x....x....x....xx.…     |1234|1234|1234|1234|1234|1234|1234|…  0
 314  norvel        x....x....x....x.....x....x.....x....x.…     |1234|1234|1234|1234|1234|1234|1234|…  0
 315  norvel        xxx....x....x...x...xx...x...x...xx...x…     |1234|1234|1234|1234|1234|1234|1234|…  0
 316  norvel        x...x..x..x..x...x..x..x...x...x...x/6       |1234|1234|1234|1234|1234|1234|1234|…  0
 317  norvel        x...x..x..x..xx...x..x..x...xx..x..x/4       |1234|1234|1234|1234|1234|1234|1234|…  1
 318  norvel        xx...xx...x....x....xx....x...xx....xx.…     |1234|1234|1234|1234|1234|1234|1234|…  1
 319  norvel        xxx...x....x....xxx....xx...xx...x....x…     |1234|1234|1234|1234|1234|1234|1234|…  0
 320  norvel        xx....xxx....xx....xx....x....xx....x..…     |1234|1234|1234|1234|1234|1234|1234|…  0
 321  norvel        x...x....x...x...x...x...xxx...x...x...…     |1234|1234|1234|1234|1234|1234|1234|…  1
 322  norvel        x...x...x...x....x...x....x...xx...x...…     |1234|1234|1234|1234|1234|1234|1234|…  0
 323  norvel        x...x..x..x..x..x...x..x...x/2               |1234|1234|1234|1234|1234|1234|1234|…  1
 324  norvel        x...x...x...x...x....xx...x....x...x/3       |1234|1234|1234|1234|1234|1234|1234|…  0
 325  norvel        xxx.....x....x....x.....x....x....x....…     |1234|1234|1234|1234|1234|1234|1234|…  0
 326  norvel        xxx..x..x..x..x..x..x..x...x...x/4           |1234|1234|1234|1234|1234|1234|1234|…  0
 327  norvel        x....xx...xx...x....x...xx....x...x....…     |1234|1234|1234|1234|1234|1234|1234|…  1
 328  norvel        x..x..xx..x...x..x..xx..x..xx..x/4           |1234|1234|1234|1234|1234|1234|1234|…  1
 329  norvel        x...x....xx...x....x...x....x....xx...x…     |1234|1234|1234|1234|1234|1234|1234|…  0
 330  norvel        x....x...x....x...x...x...x...x...xx/5       |1234|1234|1234|1234|1234|1234|1234|…  0
 331  norvel        x...x...x....x...x...x....x...x...xx...…     |1234|1234|1234|1234|1234|1234|1234|…  0
 332  norvel        xx..x...xx..x..x..x..x..x..x/4               |1234|1234|1234|1234|1234|1234|1234|…  1
 333  norvel        x....x....xxx.....x.....x.....x.....x..…     |1234|1234|1234|1234|1234|1234|1234|…  1
 334  norvel        x....x....x.....xxx.....xx....x.....x..…     |1234|1234|1234|1234|1234|1234|1234|…  1
 335  norvel        x...x...x...x....x....xx....xx....xx...…     |1234|1234|1234|1234|1234|1234|1234|…  0
 336  norvel        x.....x....x....x.....x....x....x....x.…     |1234|1234|1234|1234|1234|1234|1234|…  1
 337  norvel        x...xxx..x..x..x...xx..x..x...x...xx/6       |1234|1234|1234|1234|1234|1234|1234|…  1
 338  norvel        x..x..x..x..x...x...x..x..xx...x/7           |1234|1234|1234|1234|1234|1234|1234|…  1
 339  norvel        xxx....x...x...x...xx...xx...xx...x...x…     |1234|1234|1234|1234|1234|1234|1234|…  0
 340  norvel        x...x...x...x...x...xx...xx....x/3           |1234|1234|1234|1234|1234|1234|1234|…  1
 341  norvel        x...x..x..x...x..x..x..xx...x..x/4           |1234|1234|1234|1234|1234|1234|1234|…  0
 342  norvel        x..x...x...xx..x..x...x..x...x..x..x/7       |1234|1234|1234|1234|1234|1234|1234|…  1
 343  norvel        x..xxx..xx..x..xxx...x..x..xx..x...x/4       |1234|1234|1234|1234|1234|1234|1234|…  0
 344  norvel        xx...xx....x...xxx...x...x...x...x....x…     |1234|1234|1234|1234|1234|1234|1234|…  1
 345  norvel        x..x..x...x...x...x..x..x...x..x/7           |1234|1234|1234|1234|1234|1234|1234|…  1
 346  norvel        x..xx...x...xx..x..x..x...x...xx/2           |1234|1234|1234|1234|1234|1234|1234|…  1
 347  norvel        x...x...x..x...x...x...x...x/2               |1234|1234|1234|1234|1234|1234|1234|…  0
 348  norvel        x....x....x....x....xx.....x....x....xx…     |1234|1234|1234|1234|1234|1234|1234|…  1
 349  norvel        x..x..xx..xx...xxx..xx..x..x...x..xx/6       |1234|1234|1234|1234|1234|1234|1234|…  1
 350  norvel        x...xx..xx..x..x..x...x..x..xxx...xx...…     |1234|1234|1234|1234|1234|1234|1234|…  1
 351  norvel        xx..x..x..x..xx...x..x..x...x..xx..x/4       |1234|1234|1234|1234|1234|1234|1234|…  1
 352  norvel        x....x....xx....x...xx....x....x...x...…     |1234|1234|1234|1234|1234|1234|1234|…  1
 353  norvel        xx..xx..xxx..x..xx...x..xxx..x..x..x/4       |1234|1234|1234|1234|1234|1234|1234|…  1
 354  norvel        x..x..x...xx..x..x..xxx..x..x..x/5           |1234|1234|1234|1234|1234|1234|1234|…  0
 355  norvel        xx...xxx....x....x...x....x...xx....xxx…     |1234|1234|1234|1234|1234|1234|1234|…  0
 356  norvel        x....x...x....x...x....xx....xx...x...x…     |1234|1234|1234|1234|1234|1234|1234|…  1
 357  norvel        x....x....xx....x...xxx...x...x....x/5       |1234|1234|1234|1234|1234|1234|1234|…  1
 358  norvel        x...x...x....x...xx...x...xx...x/2           |1234|1234|1234|1234|1234|1234|1234|…  0
 359  norvel        xx..x..xx...x..x..x..xxx..x..xx..xxx/7       |1234|1234|1234|1234|1234|1234|1234|…  0
 360  norvel        x....x.....x....xx.....x.....x....x....…     |1234|1234|1234|1234|1234|1234|1234|…  1
 361  norvel        x....x...x....x...xx...x...x...x...x...…     |1234|1234|1234|1234|1234|1234|1234|…  0
 362  norvel        x...x....xx...xxx....xx....x....x...xx.…     |1234|1234|1234|1234|1234|1234|1234|…  1
 363  norvel        x...xx...x...x...x....x....x...x....x..…     |1234|1234|1234|1234|1234|1234|1234|…  1
 364  norvel        x...x....xx...x...xx....xx....x....x/2       |1234|1234|1234|1234|1234|1234|1234|…  0
 365  norvel        x..x..xx...x..xx..xx..x..xxx..x...xxx..…     |1234|1234|1234|1234|1234|1234|1234|…  1
 366  norvel        x...x...x...x....x...x...xx...xx...x...…     |1234|1234|1234|1234|1234|1234|1234|…  0
 367  norvel        x....x....x....x....xx.....x.....x....x…     |1234|1234|1234|1234|1234|1234|1234|…  1
 368  norvel        xx...x...x...x....x...x...x...x....x...…     |1234|1234|1234|1234|1234|1234|1234|…  0
 369  norvel        xx...x...x...x...x...xx...x...x....x...…     |1234|1234|1234|1234|1234|1234|1234|…  0
 370  norvel        x....x...x...x....x...xx...x...xxx....x…     |1234|1234|1234|1234|1234|1234|1234|…  1
 371  norvel        x.....x.....x....x.....x....x....x....x…     |1234|1234|1234|1234|1234|1234|1234|…  1
 372  norvel        x..x..x..xx..x..x...xx...x..x..x...x/6       |1234|1234|1234|1234|1234|1234|1234|…  0
 373  norvel        x..x...x..x...x..x...x..x...x..x...x/7       |1234|1234|1234|1234|1234|1234|1234|…  1
 374  norvel        x...xx..xxx..xx...x...xx..x..x...x..x..…     |1234|1234|1234|1234|1234|1234|1234|…  1
 375  norvel        x...x..x..x..x...x...x..x..x/4               |1234|1234|1234|1234|1234|1234|1234|…  0
 376  norvel        x...xx....x...x...x....x....x....x....x…     |1234|1234|1234|1234|1234|1234|1234|…  0
 377  norvel        x...xx...x...x...x...x...x....x....x...…     |1234|1234|1234|1234|1234|1234|1234|…  0
 378  norvel        x..x..x...x..xx..x..x..xx..xx..x...x/5       |1234|1234|1234|1234|1234|1234|1234|…  0
 379  norvel        xx....x.....x....xx....xxx.....x....x..…     |1234|1234|1234|1234|1234|1234|1234|…  0
 380  norvel        x..xx..x...xxx..xxx..x...x..x..x/5           |1234|1234|1234|1234|1234|1234|1234|…  0
 381  norvel        x....x....x...x...x....x...x...x...x...…     |1234|1234|1234|1234|1234|1234|1234|…  1
 382  norvel        x...xx..x..x..x..x...x..x...x..x..xx/6       |1234|1234|1234|1234|1234|1234|1234|…  0
 383  norvel        xx....x.....x....x....x....x....x....x.…     |1234|1234|1234|1234|1234|1234|1234|…  0
 384  norvel        x...x...x...x...x...xx...x...xx...x....…     |1234|1234|1234|1234|1234|1234|1234|…  0
 385  norvel        x....x...x...x....x...x....x...x...x/2       |1234|1234|1234|1234|1234|1234|1234|…  1
 386  norvel        x...x..x..x..x...x...x..x..x/2               |1234|1234|1234|1234|1234|1234|1234|…  1
 387  norvel        x....x....xx....x....xx...x...xx...x...…     |1234|1234|1234|1234|1234|1234|1234|…  1
 388  norvel        x...xx...x...xx...x...x...x...x....x/3       |1234|1234|1234|1234|1234|1234|1234|…  0
 389  norvel        x...x..xx..x...x..x...xx..x..x..x..x/5       |1234|1234|1234|1234|1234|1234|1234|…  0
 390  norvel        xx....x...x...x...xx....x...x...xx...xx…     |1234|1234|1234|1234|1234|1234|1234|…  0
 391  norvel        x....x...x....xx...x...x...x...x...x/5       |1234|1234|1234|1234|1234|1234|1234|…  0
 392  norvel        xx..xx...xxx..x...x..xxx..xx...x/5           |1234|1234|1234|1234|1234|1234|1234|…  1
 393  norvel        x....x....x.....x....x....x.....x....x.…     |1234|1234|1234|1234|1234|1234|1234|…  1
 394  norvel        x....xx....xxx....xx...xx....x...x...xx…     |1234|1234|1234|1234|1234|1234|1234|…  1
 395  norvel        x...x....x...x....x...x....x...x...x...…     |1234|1234|1234|1234|1234|1234|1234|…  1
 396  norvel        x...x....xx...xx....xx...x....x...xx/2       |1234|1234|1234|1234|1234|1234|1234|…  0
 397  norvel        xxx...x...x...xx...x...x...xxx....x...x…     |1234|1234|1234|1234|1234|1234|1234|…  0
 398  norvel        x..xx..xx..x..x...x..x..x...x..x...x/5       |1234|1234|1234|1234|1234|1234|1234|…  0
 399  norvel        x....x....x....x....x....x.....x.....x.…     |1234|1234|1234|1234|1234|1234|1234|…  0
 400  norvel        x...x..x..x..xx..xxx...xx..x..x...xx/7       |1234|1234|1234|1234|1234|1234|1234|…  1
 401  norvel        x....x....x....x....x....x.....x....x..…     |1234|1234|1234|1234|1234|1234|1234|…  0
 402  norvel        x.....x....x.....x....x....x....x....x.…     |1234|1234|1234|1234|1234|1234|1234|…  0
 403  norvel        xx....x...xxx....xx...xx....xx...xx....…     |1234|1234|1234|1234|1234|1234|1234|…  0
 404  norvel        x...x....xx...x...x...xx...xxx...x....x…     |1234|1234|1234|1234|1234|1234|1234|…  0
 405  norvel        x....x....x....x...xxx....xx...x...x/5       |1234|1234|1234|1234|1234|1234|1234|…  1
 406  norvel        x..x...xx..xxx...x...xxx..x..x...xx...x…     |1234|1234|1234|1234|1234|1234|1234|…  0
 407  norvel        xx...x...x...xx...x...x...x....x...x...…     |1234|1234|1234|1234|1234|1234|1234|…  0
 408  norvel        x...x...x...x...xx....x...x...x...xx/2       |1234|1234|1234|1234|1234|1234|1234|…  1
 409  norvel        x....xx....xx...x....x....x....x...x/3       |1234|1234|1234|1234|1234|1234|1234|…  1
 410  norvel        xxx...xx...xx....xxx...x...x...x...x...…     |1234|1234|1234|1234|1234|1234|1234|…  1
 411  norvel        x..x...x...x..x..x...x..x...x...x..x/4       |1234|1234|1234|1234|1234|1234|1234|…  1
 412  norvel        x...x....x....x....xxx....xx...xx...xxx…     |1234|1234|1234|1234|1234|1234|1234|…  0
 413  norvel        xx..xx..x..xxx..xx..x..x..x...xx/2           |1234|1234|1234|1234|1234|1234|1234|…  1
 414  norvel        x....x....x....xx....x....x.....x....x.…     |1234|1234|1234|1234|1234|1234|1234|…  0
 415  norvel        xx...xx..xx..x..xx..x..x..xx/2               |1234|1234|1234|1234|1234|1234|1234|…  0
 416  norvel        x..xx..x..xx...xx..xxx...x..xx..xx..x..…     |1234|1234|1234|1234|1234|1234|1234|…  1
 417  norvel        x...x..x..x..x..x...xx..xx..x..x/6           |1234|1234|1234|1234|1234|1234|1234|…  1
 418  norvel        x...x...xx...x...x...x...x...xx....x/2       |1234|1234|1234|1234|1234|1234|1234|…  1
 419  norvel        x...x...x..xx..x..x..xx..x...x..x..x/8       |1234|1234|1234|1234|1234|1234|1234|…  1
 420  norvel        x...xx...x...xx....x...x...x...x...x...…     |1234|1234|1234|1234|1234|1234|1234|…  0
 421  norvel        xx...xx....xxx....x....xx....x...xxx...…     |1234|1234|1234|1234|1234|1234|1234|…  0
 422  norvel        xx...x....x...x...x...x....x...x/3           |1234|1234|1234|1234|1234|1234|1234|…  1
 423  norvel        xx...x...x...x....x...x...xxx...xx...xx…     |1234|1234|1234|1234|1234|1234|1234|…  0
 424  norvel        x...xx...x....x...x...x...x....xx....xx…     |1234|1234|1234|1234|1234|1234|1234|…  0
 425  norvel        xx...x..xx...x...x..x..x...x...x/4           |1234|1234|1234|1234|1234|1234|1234|…  1
 426  norvel        x...x...x....x....x...x...x....x...x...…     |1234|1234|1234|1234|1234|1234|1234|…  1
 427  norvel        x..x..x..x..x..x..x..x...x..x..x/4           |1234|1234|1234|1234|1234|1234|1234|…  0
 428  norvel        x..x..xx..x..xx...xx..xx..xx..x..xx...x…     |1234|1234|1234|1234|1234|1234|1234|…  0
 429  norvel        x...x...x...x....x...x....x...x....x/2       |1234|1234|1234|1234|1234|1234|1234|…  1
 430  norvel        x..x..x..xx...xx..x..x..x..x...x..xx/5       |1234|1234|1234|1234|1234|1234|1234|…  0
 431  norvel        x....x...x....x...x...x...x...x....x...…     |1234|1234|1234|1234|1234|1234|1234|…  1
 432  norvel        x...x...x....x...x....x...x...x...xx...…     |1234|1234|1234|1234|1234|1234|1234|…  0
 433  norvel        x..x..x..x...x...x..x..x...x..xx/4           |1234|1234|1234|1234|1234|1234|1234|…  0
 434  norvel        xx..x...x..xx..x..x...x..xx..x..x..x/4       |1234|1234|1234|1234|1234|1234|1234|…  1
 435  norvel        x....x...x....x...x...xx....xx....x...x…     |1234|1234|1234|1234|1234|1234|1234|…  1
 436  norvel        x...xx...x...x...xx...x....x...xxx....x…     |1234|1234|1234|1234|1234|1234|1234|…  0
 437  norvel        x....x.....x....x....x.....x....x....x.…     |1234|1234|1234|1234|1234|1234|1234|…  1
 438  norvel        xx....x....x...x....x....x....x...x...x…     |1234|1234|1234|1234|1234|1234|1234|…  0
 439  norvel        x..x...x..x..xx..x..x..x...x...x...x/5       |1234|1234|1234|1234|1234|1234|1234|…  0
 440  norvel        x...xx..x..x..x..x...x..x...x..x...x/5       |1234|1234|1234|1234|1234|1234|1234|…  0
 441  norvel        x....x....x....x....x....x....xx....x..…     |1234|1234|1234|1234|1234|1234|1234|…  1
 442  norvel        xx..x...xx..x..x..x..x..x...xx..x..x/7       |1234|1234|1234|1234|1234|1234|1234|…  0
 443  norvel        xx...x....x...xx...xx...x...xxx....x...…     |1234|1234|1234|1234|1234|1234|1234|…  0
 444  norvel        x....x...x...xx....x...x...xx....x....x…     |1234|1234|1234|1234|1234|1234|1234|…  0
 445  norvel        x..x..x...x..xx..x..xx..xxx...xx..xx...…     |1234|1234|1234|1234|1234|1234|1234|…  0
 446  norvel        x..x..xx...x...xx...xx..x..xx..xx..x..x…     |1234|1234|1234|1234|1234|1234|1234|…  1
 447  norvel        x....x....xxx...x....x....x...x...x...x…     |1234|1234|1234|1234|1234|1234|1234|…  0
 448  norvel        x....x....x....x...xx....x...x...xx...x…     |1234|1234|1234|1234|1234|1234|1234|…  0
 449  norvel        xx...xx....x....xx...xx....xx...xx...x.…     |1234|1234|1234|1234|1234|1234|1234|…  0
 450  norvel        x...x..xxx...xx..x...xx...xx..x..xxx/5       |1234|1234|1234|1234|1234|1234|1234|…  0
 451  norvel        xx..x..x...x...x..x..x...x..x..x/5           |1234|1234|1234|1234|1234|1234|1234|…  0
 452  norvel        x.....x....x....x....x....x....x.....x.…     |1234|1234|1234|1234|1234|1234|1234|…  0
 453  norvel        x...x..x...x..x...x..x..x...x...x..x/6       |1234|1234|1234|1234|1234|1234|1234|…  0
 454  norvel        x...x....x...x....x...x...x....x...x/2       |1234|1234|1234|1234|1234|1234|1234|…  1
 455  norvel        x....x....x...x....x...xx...x...x....xx…     |1234|1234|1234|1234|1234|1234|1234|…  1
 456  norvel        x...xx...x...xxx....xx....xx...x...x...…     |1234|1234|1234|1234|1234|1234|1234|…  0
 457  norvel        x....x....x...x...x...x...x...x....x...…     |1234|1234|1234|1234|1234|1234|1234|…  1
 458  norvel        x....xxx....xx....x...x...x....x...x...…     |1234|1234|1234|1234|1234|1234|1234|…  0
 459  norvel        x....x....x....x...x....x....xxx...x/3       |1234|1234|1234|1234|1234|1234|1234|…  1
 460  norvel        x...x...x...x....x....xx...x...x...x...…     |1234|1234|1234|1234|1234|1234|1234|…  0
 461  norvel        xxx...xx..x...x..x...x..x..x/2               |1234|1234|1234|1234|1234|1234|1234|…  0
 462  norvel        x...xxx...x..xx...xxx..x..x..xxx...x...…     |1234|1234|1234|1234|1234|1234|1234|…  0
 463  norvel        x...x...xx....x...x...x...x....x...x/3       |1234|1234|1234|1234|1234|1234|1234|…  0
 464  norvel        xx...xxx...xx..xx..xx...x..x...x..x...x…     |1234|1234|1234|1234|1234|1234|1234|…  0
 465  norvel        x..x...x...x..x...x..x..x..x...x...x/6       |1234|1234|1234|1234|1234|1234|1234|…  0
 466  norvel        x...xx...xx...x...x...x....x....xxx...x…     |1234|1234|1234|1234|1234|1234|1234|…  1
 467  norvel        x..x..x..x..x..x..x..x..x...x..x/5           |1234|1234|1234|1234|1234|1234|1234|…  0
 468  norvel        x..xx...x..xx..xx..x..xx..xx/5               |1234|1234|1234|1234|1234|1234|1234|…  1
 469  norvel        x..xxx...x..xx..x..x..x..x..x..x/7           |1234|1234|1234|1234|1234|1234|1234|…  0
 470  norvel        x..x..x..x...x..xx...x..x..x...x/5           |1234|1234|1234|1234|1234|1234|1234|…  0
 471  norvel        x...xx...x...x...x...x...x...x...xx....…     |1234|1234|1234|1234|1234|1234|1234|…  0
 472  norvel        x...x...x...x....x...x...x...x...x....x…     |1234|1234|1234|1234|1234|1234|1234|…  0
 473  norvel        x....x....xx.....x.....x....x.....xx...…     |1234|1234|1234|1234|1234|1234|1234|…  0
 474  norvel        xx...xx...x...x...x....xxx....xx...x...…     |1234|1234|1234|1234|1234|1234|1234|…  0
 475  norvel        x..x..xx..x..x..x...x..x..xx/2               |1234|1234|1234|1234|1234|1234|1234|…  1
 476  norvel        x..x..xx...x...x..x..x..x...x..x...x/7       |1234|1234|1234|1234|1234|1234|1234|…  1
 477  norvel        xx...x...xx...x...x....x....x....xx...x…     |1234|1234|1234|1234|1234|1234|1234|…  1
 478  norvel        x..x..x...xx..x..xx..x..x..x/5               |1234|1234|1234|1234|1234|1234|1234|…  0
 479  norvel        x...x...xx....x...xx....x....xx....x...…     |1234|1234|1234|1234|1234|1234|1234|…  0
 480  norvel        x...x...xx...x...x...x...x..xx..x..xx..…     |1234|1234|1234|1234|1234|1234|1234|…  1
 481  norvel        x...x...x..xx..x...x...x..x...xx/2           |1234|1234|1234|1234|1234|1234|1234|…  1
 482  norvel        x..xx..x..x..x..x..xx..x..xx...x/7           |1234|1234|1234|1234|1234|1234|1234|…  0
 483  norvel        xx...x...xx...x...xx...x....x...xx...x.…     |1234|1234|1234|1234|1234|1234|1234|…  0
 484  norvel        xx....x....x...x....x...x...x....x....x…     |1234|1234|1234|1234|1234|1234|1234|…  1
 485  norvel        xx...xxx...x...x....x...xx...xx...x...x…     |1234|1234|1234|1234|1234|1234|1234|…  0
 486  norvel        xx....xx.....x....x....x....x....x....x…     |1234|1234|1234|1234|1234|1234|1234|…  1
 487  norvel        x....x...xx...x...x...x...x...x....x...…     |1234|1234|1234|1234|1234|1234|1234|…  0
 488  norvel        xx..x...xxx..x..xx..x..xx..x/2               |1234|1234|1234|1234|1234|1234|1234|…  0
 489  norvel        x....x...x...x....x...x...x....x...x...…     |1234|1234|1234|1234|1234|1234|1234|…  0
 490  norvel        xx..xx..xx..x..x...x..xx..xx/5               |1234|1234|1234|1234|1234|1234|1234|…  1
 491  norvel        x..xxx...x...x..xx...x...x..x..x/5           |1234|1234|1234|1234|1234|1234|1234|…  0
 492  norvel        x....x.....x.....xx....x....x....x.....…     |1234|1234|1234|1234|1234|1234|1234|…  1
 493  norvel        x...x...x...x....x...x....x....x...x...…     |1234|1234|1234|1234|1234|1234|1234|…  0
 494  norvel        xx.....x....xx....x....x....x....x.....…     |1234|1234|1234|1234|1234|1234|1234|…  1
 495  norvel        x....x...x...x...x...xx...xx...x...x...…     |1234|1234|1234|1234|1234|1234|1234|…  0
 496  norvel        x....x....xxx...x....x...x....x...x....…     |1234|1234|1234|1234|1234|1234|1234|…  1
 497  norvel        x....xx....x....x....x.....x....x....x.…     |1234|1234|1234|1234|1234|1234|1234|…  0
 498  norvel        x...xx...xx....x...xxx...x...x....x...x…     |1234|1234|1234|1234|1234|1234|1234|…  0
 499  norvel        x...x..x..x..x..x...x...x..x/2               |1234|1234|1234|1234|1234|1234|1234|…  1
 500  norvel        x..x..xx..xx..x...xx...x..x..x..x..x/4       |1234|1234|1234|1234|1234|1234|1234|…  1
 501  norvel        xx..x...xx..x..xx..x..x..xxx..xx/6           |1234|1234|1234|1234|1234|1234|1234|…  1
 502  norvel        xx..x..xx..x...x..xx..x..xxx..xx..xx/4       |1234|1234|1234|1234|1234|1234|1234|…  1
 503  norvel        x....x...x...x....x...x....x...x...x...…     |1234|1234|1234|1234|1234|1234|1234|…  0
 504  norvel        x....x...x...x...x...x...x...x...x...x.…     |1234|1234|1234|1234|1234|1234|1234|…  0
 505  norvel        x...xx...x...x....x...xx...x...x...x/2       |1234|1234|1234|1234|1234|1234|1234|…  1
 506  norvel        x...x...x..xx..x...x..x...x..x..x..x/5       |1234|1234|1234|1234|1234|1234|1234|…  0
 507  norvel        x..x..x..x..x..x..x...x..x..x..x/4           |1234|1234|1234|1234|1234|1234|1234|…  0
 508  norvel        x..x..xx..xx..x..x...xxx..xx..xx/4           |1234|1234|1234|1234|1234|1234|1234|…  1
 509  norvel        x....xxx....xx...x...x...xx...xx...x/3       |1234|1234|1234|1234|1234|1234|1234|…  1
 510  norvel        x...x...x....x....x...x...x...x...x....…     |1234|1234|1234|1234|1234|1234|1234|…  1
 511  norvel        xx...x....x....x...x...xx....xx...x....…     |1234|1234|1234|1234|1234|1234|1234|…  0
 512  norvel        xx..x..x..x...x...x..x..x..x/4               |1234|1234|1234|1234|1234|1234|1234|…  1
 513  norvel        xx..x..xxx...x...x..x...x..x...x/2           |1234|1234|1234|1234|1234|1234|1234|…  1
 514  norvel        x...x..x..x..x..x..x...xx..x...x/5           |1234|1234|1234|1234|1234|1234|1234|…  0
 515  norvel        x...x...xx...x...x...x....x...x...x....…     |1234|1234|1234|1234|1234|1234|1234|…  0
 516  norvel        x...x..x..x...x..x...x..x..x/6               |1234|1234|1234|1234|1234|1234|1234|…  1
 517  norvel        x...x...xx....x....xx...x...xx...x...x.…     |1234|1234|1234|1234|1234|1234|1234|…  1
 518  norvel        x..xx...xx..xxx...x..xx...x..xxx/5           |1234|1234|1234|1234|1234|1234|1234|…  1
 519  norvel        x...x...x...x....x...x....x...x....x/2       |1234|1234|1234|1234|1234|1234|1234|…  1
 520  norvel        x....xx....xxx....xx....xxx.....x....x.…     |1234|1234|1234|1234|1234|1234|1234|…  1
 521  norvel        x..x..x..x...x...x..x...x..x...x/7           |1234|1234|1234|1234|1234|1234|1234|…  1
 522  norvel        x...x....x...x....x...x...xx....x....x.…     |1234|1234|1234|1234|1234|1234|1234|…  0
 523  norvel        x...x....xx...x...x...x...x...x....x/5       |1234|1234|1234|1234|1234|1234|1234|…  0
 524  norvel        xx...x....xx...x...x....xx...x....x....…     |1234|1234|1234|1234|1234|1234|1234|…  0
 525  norvel        x...x...x..xx..xx..x..xx...x...x/2           |1234|1234|1234|1234|1234|1234|1234|…  1
 526  norvel        x....x...x...x...x...xx...x...x...x...x…     |1234|1234|1234|1234|1234|1234|1234|…  1
 527  norvel        x...xx....xxx...xxx...x...x...x....x...…     |1234|1234|1234|1234|1234|1234|1234|…  0
 528  norvel        x.....xxx.....xx....x.....x.....x....x.…     |1234|1234|1234|1234|1234|1234|1234|…  0
 529  norvel        xxx..xxx...x...x..x..x...x..x..x/6           |1234|1234|1234|1234|1234|1234|1234|…  1
 530  norvel        xx....x...x...x...xx...x...x...x/3           |1234|1234|1234|1234|1234|1234|1234|…  1
 531  norvel        xx..x..x...x..x..x...x..x..xx...x..x/8       |1234|1234|1234|1234|1234|1234|1234|…  1
 532  norvel        x...xx..xxx...xx...xx...x..xx..x/2           |1234|1234|1234|1234|1234|1234|1234|…  1
 533  norvel        x...x....x....xx....x...xx....xx...xx..…     |1234|1234|1234|1234|1234|1234|1234|…  0
 534  norvel        xx..x..xx..x...x...xxx..x...xxx..x..x..…     |1234|1234|1234|1234|1234|1234|1234|…  1
 535  norvel        x....x...x...x...x....x...x....x...x...…     |1234|1234|1234|1234|1234|1234|1234|…  1
 536  norvel        x....x....x....x.....x.....x....x.....x…     |1234|1234|1234|1234|1234|1234|1234|…  1
 537  norvel        x....x.....xx....x.....xx.....x....x...…     |1234|1234|1234|1234|1234|1234|1234|…  0
 538  norvel        x..xx..x...xx...x..x...xx...x..x...x/6       |1234|1234|1234|1234|1234|1234|1234|…  0
 539  norvel        x..xx..x...x..x..x..xx...xxx...x/4           |1234|1234|1234|1234|1234|1234|1234|…  0
 540  norvel        x....x...x....x....x....x....x....x...x…     |1234|1234|1234|1234|1234|1234|1234|…  0
 541  norvel        x..x..x..x..x..x..x...x..x..x..x/4           |1234|1234|1234|1234|1234|1234|1234|…  0
 542  norvel        x...x...x....xx...x....x...x...x....x..…     |1234|1234|1234|1234|1234|1234|1234|…  1
 543  norvel        x....x...xx....x...x...x...x...x...x...…     |1234|1234|1234|1234|1234|1234|1234|…  0
 544  norvel        x..x...xxx..xx..x..x...x...xx..x/2           |1234|1234|1234|1234|1234|1234|1234|…  1
 545  norvel        x..x..x..x...x..x..x...x..x...xx/4           |1234|1234|1234|1234|1234|1234|1234|…  0
 546  norvel        xx...xx..x..x..x..x...x...x...xx/2           |1234|1234|1234|1234|1234|1234|1234|…  1
 547  norvel        xx..x...x...x...x...x..xx..x...x...x...…     |1234|1234|1234|1234|1234|1234|1234|…  0
 548  norvel        xx...x...xx...x...x....x...x...x/5           |1234|1234|1234|1234|1234|1234|1234|…  1
 549  norvel        x....x....xx....x....xx...xx...x...x...…     |1234|1234|1234|1234|1234|1234|1234|…  0
 550  norvel        xxx...x..x..x...x..x..x..x..x...x..x/8       |1234|1234|1234|1234|1234|1234|1234|…  1
 551  norvel        x...xxx...xx...x...xxx....x...x...xx/3       |1234|1234|1234|1234|1234|1234|1234|…  1
 552  norvel        x..x..x...x..x...x...x..x...x..x...x/8       |1234|1234|1234|1234|1234|1234|1234|…  1
 553  norvel        x...x..x..xx...x..x..x..x...x..x...x/8       |1234|1234|1234|1234|1234|1234|1234|…  1
 554  norvel        x...x....x...xx...x...x...x...x....x...…     |1234|1234|1234|1234|1234|1234|1234|…  1
 555  norvel        x...x....x...x...x....x...x...x....x/2       |1234|1234|1234|1234|1234|1234|1234|…  1
 556  norvel        xx..xxx..xx...x..xx..x...x..x..x/4           |1234|1234|1234|1234|1234|1234|1234|…  1
 557  norvel        x...xxx...xx...x....xxx....x...xxx....x…     |1234|1234|1234|1234|1234|1234|1234|…  0
 558  norvel        x..xxx...xx...x..x..x..xx...xxx..x..x..…     |1234|1234|1234|1234|1234|1234|1234|…  1
 559  norvel        xx...xx...xx...x...x....x...xx...x...xx…     |1234|1234|1234|1234|1234|1234|1234|…  0
 560  norvel        x..x...x..x..x..xx..xx..x...x..x/6           |1234|1234|1234|1234|1234|1234|1234|…  1
 561  norvel        xxx...xx..xx..xx..xx..x..x..x..x..xx/5       |1234|1234|1234|1234|1234|1234|1234|…  0
 562  norvel        x..x..x..x..x..xx...x..x...x/5               |1234|1234|1234|1234|1234|1234|1234|…  0
 563  norvel        x...xxx....x....x...x....x...x...xx...x…     |1234|1234|1234|1234|1234|1234|1234|…  1
 564  norvel        x...x..x..x..x..x..x...x...x..xxx..x/6       |1234|1234|1234|1234|1234|1234|1234|…  0
 565  norvel        x...x...x....xx...x...x...x...x...x...x…     |1234|1234|1234|1234|1234|1234|1234|…  0
 566  norvel        x.....x....x....x....x....x....x....x..…     |1234|1234|1234|1234|1234|1234|1234|…  0
 567  norvel        x...xxx..x...x..x...x..xx..x..xxx..x/5       |1234|1234|1234|1234|1234|1234|1234|…  0
 568  norvel        x....x....x....x....xx....x.....xx....x…     |1234|1234|1234|1234|1234|1234|1234|…  1
 569  norvel        x....x...xx...x...xx...x...x...x...x/2       |1234|1234|1234|1234|1234|1234|1234|…  1
 570  norvel        xx..x..x..x...x..xx..x..x..x/6               |1234|1234|1234|1234|1234|1234|1234|…  1
 571  norvel        x..x..xxx..x...xx...x..x...x/5               |1234|1234|1234|1234|1234|1234|1234|…  1
 572  norvel        x...xxx...x...xx....x...x...xx...xxx/5       |1234|1234|1234|1234|1234|1234|1234|…  1
 573  norvel        x....x....x....x....xx.....x....x....x.…     |1234|1234|1234|1234|1234|1234|1234|…  0
 574  norvel        xx...x..x..xx..xx..xx..x..xx..x...x...x…     |1234|1234|1234|1234|1234|1234|1234|…  1
 575  norvel        x....x....x...xx....x....xx...x...x...x…     |1234|1234|1234|1234|1234|1234|1234|…  0
 576  norvel        x..x..xx..xxx..xx...x..x..x..xxx/6           |1234|1234|1234|1234|1234|1234|1234|…  1
 577  norvel        x...x...xx..xx..x...xx..x...x..x/6           |1234|1234|1234|1234|1234|1234|1234|…  0
 578  norvel        x....xx....x...x...xx....xx....x...x...…     |1234|1234|1234|1234|1234|1234|1234|…  0
 579  norvel        x...x....xx...x....x....x....x....x...x…     |1234|1234|1234|1234|1234|1234|1234|…  0
 580  norvel        x....x....x....x....x....x...x...x...x.…     |1234|1234|1234|1234|1234|1234|1234|…  1
 581  norvel        xx..xx..xxx...x..x..x..x..xxx..x/5           |1234|1234|1234|1234|1234|1234|1234|…  0
 582  norvel        x..x..x...x..x..x...x...x...x..x/7           |1234|1234|1234|1234|1234|1234|1234|…  1
 583  norvel        x....xx....x...xx....xx...xx...xx...x..…     |1234|1234|1234|1234|1234|1234|1234|…  0
 584  norvel        x...x...x...x..x..x..x...x..x..x...x/4       |1234|1234|1234|1234|1234|1234|1234|…  1
 585  norvel        x...x...x...xx...xx...xxx...x....xxx...…     |1234|1234|1234|1234|1234|1234|1234|…  0
 586  norvel        xx....x.....x.....x.....x....x....x....…     |1234|1234|1234|1234|1234|1234|1234|…  0
 587  norvel        x...x...x...x...x....x...x...x...xx...x…     |1234|1234|1234|1234|1234|1234|1234|…  0
 588  norvel        x....xx.....x....x.....x....x....xx....…     |1234|1234|1234|1234|1234|1234|1234|…  1
 589  norvel        x...x...xx...xxx...x...x...x...xxx...x.…     |1234|1234|1234|1234|1234|1234|1234|…  1
 590  norvel        xx...x...x...x...x....x...x...x...x...x…     |1234|1234|1234|1234|1234|1234|1234|…  0
 591  norvel        x...x..x..xxx...x..x...x..xx..xx/2           |1234|1234|1234|1234|1234|1234|1234|…  1
 592  norvel        xx....x....x....x.....x....x....x....x.…     |1234|1234|1234|1234|1234|1234|1234|…  0
 593  norvel        x..x..xx..xx..x...xx..xxx..x..xx..xx...…     |1234|1234|1234|1234|1234|1234|1234|…  1
 594  norvel        x....x.....x....x....x....xx....x....x.…     |1234|1234|1234|1234|1234|1234|1234|…  0
 595  norvel        x.....x....x....x.....x....x....x.....x…     |1234|1234|1234|1234|1234|1234|1234|…  1
 596  norvel        xx...x...x...xx....x...x...x...x/3           |1234|1234|1234|1234|1234|1234|1234|…  1
 597  norvel        x....x...x....xx...x...x...x...x...x...…     |1234|1234|1234|1234|1234|1234|1234|…  0
 598  norvel        x..x...xx..x...x..x...x..x..x..x...x/7       |1234|1234|1234|1234|1234|1234|1234|…  1
 599  norvel        x....xx....x....xx....x....x....x....xx…     |1234|1234|1234|1234|1234|1234|1234|…  0
 600  norvel        x..x..xx..xx..x..xx..xx..x...x..x..x/6       |1234|1234|1234|1234|1234|1234|1234|…  0
 601  norvel        x...x...x....x...x...x...x...xx....x...…     |1234|1234|1234|1234|1234|1234|1234|…  0
 602  norvel        x..xxx..x...x...xx..x...x..xx..x/6           |1234|1234|1234|1234|1234|1234|1234|…  1
 603  norvel        xx...x..xx...x..x...x..xx..x...x/2           |1234|1234|1234|1234|1234|1234|1234|…  1
 604  norvel        x....x...x...x...x....x...x...x...x...x…     |1234|1234|1234|1234|1234|1234|1234|…  0
 605  norvel        xx....x....x....x....x...xx...x...x....…     |1234|1234|1234|1234|1234|1234|1234|…  1
 606  norvel        xx...x....xx...xx....xx...xx...xx....xx…     |1234|1234|1234|1234|1234|1234|1234|…  1
 607  norvel        xx..x...x..xx..xxx..x...x...x..x/6           |1234|1234|1234|1234|1234|1234|1234|…  1
 608  norvel        x....x...x...x...x...x...x....x...xx/3       |1234|1234|1234|1234|1234|1234|1234|…  0
 609  norvel        x..x..x...x..x..xxx..x..x..x/2               |1234|1234|1234|1234|1234|1234|1234|…  1
 610  norvel        x...x..x...x...x..x..xx..xx...xx/2           |1234|1234|1234|1234|1234|1234|1234|…  1
 611  norvel        x...xx...x...x...x....x...x...x...x...x…     |1234|1234|1234|1234|1234|1234|1234|…  0
 612  norvel        x...x...xx...xx....x...x...x...x/5           |1234|1234|1234|1234|1234|1234|1234|…  1
 613  norvel        x...x...xx....x....x....x...xx....x...x…     |1234|1234|1234|1234|1234|1234|1234|…  0
 614  norvel        x.....x.....xxx.....x.....x....xx....x.…     |1234|1234|1234|1234|1234|1234|1234|…  0
 615  norvel        x....x.....x....xx....x....xx.....xx...…     |1234|1234|1234|1234|1234|1234|1234|…  1
 616  norvel        xx..xx..x..x..x..x..x...xx..x..x...x/5       |1234|1234|1234|1234|1234|1234|1234|…  0
 617  norvel        x.....x....x....x....x....x....x.....xx…     |1234|1234|1234|1234|1234|1234|1234|…  1
 618  norvel        x...x...x...x...xx....x...x...xx...x/2       |1234|1234|1234|1234|1234|1234|1234|…  1
 619  norvel        x....x.....x.....xxx.....x.....x.....x.…     |1234|1234|1234|1234|1234|1234|1234|…  1
 620  norvel        x....xxx....xx....xx....x....xx....xx..…     |1234|1234|1234|1234|1234|1234|1234|…  1
 621  norvel        xx.....xx....x....x....xx....x....x....…     |1234|1234|1234|1234|1234|1234|1234|…  0
 622  norvel        xx..x..x..xx..x...x..xx...x..x..x..x/7       |1234|1234|1234|1234|1234|1234|1234|…  0
 623  norvel        x...xxx...xx....xx...x....xx...x....x..…     |1234|1234|1234|1234|1234|1234|1234|…  0
 624  norvel        xx...xx...x....xx...x...xx...xx...x...x…     |1234|1234|1234|1234|1234|1234|1234|…  0
 625  norvel        xx...xx..x..x..x...xx..x..xx...x/6           |1234|1234|1234|1234|1234|1234|1234|…  1
 626  norvel        x..xx...xxx..xx..x..x..xxx..xx...x..x..…     |1234|1234|1234|1234|1234|1234|1234|…  1
 627  norvel        x....x.....xxx....x.....xx....x....x...…     |1234|1234|1234|1234|1234|1234|1234|…  1
 628  norvel        x...xx...x...x...xx...xx...xx....xx...x…     |1234|1234|1234|1234|1234|1234|1234|…  0
 629  norvel        x....x...x...x....xx...xx...xx...xx....…     |1234|1234|1234|1234|1234|1234|1234|…  1
 630  norvel        x..x...x...xxx..xx..x..xx..x...x...x..x…     |1234|1234|1234|1234|1234|1234|1234|…  1
 631  norvel        xx.....x....x....x....xx....x.....x....…     |1234|1234|1234|1234|1234|1234|1234|…  1
 632  norvel        x...xx...x....x...x...x...xx...x...x/2       |1234|1234|1234|1234|1234|1234|1234|…  1
 633  norvel        x...x..x...x..x..x..x...x..x/2               |1234|1234|1234|1234|1234|1234|1234|…  1
 634  norvel        x.....x....xx.....xx.....x....x....x...…     |1234|1234|1234|1234|1234|1234|1234|…  1
 635  norvel        x..x..x..x..x...x..x..xxx..x/2               |1234|1234|1234|1234|1234|1234|1234|…  1
 636  norvel        x.....x....x....x....x....xx....x.....x…     |1234|1234|1234|1234|1234|1234|1234|…  1
 637  norvel        x...x...xx....xx....x...x....xx....x...…     |1234|1234|1234|1234|1234|1234|1234|…  0
 638  norvel        x...x...x....x...x...x....x...x...x...x…     |1234|1234|1234|1234|1234|1234|1234|…  0
 639  norvel        x..x...x..xx..xx...xx...x..x...x/6           |1234|1234|1234|1234|1234|1234|1234|…  0
 640  norvel        xx..xx..x..xxx..x..x...x..xx/2               |1234|1234|1234|1234|1234|1234|1234|…  0
 641  norvel        x...xx...x...xx...x...x....x...x/3           |1234|1234|1234|1234|1234|1234|1234|…  1
 642  norvel        x...x...x...x....x....x...x....x/2           |1234|1234|1234|1234|1234|1234|1234|…  0
 643  norvel        x...x...x..x..x...x..x..x..x/6               |1234|1234|1234|1234|1234|1234|1234|…  1
 644  norvel        x...x...x....x...x...x....x...x....x/6       |1234|1234|1234|1234|1234|1234|1234|…  1
 645  norvel        x..x..xx...xxx..x..x...xx...xx..x..x..x…     |1234|1234|1234|1234|1234|1234|1234|…  0
 646  norvel        x..x..x..x...x...xx..x..x..x/5               |1234|1234|1234|1234|1234|1234|1234|…  0
 647  norvel        xxx....x....xx....xx....x.....xx.....x.…     |1234|1234|1234|1234|1234|1234|1234|…  1
 648  norvel        x..x..x..x..xx...x...x..x..x/5               |1234|1234|1234|1234|1234|1234|1234|…  0
 649  norvel        x....xx.....x....x....xx.....x.....x...…     |1234|1234|1234|1234|1234|1234|1234|…  1
 650  norvel        x....x...x...x...x....x....x...x...x...…     |1234|1234|1234|1234|1234|1234|1234|…  1
 651  norvel        x...x..x..x..x..x...x...x..x/4               |1234|1234|1234|1234|1234|1234|1234|…  0
 652  norvel        x...xx..xx...xx..x...x...x..xx...x..x..…     |1234|1234|1234|1234|1234|1234|1234|…  1
 653  norvel        x...xx...x....xx...x....xxx...x...x....…     |1234|1234|1234|1234|1234|1234|1234|…  1
 654  norvel        xx..x..xx..x..xx..xx...x..xxx..x..xx/7       |1234|1234|1234|1234|1234|1234|1234|…  0
 655  norvel        x..x..xx...x..xx..x..x...xx...xx/4           |1234|1234|1234|1234|1234|1234|1234|…  0
 656  norvel        xx...x....x....xx...x....xx...x....x/5       |1234|1234|1234|1234|1234|1234|1234|…  1
 657  norvel        x...xx....x...x...x...x....x...x/3           |1234|1234|1234|1234|1234|1234|1234|…  1
 658  norvel        xx....x...x....xxx....x....x...x...x/2       |1234|1234|1234|1234|1234|1234|1234|…  0
 659  norvel        xx..xx..x..x..xx..x...xx..x..xxx..xx/5       |1234|1234|1234|1234|1234|1234|1234|…  0
 660  norvel        x....x...x...x...x...x....x....x/2           |1234|1234|1234|1234|1234|1234|1234|…  0
 661  norvel        x...x..x...x..x...x...x...x..x..x..x/6       |1234|1234|1234|1234|1234|1234|1234|…  0
 662  norvel        x....xxx.....x....x....x....xx....x....…     |1234|1234|1234|1234|1234|1234|1234|…  0
 663  norvel        x..xx..x..x...xx...x...x...x..x...xx/6       |1234|1234|1234|1234|1234|1234|1234|…  0
 664  norvel        x....x....x....xx.....xx.....x.....x...…     |1234|1234|1234|1234|1234|1234|1234|…  1
 665  norvel        x....x....x...x...x...x...x...x....x...…     |1234|1234|1234|1234|1234|1234|1234|…  0
 666  norvel        x...x..x..x..xx..x..x..x..xx/4               |1234|1234|1234|1234|1234|1234|1234|…  1
 667  norvel        x..xx..xx..x...xxx..xx..x...x..x..xx/5       |1234|1234|1234|1234|1234|1234|1234|…  1
 668  norvel        xxx....x.....x....xx....x.....x....xx..…     |1234|1234|1234|1234|1234|1234|1234|…  1
 669  norvel        xxx..x...x...xx..x...x..x..x/2               |1234|1234|1234|1234|1234|1234|1234|…  0
 670  norvel        x..x..x..x..x..x..x...xx..xx/2               |1234|1234|1234|1234|1234|1234|1234|…  1
 671  norvel        x...x...x...x...xx..x..x..x..x..x..x/8       |1234|1234|1234|1234|1234|1234|1234|…  1
 672  norvel        x....x...x....xx....xx...x...x....xx/2       |1234|1234|1234|1234|1234|1234|1234|…  0
 673  norvel        x...x...x....x...x...x...x...x....xx...…     |1234|1234|1234|1234|1234|1234|1234|…  1
 674  norvel        xx...x...x....xx...xx....x...x....x....…     |1234|1234|1234|1234|1234|1234|1234|…  0
 675  norvel        x.....xx....x....x....x....x....xx....x…     |1234|1234|1234|1234|1234|1234|1234|…  1
 676  norvel        x....x.....x....xx.....x.....x....x....…     |1234|1234|1234|1234|1234|1234|1234|…  1
 677  norvel        x..x..xx..x...x..x...x..x...x..x..xx/6       |1234|1234|1234|1234|1234|1234|1234|…  0
 678  norvel        xxx....x....x...x...x....xx....x...x...…     |1234|1234|1234|1234|1234|1234|1234|…  1
 679  norvel        xxx...xx...x...xx...x...x....x...xx....…     |1234|1234|1234|1234|1234|1234|1234|…  0
 680  norvel        xx....x....x....xx.....xx....x....x....…     |1234|1234|1234|1234|1234|1234|1234|…  0
 681  norvel        x....xx...x...x...xxx...xxx...x...xx/3       |1234|1234|1234|1234|1234|1234|1234|…  1
 682  norvel        xx...xx..xx..xx..x..x..xx...xx..x..x/5       |1234|1234|1234|1234|1234|1234|1234|…  1
 683  norvel        x..x..x..x..xx...x...xx...xx/5               |1234|1234|1234|1234|1234|1234|1234|…  1
 684  norvel        x...x...x...x...x....x....x....x...x...…     |1234|1234|1234|1234|1234|1234|1234|…  1
 685  norvel        xx.....x....x....x....x....x....x....xx…     |1234|1234|1234|1234|1234|1234|1234|…  1
 686  norvel        xxx...x....xx...xx....x...x...x....x/5       |1234|1234|1234|1234|1234|1234|1234|…  1
 687  norvel        x...x...x...xx...x....xx...x...x....xx.…     |1234|1234|1234|1234|1234|1234|1234|…  0
 688  norvel        x..x..xx..xx..xx..x..xxx...x/4               |1234|1234|1234|1234|1234|1234|1234|…  0
 689  norvel        x...x....xx...x...x...x....x...x...x...…     |1234|1234|1234|1234|1234|1234|1234|…  0
 690  norvel        x...x...x....x...x...x....x...x...x....…     |1234|1234|1234|1234|1234|1234|1234|…  0
 691  norvel        x...x....x....x....x...x...x...x...x/2       |1234|1234|1234|1234|1234|1234|1234|…  1
 692  norvel        x...x..x..x..x..x..x..xx..xx/6               |1234|1234|1234|1234|1234|1234|1234|…  1
 693  norvel        xx...xxx....x....xx....x...x....xx...x.…     |1234|1234|1234|1234|1234|1234|1234|…  1
 694  norvel        x..x...x..x...xx...x...x..xx/2               |1234|1234|1234|1234|1234|1234|1234|…  1
 695  norvel        x..x...x...x..x...x..x..x..x/2               |1234|1234|1234|1234|1234|1234|1234|…  1
 696  norvel        x....x...x....x...x...x...x...x....x/6       |1234|1234|1234|1234|1234|1234|1234|…  1
 697  norvel        x...x...xx....xxx...x...xx....x...x...x…     |1234|1234|1234|1234|1234|1234|1234|…  0
 698  norvel        x....x....x.....x.....x....x....x....x.…     |1234|1234|1234|1234|1234|1234|1234|…  1
 699  norvel        xx..xxx...x..x...xx..xx..xx...xx/2           |1234|1234|1234|1234|1234|1234|1234|…  1
 700  norvel        xx..x...x..x..x...x..x..x..x...x...x/7       |1234|1234|1234|1234|1234|1234|1234|…  1
 701  norvel        x...xx...x...x...x....x...x...xx/5           |1234|1234|1234|1234|1234|1234|1234|…  1
 702  norvel        xxx...x...x....x...x...x...x...x...x...…     |1234|1234|1234|1234|1234|1234|1234|…  0
 703  norvel        x..x...x...x...x...x...x...x/4               |1234|1234|1234|1234|1234|1234|1234|…  0
 704  norvel        xx...x..x...x..xx..x...x..xx/2               |1234|1234|1234|1234|1234|1234|1234|…  0
 705  norvel        x..x..x..x..x..xx..xx..xx..x...x/7           |1234|1234|1234|1234|1234|1234|1234|…  0
 706  norvel        x..xx..xx...xxx..x..x..x...xxx..x..xx..…     |1234|1234|1234|1234|1234|1234|1234|…  0
 707  norvel        xx...xxx....xx...xx...xx...x....x....xx…     |1234|1234|1234|1234|1234|1234|1234|…  1
 708  norvel        x..x..x...x..x..x..x...x...x/4               |1234|1234|1234|1234|1234|1234|1234|…  0
 709  norvel        x..xx..x..x..x...x..xxx..x..x..x/4           |1234|1234|1234|1234|1234|1234|1234|…  1
 710  norvel        x....x....x....x....x....x.....x.....xx…     |1234|1234|1234|1234|1234|1234|1234|…  0
 711  norvel        x...x..xx...x...x..x..x...xx...x/2           |1234|1234|1234|1234|1234|1234|1234|…  1
 712  norvel        x....xx....x....x....xx.....x....x....x…     |1234|1234|1234|1234|1234|1234|1234|…  1
 713  norvel        x...x..x..xx..xx..xx..x...x...xx/2           |1234|1234|1234|1234|1234|1234|1234|…  1
 714  norvel        x...x...x....x...xx...x....x...x...x/3       |1234|1234|1234|1234|1234|1234|1234|…  0
 715  norvel        x...x..xx..x...x..x...x..x..x..x..xx/6       |1234|1234|1234|1234|1234|1234|1234|…  0
 716  norvel        x..x..x...xxx..x..x..x..x..x/6               |1234|1234|1234|1234|1234|1234|1234|…  1
 717  norvel        x.....x....x....xx.....xx....xx....xx..…     |1234|1234|1234|1234|1234|1234|1234|…  0
 718  norvel        x.....xx.....x.....xx.....x.....x....x.…     |1234|1234|1234|1234|1234|1234|1234|…  1
 719  norvel        x...xx..x..x..x..x...x..x..x/5               |1234|1234|1234|1234|1234|1234|1234|…  0
 720  norvel        x..x..xx...x..x..xx..xxx..xx..xx...xx..…     |1234|1234|1234|1234|1234|1234|1234|…  0
 721  norvel        xxx..x..xxx..x...x...xx..x..x..x..xx...…     |1234|1234|1234|1234|1234|1234|1234|…  0
 722  norvel        x...x....x...x....xx...x...x...x...x...…     |1234|1234|1234|1234|1234|1234|1234|…  1
 723  norvel        xx....x...x....x...x...x...x...x...x...…     |1234|1234|1234|1234|1234|1234|1234|…  0
 724  norvel        x....x.....xx....x....x....x....x....x.…     |1234|1234|1234|1234|1234|1234|1234|…  1
 725  norvel        x....xx.....x....x....xx....x....x....x…     |1234|1234|1234|1234|1234|1234|1234|…  0
 726  norvel        x.....xx....xx....x.....x.....x....x...…     |1234|1234|1234|1234|1234|1234|1234|…  1
 727  norvel        xx...xx..xx...x..xx...xx...x..xx/5           |1234|1234|1234|1234|1234|1234|1234|…  1
 728  norvel        x...x...x....x....x...xx...x...x...x...…     |1234|1234|1234|1234|1234|1234|1234|…  0
 729  norvel        xx....x....xx....x.....x.....x....x....…     |1234|1234|1234|1234|1234|1234|1234|…  1
 730  norvel        xx...xx...x...x....x...xx...x...xx....x…     |1234|1234|1234|1234|1234|1234|1234|…  0
 731  norvel        xx...x...x....x...x...x...xx...x...x/2       |1234|1234|1234|1234|1234|1234|1234|…  1
 732  norvel        x....xx.....xx....xx.....x....x.....x..…     |1234|1234|1234|1234|1234|1234|1234|…  0
 733  norvel        x..x..xx...x..x..xxx..xx..xx/2               |1234|1234|1234|1234|1234|1234|1234|…  0
 734  norvel        x...x..xx..x...x...x..x..xx..x..x..x/8       |1234|1234|1234|1234|1234|1234|1234|…  1
 735  norvel        x....x....x....x.....x....x....x....x..…     |1234|1234|1234|1234|1234|1234|1234|…  0
 736  norvel        x...x....x....x...x...x....x...x...x...…     |1234|1234|1234|1234|1234|1234|1234|…  1
 737  norvel        x...x...x..x..x..x...x...x..x..x...x/7       |1234|1234|1234|1234|1234|1234|1234|…  1
 738  norvel        xx...xx..xx..x...x...x...x..x...x..x/7       |1234|1234|1234|1234|1234|1234|1234|…  0
 739  norvel        x....x....x...x....x....x....x...x...x.…     |1234|1234|1234|1234|1234|1234|1234|…  0
 740  norvel        x....x....xx....x....xx....xxx....xx...…     |1234|1234|1234|1234|1234|1234|1234|…  0
 741  norvel        x.....xx.....xxx....xx....xx....x....x.…     |1234|1234|1234|1234|1234|1234|1234|…  0
 742  norvel        x...x...x...xx..x..x...x..xx...x/2           |1234|1234|1234|1234|1234|1234|1234|…  1
 743  norvel        x...x...x...x...xx...x...x...xx....x/3       |1234|1234|1234|1234|1234|1234|1234|…  0
 744  norvel        x....x...x...xxx....x...xx...x...x....x…     |1234|1234|1234|1234|1234|1234|1234|…  0
 745  norvel        x..xx..x...x...x...xx..x..x..x..x..x/6       |1234|1234|1234|1234|1234|1234|1234|…  0
 746  norvel        xx....x...x...x...x...x....x...x...x/5       |1234|1234|1234|1234|1234|1234|1234|…  0
 747  norvel        xx..x..x..xxx...xxx..x...x..x..x/4           |1234|1234|1234|1234|1234|1234|1234|…  1
 748  norvel        x..xx...xx...x...x...x..xx..x..x/6           |1234|1234|1234|1234|1234|1234|1234|…  0
 749  norvel        xx..x..xx..x..x..x...x..x..x...x/5           |1234|1234|1234|1234|1234|1234|1234|…  1
 750  norvel        x...x...xx...x....xx....xx....x....x/2       |1234|1234|1234|1234|1234|1234|1234|…  0
 751  norvel        x...x..x..x...x...x..x..x..x/2               |1234|1234|1234|1234|1234|1234|1234|…  1
 752  norvel        x...x..xx..x..x...x..x..xx..x...x..x/8       |1234|1234|1234|1234|1234|1234|1234|…  1
 753  norvel        xx..x..xx..xx..xxx..x...x..x..xx/4           |1234|1234|1234|1234|1234|1234|1234|…  1
 754  norvel        xx..x...xx..xxx...xx..xxx..x...x/5           |1234|1234|1234|1234|1234|1234|1234|…  1
 755  norvel        x....xx.....x.....x....x.....xx....x...…     |1234|1234|1234|1234|1234|1234|1234|…  1
 756  norvel        x....x....x....x....x....x....x....x...…     |1234|1234|1234|1234|1234|1234|1234|…  0
 757  norvel        x...x....xx...x...x....x...x...x...xx..…     |1234|1234|1234|1234|1234|1234|1234|…  0
 758  norvel        x..xxx..xx..xx...x..xx..x..x..xx/2           |1234|1234|1234|1234|1234|1234|1234|…  1
 759  norvel        x...x...xx....x...xx...x...x...x/2           |1234|1234|1234|1234|1234|1234|1234|…  0
 760  norvel        x....x...x...xx...x....x...xx....x...x.…     |1234|1234|1234|1234|1234|1234|1234|…  0
 761  norvel        x...xx...x..xxx..x..x...x..x...x..xx/6       |1234|1234|1234|1234|1234|1234|1234|…  1
 762  norvel        x...x...x...x....x...x...x...x....x...x…     |1234|1234|1234|1234|1234|1234|1234|…  0
 763  norvel        x....x...xx...x...xx....x....x...x....x…     |1234|1234|1234|1234|1234|1234|1234|…  0
 764  norvel        x..x...x...x...x...x..x..x..x...x..x/4       |1234|1234|1234|1234|1234|1234|1234|…  1
 765  norvel        x..x..x..x..x..xx..x..xx...x/2               |1234|1234|1234|1234|1234|1234|1234|…  1
 766  norvel        xx..xx...x..x...xx..x...x..x/5               |1234|1234|1234|1234|1234|1234|1234|…  1
 767  norvel        x...x...x..xx..x..x..xxx...x...x/6           |1234|1234|1234|1234|1234|1234|1234|…  0
 768  norvel        x..x..xx..x...x..x...x...x..x...x..x/5       |1234|1234|1234|1234|1234|1234|1234|…  0
 769  norvel        x....x.....x....x.....x....x.....x....x…     |1234|1234|1234|1234|1234|1234|1234|…  1
 770  norvel        x...xx...x...x...x...x....x...x....x...…     |1234|1234|1234|1234|1234|1234|1234|…  0
 771  norvel        xx....x...x...x...x...x....x...x/3           |1234|1234|1234|1234|1234|1234|1234|…  1
 772  norvel        x..x..x...x..x..x...x...x..x/4               |1234|1234|1234|1234|1234|1234|1234|…  0
 773  norvel        x....xx...xx....x...xx...x...x...xx...x…     |1234|1234|1234|1234|1234|1234|1234|…  0
 774  norvel        x....xx....x....x.....x....xxx....x....…     |1234|1234|1234|1234|1234|1234|1234|…  1
 775  norvel        x..x..xx..x..x..x..x...x..xx/6               |1234|1234|1234|1234|1234|1234|1234|…  1
 776  norvel        x..x..x...x..xxx..x..x..x..xx..x/5           |1234|1234|1234|1234|1234|1234|1234|…  0
 777  norvel        x....x...xx....x...x...xx...x...xx...x.…     |1234|1234|1234|1234|1234|1234|1234|…  1
 778  norvel        x....x....xx....x...x....x...x...x....x…     |1234|1234|1234|1234|1234|1234|1234|…  0
 779  norvel        x...x...x..x...x..x..x..x..x/2               |1234|1234|1234|1234|1234|1234|1234|…  1
 780  norvel        xx...x...x...xx....xx....x....xx...x/2       |1234|1234|1234|1234|1234|1234|1234|…  0
 781  norvel        xx..x...x..x..x...x..x..x..x..xx/4           |1234|1234|1234|1234|1234|1234|1234|…  0
 782  norvel        xx..x..x..x..x...x..xxx...x...xx..xx/5       |1234|1234|1234|1234|1234|1234|1234|…  0
 783  norvel        x...xx..x...xx..x..x..x..xx...xx...x/6       |1234|1234|1234|1234|1234|1234|1234|…  1
 784  norvel        x...x....x...x....x...x...x....x/2           |1234|1234|1234|1234|1234|1234|1234|…  0
 785  norvel        x...x...x...x...x...x....x....xx...x...…     |1234|1234|1234|1234|1234|1234|1234|…  1
 786  norvel        xx...x....x....xx....xx...xxx...xx....x…     |1234|1234|1234|1234|1234|1234|1234|…  0
 787  norvel        x...xx...xx...x....x....xxx....x...x/2       |1234|1234|1234|1234|1234|1234|1234|…  0
 788  norvel        xx..x...xx...x..x..xx..x..x...xxx..xx..…     |1234|1234|1234|1234|1234|1234|1234|…  1
 789  norvel        x...xx...x..x..x..x..x..x..xx..x...x/4       |1234|1234|1234|1234|1234|1234|1234|…  1
 790  norvel        xx..xx..xx..x..xx..xx..x..xx..x...xx/7       |1234|1234|1234|1234|1234|1234|1234|…  0
 791  norvel        x...x....x....x...xx....xx...x...x....x…     |1234|1234|1234|1234|1234|1234|1234|…  1
 792  norvel        x..x..xx..x...x...xx..x..x..x..x/5           |1234|1234|1234|1234|1234|1234|1234|…  1
 793  norvel        x....xx...x....x...x...xx...xx....x...x…     |1234|1234|1234|1234|1234|1234|1234|…  1
 794  norvel        x....x....x...x...x....x...x...xx...x..…     |1234|1234|1234|1234|1234|1234|1234|…  0
 795  norvel        x...xx...x...x...x...x...x....x...x...x…     |1234|1234|1234|1234|1234|1234|1234|…  1
 796  norvel        xx..x..x..x..x...x..x..x...xxx..x..x/4       |1234|1234|1234|1234|1234|1234|1234|…  1
 797  norvel        x...xx...x...x...xx...xxx...xx...x...x.…     |1234|1234|1234|1234|1234|1234|1234|…  0
 798  norvel        x...x..x..x...x..x...x...x..x...x..x/8       |1234|1234|1234|1234|1234|1234|1234|…  1
 799  norvel        x...x...xxx...x..x..x...xx...x..x...x..…     |1234|1234|1234|1234|1234|1234|1234|…  0
 800  norvel        x..x...x..x..xx..x...x..x..x/4               |1234|1234|1234|1234|1234|1234|1234|…  1
 801  norvel        x..x..x..xx..xx..x..xxx...xx/4               |1234|1234|1234|1234|1234|1234|1234|…  0
 802  norvel        x..x..x..x...x..xx..x..xx...x..x/6           |1234|1234|1234|1234|1234|1234|1234|…  1
 803  norvel        x.....x....x....x....x....x....x....x..…     |1234|1234|1234|1234|1234|1234|1234|…  0
 804  norvel        x...xxx....x...x...xx...xx...x...x...x.…     |1234|1234|1234|1234|1234|1234|1234|…  0
 805  norvel        x...xx...xx...x....x...x....xx....x....…     |1234|1234|1234|1234|1234|1234|1234|…  1
 806  norvel        xx....x...x...x...x...x....x....xx...x.…     |1234|1234|1234|1234|1234|1234|1234|…  1
 807  norvel        x..xxx..x..x..xx...x...xx..x...x...x/6       |1234|1234|1234|1234|1234|1234|1234|…  1
 808  norvel        x..x..x...x..x..x...xx..x..x..xxx..x/5       |1234|1234|1234|1234|1234|1234|1234|…  0
 809  norvel        xx..x..x..x..x..xx..xx...x..x..x/6           |1234|1234|1234|1234|1234|1234|1234|…  0
 810  norvel        x...x..x..x..x..x..xx...x..x/4               |1234|1234|1234|1234|1234|1234|1234|…  1
 811  norvel        x..x...x..x...x..x...x..x...x..x...x/4       |1234|1234|1234|1234|1234|1234|1234|…  1
 812  norvel        xx...x....x...xx...x...x...x....xx...x.…     |1234|1234|1234|1234|1234|1234|1234|…  0
 813  norvel        xx..x...x..x..xx...x...xx..x...x/2           |1234|1234|1234|1234|1234|1234|1234|…  1
 814  norvel        x...x...x..x...x..x..x..x...x...x..x/6       |1234|1234|1234|1234|1234|1234|1234|…  0
 815  norvel        x....x.....x.....x....x....x....x.....x…     |1234|1234|1234|1234|1234|1234|1234|…  1
 816  norvel        x...x..xx...x..xx...x..xx...x..x...xx..…     |1234|1234|1234|1234|1234|1234|1234|…  0
 817  norvel        x....x...x...x...x...x...xx...x...x....…     |1234|1234|1234|1234|1234|1234|1234|…  0
 818  norvel        x...x...x....x....x...x....x...x...x/2       |1234|1234|1234|1234|1234|1234|1234|…  1
 819  norvel        x..x...x..x..x...x..x...x..x/2               |1234|1234|1234|1234|1234|1234|1234|…  1
 820  norvel        xx....x...x...x...x...x....x...x/3           |1234|1234|1234|1234|1234|1234|1234|…  1
 821  norvel        xx..x..x..x...xxx..x..x...xxx..x/5           |1234|1234|1234|1234|1234|1234|1234|…  0
 822  norvel        x...x...x...x...x...xxx....x...x...x/3       |1234|1234|1234|1234|1234|1234|1234|…  0
 823  norvel        xx....x...x...x...x...x....xx....x...x.…     |1234|1234|1234|1234|1234|1234|1234|…  0
 824  norvel        x..x..x..x..x..x..x..x...x..x..x/7           |1234|1234|1234|1234|1234|1234|1234|…  0
 825  norvel        x..x..x..x..x...xx...x..x..x/4               |1234|1234|1234|1234|1234|1234|1234|…  1
 826  norvel        x...x..x..x..xx...x...x..x..x..x..xx/5       |1234|1234|1234|1234|1234|1234|1234|…  0
 827  norvel        x..xx..xx..x...x..x..x...x..x..x..xx/6       |1234|1234|1234|1234|1234|1234|1234|…  0
 828  norvel        x..x...x..x..x...x...x...x..x..x/7           |1234|1234|1234|1234|1234|1234|1234|…  1
 829  norvel        xx...x...x....xx...x...x....xx...x....x…     |1234|1234|1234|1234|1234|1234|1234|…  0
 830  norvel        x...x...x...x...x...x....x...x...x....x…     |1234|1234|1234|1234|1234|1234|1234|…  0
 831  norvel        x...x...x...xxx....x....x....xx...x....…     |1234|1234|1234|1234|1234|1234|1234|…  1
 832  norvel        x...xx...xx..x..x..xx..x...x/5               |1234|1234|1234|1234|1234|1234|1234|…  1
 833  norvel        x...x...x...x....x...x....x...x...x...x…     |1234|1234|1234|1234|1234|1234|1234|…  0
 834  norvel        x...x...x..xx..xx..xx..xxx..xx..x..x/6       |1234|1234|1234|1234|1234|1234|1234|…  1
 835  norvel        x...xx....x...x....xx....x...x...x...x.…     |1234|1234|1234|1234|1234|1234|1234|…  0
 836  norvel        x..x..xxx..x..x..xxx..xx..xx...x/5           |1234|1234|1234|1234|1234|1234|1234|…  0
 837  norvel        x.....xx....x....x.....x....x....x.....…     |1234|1234|1234|1234|1234|1234|1234|…  0
 838  norvel        x...x..x..xxx...x..x..x..x..x..x/4           |1234|1234|1234|1234|1234|1234|1234|…  0
 839  norvel        x....x....xx....x.....x.....x....x....x…     |1234|1234|1234|1234|1234|1234|1234|…  0
 840  norvel        x..x..x..x...xx...xx..x..x..x..x/4           |1234|1234|1234|1234|1234|1234|1234|…  0
 841  norvel        x...x....x...xx....x...x....x...xxx....…     |1234|1234|1234|1234|1234|1234|1234|…  1
 842  norvel        x..xx..xx..x..xx..xxx..xx..x..x...xx/6       |1234|1234|1234|1234|1234|1234|1234|…  0
 843  norvel        x...x....x...x....x....xx...xx...xx....…     |1234|1234|1234|1234|1234|1234|1234|…  1
 844  norvel        xx....x....x...x...x...x...x...x/3           |1234|1234|1234|1234|1234|1234|1234|…  1
 845  norvel        x..x..x..xx..x...x...x..x..x..x...xx/6       |1234|1234|1234|1234|1234|1234|1234|…  0
 846  norvel        x..x..x..x...x..x...xx..x...x..x..xx/6       |1234|1234|1234|1234|1234|1234|1234|…  0
 847  norvel        xx....xx...x...x....x...x....x...x...xx…     |1234|1234|1234|1234|1234|1234|1234|…  1
 848  norvel        x.....x....x.....x.....xxx.....xx.....x…     |1234|1234|1234|1234|1234|1234|1234|…  1
 849  norvel        xxx....x...xx...x...xxx....x....xxx...x…     |1234|1234|1234|1234|1234|1234|1234|…  1
 850  norvel        x..x..x..x..x..xx...x..xx..x...x/6           |1234|1234|1234|1234|1234|1234|1234|…  1
 851  norvel        x..xx..x..x..x..x...x..x..xx..xx...x/5       |1234|1234|1234|1234|1234|1234|1234|…  0
 852  norvel        x..xx..x...x..x..x..xx..xx..x..xx..x/6       |1234|1234|1234|1234|1234|1234|1234|…  0
 853  norvel        x..xx..x...x...x..x..x..x..x...x/5           |1234|1234|1234|1234|1234|1234|1234|…  0
 854  norvel        x...x...x...xx....x...xx...x...x/2           |1234|1234|1234|1234|1234|1234|1234|…  1
 855  norvel        x...x....x....x...xx...x....x...x....xx…     |1234|1234|1234|1234|1234|1234|1234|…  1
 856  norvel        x....xx....x...x...xxx....x...x...x...x…     |1234|1234|1234|1234|1234|1234|1234|…  0
 857  norvel        x...x...x....x...x...x...x...xx...x....…     |1234|1234|1234|1234|1234|1234|1234|…  0
 858  norvel        x....x...x...xx....x...x...xx...xx...x.…     |1234|1234|1234|1234|1234|1234|1234|…  1
 859  norvel        x...x...x...x....x....x...x...xx/3           |1234|1234|1234|1234|1234|1234|1234|…  1
 860  norvel        xx..x..xxx...x..xx..x..xxx..x...x..x/5       |1234|1234|1234|1234|1234|1234|1234|…  1
 861  norvel        x..x..xx..x..x..x..x..xx...x...xx..x/4       |1234|1234|1234|1234|1234|1234|1234|…  1
 862  norvel        x...x...x..x...x..x...x..x..x..x..xx/8       |1234|1234|1234|1234|1234|1234|1234|…  1
 863  norvel        x..x..x..x..x...x...x..x...x...x/7           |1234|1234|1234|1234|1234|1234|1234|…  1
 864  norvel        x..xx...x..xx..x..x..xx..xx..xxx..xx/5       |1234|1234|1234|1234|1234|1234|1234|…  0
 865  norvel        x...x...x...x...x...x...xx...x....x....…     |1234|1234|1234|1234|1234|1234|1234|…  1
 866  norvel        x...x...x....x...x....x...x...xx...x/3       |1234|1234|1234|1234|1234|1234|1234|…  0
 867  norvel        x..xx...x..xx...xxx..x...x..x..xx..x/5       |1234|1234|1234|1234|1234|1234|1234|…  0
 868  norvel        xxx....x....x...xx....x...x...x....x...…     |1234|1234|1234|1234|1234|1234|1234|…  0
 869  norvel        x....xxx....x.....x....x....xx....x....…     |1234|1234|1234|1234|1234|1234|1234|…  0
 870  norvel        x...x...x...x...x...x...x....x....x...x…     |1234|1234|1234|1234|1234|1234|1234|…  1
 871  norvel        xxx...xx..xx..x...x...xx..x...xx/2           |1234|1234|1234|1234|1234|1234|1234|…  1
 872  norvel        xx..xx...x...xxx...xx...xx..x...x..xx..…     |1234|1234|1234|1234|1234|1234|1234|…  0
 873  norvel        xx....x...x...x....xx....x...x...x....x…     |1234|1234|1234|1234|1234|1234|1234|…  1
 874  norvel        x...x....xx....x...x...x...x...x...x...…     |1234|1234|1234|1234|1234|1234|1234|…  0
 875  norvel        x...x...x....x....x....x...x...x...x...…     |1234|1234|1234|1234|1234|1234|1234|…  1
 876  norvel        x..xx..x...x..xxx..x...xx...x...xx...xx…     |1234|1234|1234|1234|1234|1234|1234|…  0
 877  norvel        x..x..x..x..xx..x...xx..x...x..x...x/8       |1234|1234|1234|1234|1234|1234|1234|…  1
 878  norvel        x...x...x....x...x...x....x...x...x....…     |1234|1234|1234|1234|1234|1234|1234|…  1
 879  norvel        x....x...x....x....x....xx....x....x...…     |1234|1234|1234|1234|1234|1234|1234|…  1
 880  norvel        xx...x...x...xx...xx....xx...x...x...x.…     |1234|1234|1234|1234|1234|1234|1234|…  0
 881  norvel        xx....xx...x...xx...x...x...xx...x....x…     |1234|1234|1234|1234|1234|1234|1234|…  1
 882  norvel        x...x...x...xx....x...x...x...x...xx/2       |1234|1234|1234|1234|1234|1234|1234|…  1
 883  norvel        x....x....xx.....x.....x....xx....xx...…     |1234|1234|1234|1234|1234|1234|1234|…  0
 884  norvel        x..x..x..xx..x..xx...x...xx...xx/2           |1234|1234|1234|1234|1234|1234|1234|…  1
 885  norvel        xx....x....x....x....x....x....x....x..…     |1234|1234|1234|1234|1234|1234|1234|…  0
 886  norvel        x..xx..x..x...xx..x..x..xx..x..x...x/7       |1234|1234|1234|1234|1234|1234|1234|…  0
 887  norvel        x...x...x...x....x....x....x...x...x/2       |1234|1234|1234|1234|1234|1234|1234|…  1
 888  norvel        x..xx..x..xx...x...x...xx..xx...x..x..x…     |1234|1234|1234|1234|1234|1234|1234|…  1
 889  norvel        x....x....x....x....xx....x.....x....x.…     |1234|1234|1234|1234|1234|1234|1234|…  1
 890  norvel        x....x...x....x...xx....x....x...xx...x…     |1234|1234|1234|1234|1234|1234|1234|…  0
 891  norvel        x..xx..x...x...xx..x..x..x..x..x...x/6       |1234|1234|1234|1234|1234|1234|1234|…  0
 892  norvel        x..xx...xx..x...x..x...x..xx/2               |1234|1234|1234|1234|1234|1234|1234|…  1
 893  norvel        x...x..x..x..xx..x..xxx..x..x..x/4           |1234|1234|1234|1234|1234|1234|1234|…  1
 894  norvel        x...x....x...x...x...x...x...x...xx...x…     |1234|1234|1234|1234|1234|1234|1234|…  1
 895  norvel        xx..x..xx...x..xxx..xx..x..x...x..xx/4       |1234|1234|1234|1234|1234|1234|1234|…  0
 896  norvel        x...x...x...xx...x...xx....x...x...x/3       |1234|1234|1234|1234|1234|1234|1234|…  0
 897  norvel        x...x...xx..xxx..x..x...xx...xxx...x...…     |1234|1234|1234|1234|1234|1234|1234|…  1
 898  norvel        x...x...x....xxx...x....x....x....x...x…     |1234|1234|1234|1234|1234|1234|1234|…  1
 899  norvel        x...x...x...x...xx...x...x...x....xx/6       |1234|1234|1234|1234|1234|1234|1234|…  1
 900  norvel        x..x..x..x...x...x...xx...xx/2               |1234|1234|1234|1234|1234|1234|1234|…  1
 901  norvel        x...x...x...x...x...xx...x....xx...xx..…     |1234|1234|1234|1234|1234|1234|1234|…  0
 902  norvel        xx..xxx...x...x..xx...xx...x..x..xx...x…     |1234|1234|1234|1234|1234|1234|1234|…  1
 903  norvel        x...x..x...x...x..x...x..x..x..x...x/8       |1234|1234|1234|1234|1234|1234|1234|…  1
 904  norvel        x....xx....xx...x....x....x...x...x....…     |1234|1234|1234|1234|1234|1234|1234|…  0
 905  norvel        x...x...x....xx...x...x...xx...x/3           |1234|1234|1234|1234|1234|1234|1234|…  1
 906  norvel        xx..xx..x..xx...x...xx...x...xxx...xx..…     |1234|1234|1234|1234|1234|1234|1234|…  0
 907  norvel        xx...x...x....x...x...xx...x...x...x/3       |1234|1234|1234|1234|1234|1234|1234|…  0
 908  norvel        x....x....x....x....x....x....x....x...…     |1234|1234|1234|1234|1234|1234|1234|…  0
 909  norvel        x....x...x...x...x...x...x....x...x...x…     |1234|1234|1234|1234|1234|1234|1234|…  1
 910  norvel        x..x..x...x...xx...x..x..x..x..x/5           |1234|1234|1234|1234|1234|1234|1234|…  0
 911  norvel        x.....x....x....x.....x....x.....x.....…     |1234|1234|1234|1234|1234|1234|1234|…  0
 912  norvel        xx...xx...x...xx...x...xxx...xx...x...x…     |1234|1234|1234|1234|1234|1234|1234|…  0
 913  norvel        xx....xx...x...x...x....x...x...x....x.…     |1234|1234|1234|1234|1234|1234|1234|…  1
 914  norvel        x...x...x...x...x....x...x...x....x....…     |1234|1234|1234|1234|1234|1234|1234|…  1
 915  norvel        x..x...x...x..x..x...xx..x..x..x/4           |1234|1234|1234|1234|1234|1234|1234|…  0
 916  norvel        x....x....x....x....x....x....x.....xx.…     |1234|1234|1234|1234|1234|1234|1234|…  0
 917  norvel        x..x..x..x..xxx..xx..x...xx..x..x..x/4       |1234|1234|1234|1234|1234|1234|1234|…  0
 918  norvel        x...x...x...x....x...xx...x....x/3           |1234|1234|1234|1234|1234|1234|1234|…  1
 919  norvel        xx...x..xx..xx..x..xxx..x..xx..x/5           |1234|1234|1234|1234|1234|1234|1234|…  0
 920  norvel        x...xxx..x..x..x...x..x..xx...xx/6           |1234|1234|1234|1234|1234|1234|1234|…  1
 921  norvel        x...x..x..x...x...x..x..x..x/2               |1234|1234|1234|1234|1234|1234|1234|…  1
 922  norvel        xx...xx...xx....x....x...x...x....xx...…     |1234|1234|1234|1234|1234|1234|1234|…  1
 923  norvel        x..x...x..x...xxx..x..x...x...xx/5           |1234|1234|1234|1234|1234|1234|1234|…  0
 924  norvel        xx...x...x...x..x...x...x..x/4               |1234|1234|1234|1234|1234|1234|1234|…  0
 925  norvel        x....x...x...x...x...xx...x....x...x...…     |1234|1234|1234|1234|1234|1234|1234|…  1
 926  norvel        x...x...x....x....x....xx...x....x....x…     |1234|1234|1234|1234|1234|1234|1234|…  0
 927  norvel        x..xx..x...x...x..xx..xx..x..x..x..x/5       |1234|1234|1234|1234|1234|1234|1234|…  0
 928  norvel        xx....x....xxx...x...x....x...x...x...x…     |1234|1234|1234|1234|1234|1234|1234|…  1
 929  norvel        x...xx..x..x...x..xx..xx..x..xx..xxx/4       |1234|1234|1234|1234|1234|1234|1234|…  0
 930  norvel        x...x..xxx..xx...xx..x..x...xx..xx..x..…     |1234|1234|1234|1234|1234|1234|1234|…  1
 931  norvel        x....x....x...xxx...xx...x....xx....xxx…     |1234|1234|1234|1234|1234|1234|1234|…  0
 932  norvel        xxx...x...xx...x...x...x....x...x....x.…     |1234|1234|1234|1234|1234|1234|1234|…  1
 933  norvel        xx...x...x....x...x....x...x...x/3           |1234|1234|1234|1234|1234|1234|1234|…  1
 934  norvel        x...x....xx...x...xx...x...x...x...x...…     |1234|1234|1234|1234|1234|1234|1234|…  0
 935  norvel        xxx...xx...x...xxx....x....xx....x...xx…     |1234|1234|1234|1234|1234|1234|1234|…  0
 936  norvel        x..xxx..x..x..x..xx..x..x...x..x/4           |1234|1234|1234|1234|1234|1234|1234|…  1
 937  norvel        x..x..x...x..x..xxx..x...x..x..x...x/8       |1234|1234|1234|1234|1234|1234|1234|…  1
 938  norvel        x...xx....xx...x...x...x...x...x...x/5       |1234|1234|1234|1234|1234|1234|1234|…  0
 939  norvel        x..x..x..x..x...xx...x...x..x..x...x/7       |1234|1234|1234|1234|1234|1234|1234|…  1
 940  norvel        x...xxx....x...x....xx...x....x...x....…     |1234|1234|1234|1234|1234|1234|1234|…  1
 941  norvel        xxx....x...xx...xx....xx....x....x...x.…     |1234|1234|1234|1234|1234|1234|1234|…  1
 942  norvel        x...x...x....x...x....x...x....x...x...…     |1234|1234|1234|1234|1234|1234|1234|…  1
 943  norvel        xx..x..x...x...x...x..x..xxx/5               |1234|1234|1234|1234|1234|1234|1234|…  1
 944  norvel        x..x...x...x..x..x..x...x...x..x...x/4       |1234|1234|1234|1234|1234|1234|1234|…  1
 945  norvel        x..x...xx..x..xx...x..x..x...xxx..x...x…     |1234|1234|1234|1234|1234|1234|1234|…  1
 946  norvel        x...x....x...x....x....x...x...x...x/2       |1234|1234|1234|1234|1234|1234|1234|…  1
 947  norvel        x...x...x....xx...x...x...xx....xxx...x…     |1234|1234|1234|1234|1234|1234|1234|…  1
 948  norvel        xx...x....x...xx....x...xx...x...x....x…     |1234|1234|1234|1234|1234|1234|1234|…  0
 949  norvel        x....xx...x...x....x....xx...x....xx...…     |1234|1234|1234|1234|1234|1234|1234|…  1
 950  norvel        x...x...x...xxx..x..xx..x...x..x/2           |1234|1234|1234|1234|1234|1234|1234|…  1
 951  norvel        xx....xx...x...x....x....xx....x...x...…     |1234|1234|1234|1234|1234|1234|1234|…  0
 952  norvel        xx..xx...x..x..x..x..x..x..xx...x..x/4       |1234|1234|1234|1234|1234|1234|1234|…  1
 953  norvel        x....x....x....x....x.....x....x....x..…     |1234|1234|1234|1234|1234|1234|1234|…  1
 954  norvel        x...x...x...x...x...xxx...x....x/3           |1234|1234|1234|1234|1234|1234|1234|…  1
 955  norvel        x...x...xx...x....x...xx...x...x/2           |1234|1234|1234|1234|1234|1234|1234|…  1
 956  norvel        x...x....x...x...x...xxx...x...x...x/2       |1234|1234|1234|1234|1234|1234|1234|…  1
 957  norvel        x...xx...x..x..x..x..x..x...xx..x..x/5       |1234|1234|1234|1234|1234|1234|1234|…  0
 958  norvel        xx...x...x..x..x...x...xxx..x..x/2           |1234|1234|1234|1234|1234|1234|1234|…  1
 959  norvel        x.....x....x....xx....x....xx.....x....…     |1234|1234|1234|1234|1234|1234|1234|…  0
 960  norvel        x...x..xx..xx...x..x...x..xx/2               |1234|1234|1234|1234|1234|1234|1234|…  1
 961  norvel        x..x..x...x..x..x..x...x...x/2               |1234|1234|1234|1234|1234|1234|1234|…  1
 962  norvel        x...x...xxx...x...xx....xxx...x...x...x…     |1234|1234|1234|1234|1234|1234|1234|…  0
 963  norvel        x..x...xx...xxx..x...x..x..x..xx..xx/7       |1234|1234|1234|1234|1234|1234|1234|…  1
 964  norvel        x....x...x...x....x...x....x...x...x/2       |1234|1234|1234|1234|1234|1234|1234|…  1
 965  norvel        x...x..x...x..x..x...x..x..x/4               |1234|1234|1234|1234|1234|1234|1234|…  0
 966  norvel        x....xx....x....x.....x....x....x....x.…     |1234|1234|1234|1234|1234|1234|1234|…  0
 967  norvel        x..xx..x..xx..xx..x...x..xxx..xx...xx..…     |1234|1234|1234|1234|1234|1234|1234|…  0
 968  norvel        x....x...x....x....x...x...x...x...x/2       |1234|1234|1234|1234|1234|1234|1234|…  1
 969  norvel        x...x...x...x...x....x....x....x...x...…     |1234|1234|1234|1234|1234|1234|1234|…  0
 970  norvel        xx..xx..x..xx..x...x...x...x..xx..xx...…     |1234|1234|1234|1234|1234|1234|1234|…  0
 971  norvel        x...x...x....x...x....x...xx...x...x/3       |1234|1234|1234|1234|1234|1234|1234|…  0
 972  norvel        x...x...x...x....x...x...x....x...x...x…     |1234|1234|1234|1234|1234|1234|1234|…  0
 973  norvel        x..x..x..x..x..x...x..x...xx/4               |1234|1234|1234|1234|1234|1234|1234|…  1
 974  norvel        xx..x...xx..xx...x..x..xx..x..xx/5           |1234|1234|1234|1234|1234|1234|1234|…  0
 975  norvel        x...x..x..x..x..x..x..xxx..x/4               |1234|1234|1234|1234|1234|1234|1234|…  1
 976  norvel        xx..x...xxx...x..x..x...x..x..x..xx..xx…     |1234|1234|1234|1234|1234|1234|1234|…  0
 977  norvel        x..x..x..x..x..x..x...x..x..x..x/5           |1234|1234|1234|1234|1234|1234|1234|…  0
 978  norvel        x...x...x....x...x....x...x....x...x...…     |1234|1234|1234|1234|1234|1234|1234|…  1
 979  norvel        xxx...x...x...x...x...x...x....x/3           |1234|1234|1234|1234|1234|1234|1234|…  1
 980  norvel        x....x...xx...x...x...x....x...x...x/3       |1234|1234|1234|1234|1234|1234|1234|…  0
 981  norvel        x...x..x..x...x...x..x..x..x/4               |1234|1234|1234|1234|1234|1234|1234|…  0
 982  norvel        xx..x...xxx..x..xx...x..x..x/4               |1234|1234|1234|1234|1234|1234|1234|…  0
 983  norvel        x...x...x...x....x....x...x...x...xx...…     |1234|1234|1234|1234|1234|1234|1234|…  0
 984  norvel        x...x...x...x...x....xx...x...x...xx/3       |1234|1234|1234|1234|1234|1234|1234|…  0
 985  norvel        xxx..x..xx..x...xx..xx..xx..x..x/2           |1234|1234|1234|1234|1234|1234|1234|…  1
 986  norvel        x....xx....xx....xx.....xx.....x.....x.…     |1234|1234|1234|1234|1234|1234|1234|…  1
 987  norvel        x....x....x....x....xxx....x.....x....x…     |1234|1234|1234|1234|1234|1234|1234|…  0
 988  norvel        x....x...xx...x....x....x...x...x...xx.…     |1234|1234|1234|1234|1234|1234|1234|…  1
 989  norvel        x..x..xx...xxx...x..x...xxx..xx...x...x…     |1234|1234|1234|1234|1234|1234|1234|…  0
 990  norvel        x..x..x..x..x...xx..x...x...x..x...x/8       |1234|1234|1234|1234|1234|1234|1234|…  1
 991  norvel        xx....x....x....xx....x.....x.....x....…     |1234|1234|1234|1234|1234|1234|1234|…  0
 992  norvel        x..x..xx...x..x..x...x..x..x/4               |1234|1234|1234|1234|1234|1234|1234|…  1
 993  norvel        xx....xx.....xx....x....x....xxx....x..…     |1234|1234|1234|1234|1234|1234|1234|…  0
 994  norvel        xx....x...x....x....x...x....x...x....x…     |1234|1234|1234|1234|1234|1234|1234|…  1
 995  norvel        x..xx...xx..xx..x..xx..xx..x/5               |1234|1234|1234|1234|1234|1234|1234|…  1
 996  norvel        x..x...x..xx..x...xxx...x..x/2               |1234|1234|1234|1234|1234|1234|1234|…  0
 997  norvel        x..x..x...x...xx..x..x..x..x/5               |1234|1234|1234|1234|1234|1234|1234|…  0
 998  norvel        x...x...x...x....x...x...x...x...xx...x…     |1234|1234|1234|1234|1234|1234|1234|…  1
 999  norvel        x.....xx....x....x.....x....x....x....x…     |1234|1234|1234|1234|1234|1234|1234|…  1
1000  norvel        x...x..x..x..x..x..xx..x..xx/2               |1234|1234|1234|1234|1234|1234|1234|…  1
1001  norvel        x..x..x..x...xx..x..x..x...x/5               |1234|1234|1234|1234|1234|1234|1234|…  0
1002  norvel        xx...x...x...x....x...x....x....xx...x.…     |1234|1234|1234|1234|1234|1234|1234|…  1
1003  norvel        x..x..x...x..x...x..xx..x...x..x/5           |1234|1234|1234|1234|1234|1234|1234|…  0
1004  norvel        xx....xx....x....x.....x....x....x....x…     |1234|1234|1234|1234|1234|1234|1234|…  1
1005  norvel        xx...xx....x...x...x...x...x...x....xx.…     |1234|1234|1234|1234|1234|1234|1234|…  1
1006  norvel        x...xx....x...x...xx...xx...x...x...xx.…     |1234|1234|1234|1234|1234|1234|1234|…  0
1007  norvel        x...xx...x...xx...x....x...x...x...x/2       |1234|1234|1234|1234|1234|1234|1234|…  1
1008  norvel        x...x...x...xx....xx....x...x....xx....…     |1234|1234|1234|1234|1234|1234|1234|…  0
1009  norvel        xx...x....x...x...x....x....xx....x...x…     |1234|1234|1234|1234|1234|1234|1234|…  0
1010  norvel        x..x...x...x...xx...xx..x..x...xx..xx..…     |1234|1234|1234|1234|1234|1234|1234|…  1
1011  norvel        x....x...xx....x...x....x....x....x...x…     |1234|1234|1234|1234|1234|1234|1234|…  0
1012  norvel        x...x....x...x....x....x....x....x....x…     |1234|1234|1234|1234|1234|1234|1234|…  0
1013  norvel        x...x...x...xx....x....x...x...xx...x..…     |1234|1234|1234|1234|1234|1234|1234|…  1
1014  norvel        x...xx..x...xx...x...x..x..x...x/4           |1234|1234|1234|1234|1234|1234|1234|…  1
1015  norvel        xx...x...x....xx....xx...x....x...x....…     |1234|1234|1234|1234|1234|1234|1234|…  0
1016  norvel        x....x....x....x.....x....x....x.....x.…     |1234|1234|1234|1234|1234|1234|1234|…  0
1017  norvel        xx...x...x...xxx..xxx..xxx...x..x..x/6       |1234|1234|1234|1234|1234|1234|1234|…  0
1018  norvel        x..x..x..x..x...xx..xx..xx..x...x..x/7       |1234|1234|1234|1234|1234|1234|1234|…  0
1019  norvel        x...x....x...x....x...x...x....x...x/2       |1234|1234|1234|1234|1234|1234|1234|…  1
1020  norvel        x...x..x...x...xx..xx...xx..x..xx...x..…     |1234|1234|1234|1234|1234|1234|1234|…  0
1021  norvel        xx...xx...x...x...x...x....x...x...x/3       |1234|1234|1234|1234|1234|1234|1234|…  0
1022  norvel        xx...x...x...x...x...x...xx...x...x....…     |1234|1234|1234|1234|1234|1234|1234|…  1
1023  norvel        x..x..x..x..x...x..x...x...x/4               |1234|1234|1234|1234|1234|1234|1234|…  0
1024  norvel        x..x..x...x...xx..xx..x..x..x..x...x/5       |1234|1234|1234|1234|1234|1234|1234|…  0
1025  norvel        xx..x..x..x...xx..x..x...x...x..x..x/6       |1234|1234|1234|1234|1234|1234|1234|…  0
1026  norvel        x...x...x...xx...x....x...x...x....x/5       |1234|1234|1234|1234|1234|1234|1234|…  0
1027  norvel        x...x...xx..xx...x..x..x..xx...x/6           |1234|1234|1234|1234|1234|1234|1234|…  0
1028  norvel        x...x...x...xx...x...x....x...x...x....…     |1234|1234|1234|1234|1234|1234|1234|…  0
1029  norvel        x...x..xx..xxx..x..x...xxx..x..x..xx..x…     |1234|1234|1234|1234|1234|1234|1234|…  0
1030  norvel        x..xx..x..x..x..x..x..x...xx...x/4           |1234|1234|1234|1234|1234|1234|1234|…  0
1031  norvel        x...x...x...xx..x..xx..x..x...x...xx/6       |1234|1234|1234|1234|1234|1234|1234|…  0
1032  norvel        x..xx..x..x..x..x..xx...x..x...x...x/6       |1234|1234|1234|1234|1234|1234|1234|…  0
1033  norvel        x..x...x..x..x..x..x...x...x/4               |1234|1234|1234|1234|1234|1234|1234|…  0
1034  norvel        x..x..x..xx...x..xx..x...x..x...x..x/4       |1234|1234|1234|1234|1234|1234|1234|…  1
1035  norvel        x...x...x..xx...x...xx...x...xx..xxx..x…     |1234|1234|1234|1234|1234|1234|1234|…  1
1036  norvel        x..xx..x..x..xx...x..xxx...x...x/2           |1234|1234|1234|1234|1234|1234|1234|…  1
1037  norvel        xx...x..x..x..x..xx..x...xx..x..x..x/6       |1234|1234|1234|1234|1234|1234|1234|…  0
1038  norvel        xx...xx...xxx..x..x..xx...xx..x...xx/5       |1234|1234|1234|1234|1234|1234|1234|…  0
1039  norvel        x...x..x..x..x...x..x..x...x/6               |1234|1234|1234|1234|1234|1234|1234|…  1
1040  norvel        x...x...x...x....x...x...x...x....x...x…     |1234|1234|1234|1234|1234|1234|1234|…  1
1041  norvel        x..x...x..x..x..xxx...x..x..x..x/5           |1234|1234|1234|1234|1234|1234|1234|…  1
1042  norvel        xx...xx....x...x....x....xx....x...x/5       |1234|1234|1234|1234|1234|1234|1234|…  1
1043  norvel        x....x....x....x....x....xx....x....xx.…     |1234|1234|1234|1234|1234|1234|1234|…  1
1044  norvel        x....x....x....x....x.....x....xx....x.…     |1234|1234|1234|1234|1234|1234|1234|…  0
1045  norvel        x...x....x...x...x...xx...x...x...xx/2       |1234|1234|1234|1234|1234|1234|1234|…  1
1046  norvel        x..xx..xxx...xx...xx...xx..xx...x..x/2       |1234|1234|1234|1234|1234|1234|1234|…  1
1047  norvel        x..x...x..x..xxx..x..xx...xxx..xx..x..x…     |1234|1234|1234|1234|1234|1234|1234|…  1
1048  norvel        x....x...x...x...x...x...x....xx...x/3       |1234|1234|1234|1234|1234|1234|1234|…  0
1049  norvel        x....x.....x....x....x.....x....x....x.…     |1234|1234|1234|1234|1234|1234|1234|…  0
1050  norvel        xx....x....x.....x....xx.....x....x....…     |1234|1234|1234|1234|1234|1234|1234|…  1
1051  norvel        x...x....x....x...xx....x...x....xx....…     |1234|1234|1234|1234|1234|1234|1234|…  1
1052  norvel        xx....x.....x....x....x....x....xx....x…     |1234|1234|1234|1234|1234|1234|1234|…  0
1053  norvel        x...xxx..x...x...xx...xx...xx..x..xxx..…     |1234|1234|1234|1234|1234|1234|1234|…  0
1054  norvel        x...x..x..x...x..x..x...x...x..x/6           |1234|1234|1234|1234|1234|1234|1234|…  1
1055  norvel        xx...xxx...xx...xx....x...x...x...xx...…     |1234|1234|1234|1234|1234|1234|1234|…  0
1056  norvel        x....x....x....x....x....x.....x.....x.…     |1234|1234|1234|1234|1234|1234|1234|…  1
1057  norvel        x..xxx..xxx..x..x..x..xx...x...x...x..x…     |1234|1234|1234|1234|1234|1234|1234|…  0
1058  norvel        x....xx...x...x....xx...xx....x....x...…     |1234|1234|1234|1234|1234|1234|1234|…  1
1059  norvel        x...x...x...x....x...x....x....x...x/2       |1234|1234|1234|1234|1234|1234|1234|…  1
1060  norvel        x...x...x...x....x....xx....xx...x....x…     |1234|1234|1234|1234|1234|1234|1234|…  0
1061  norvel        x...x...x...xxx...x....xx....xx...xx...…     |1234|1234|1234|1234|1234|1234|1234|…  0
1062  norvel        x..x...x..x..x..x..x...x..x...xx/4           |1234|1234|1234|1234|1234|1234|1234|…  0
1063  norvel        x...x..x..x..xx...xx..x...x..xx..xx...x…     |1234|1234|1234|1234|1234|1234|1234|…  0
1064  norvel        x...xx....x...xx...xxx....x...xx...x...…     |1234|1234|1234|1234|1234|1234|1234|…  0
1065  norvel        x..xx...x..xx..x..x..x...x..x..x/5           |1234|1234|1234|1234|1234|1234|1234|…  1
1066  norvel        x...x..x..x..x..x..x...x...x/4               |1234|1234|1234|1234|1234|1234|1234|…  0
1067  norvel        x.....x.....x....x....x....x....x.....x…     |1234|1234|1234|1234|1234|1234|1234|…  1
1068  norvel        x...x..x..x..xx..x..x..x...x...x/7           |1234|1234|1234|1234|1234|1234|1234|…  1
1069  norvel        x....x....x...xx...x....x....x....xx/3       |1234|1234|1234|1234|1234|1234|1234|…  1
1070  norvel        x...x..x..x..x..x..x...x...x/2               |1234|1234|1234|1234|1234|1234|1234|…  1
1071  norvel        x...xx...xx...xx..x..xx...xxx..x/2           |1234|1234|1234|1234|1234|1234|1234|…  1
1072  norvel        xx....x.....x.....x....xx.....x.....x..…     |1234|1234|1234|1234|1234|1234|1234|…  1
1073  norvel        xx..x...x..x...x..x..xx..x..x...x..x/4       |1234|1234|1234|1234|1234|1234|1234|…  1
1074  norvel        xx...x...x....xxx....x....x....x...x/2       |1234|1234|1234|1234|1234|1234|1234|…  0
1075  norvel        xx...xxx..x..xx..x..x..x..xx/5               |1234|1234|1234|1234|1234|1234|1234|…  1
1076  norvel        x...x...x...xx....x....x...x...x...x/5       |1234|1234|1234|1234|1234|1234|1234|…  0
1077  norvel        x...x..x..x...x..x..xx..x..x...x/7           |1234|1234|1234|1234|1234|1234|1234|…  1
1078  norvel        x...x..x..xx...xx...xxx..x..xx..x..xx..…     |1234|1234|1234|1234|1234|1234|1234|…  1
1079  norvel        x...xx..x..xx..x..xx...x...x/2               |1234|1234|1234|1234|1234|1234|1234|…  0
1080  norvel        x...x..xx..x...xx..x..x..x..x..x...x/4       |1234|1234|1234|1234|1234|1234|1234|…  1
1081  norvel        x...x...x...x...x....x....x...x....x...…     |1234|1234|1234|1234|1234|1234|1234|…  1
1082  norvel        xx...xx..x...x...x..x..xxx..xx..x..x/4       |1234|1234|1234|1234|1234|1234|1234|…  0
1083  norvel        x....xx....x...x...x...x...x...x...x...…     |1234|1234|1234|1234|1234|1234|1234|…  0
1084  norvel        x...x...x...x....x...x....x...x...x...x…     |1234|1234|1234|1234|1234|1234|1234|…  1
1085  norvel        x...x...x..xx..x...xx..x...x/2               |1234|1234|1234|1234|1234|1234|1234|…  1
1086  norvel        x..x..x..x...xx...x..xx..xxx...x/6           |1234|1234|1234|1234|1234|1234|1234|…  1
1087  norvel        x...x....xx....xx...x...xx...xx....x...…     |1234|1234|1234|1234|1234|1234|1234|…  1
1088  norvel        xxx...x..x..xx..xx..x..xx..x..xx/6           |1234|1234|1234|1234|1234|1234|1234|…  1
1089  norvel        x..x...x..x..x...x...x..x...x..x/6           |1234|1234|1234|1234|1234|1234|1234|…  1
1090  norvel        x..xx..x..x..x...x...x..xxx...xx..xx/5       |1234|1234|1234|1234|1234|1234|1234|…  0
1091  norvel        xx...x....x...xx...x...x....xx....xx...…     |1234|1234|1234|1234|1234|1234|1234|…  1
1092  norvel        x...x..xx..x...x..xxx..x...xx..xxx..x..…     |1234|1234|1234|1234|1234|1234|1234|…  1
1093  norvel        xx....xx...xx...xx....x....x...x...x/2       |1234|1234|1234|1234|1234|1234|1234|…  0
1094  norvel        x...x...x...xx...x..x..x...x...xx..x/5       |1234|1234|1234|1234|1234|1234|1234|…  0
1095  norvel        x....xx...xx...x...x...x...x...x...x...…     |1234|1234|1234|1234|1234|1234|1234|…  0
1096  norvel        x....x....x...x...x...x....xxx...x....x…     |1234|1234|1234|1234|1234|1234|1234|…  0
1097  norvel        x...x...xx...x...x...x....x....x/3           |1234|1234|1234|1234|1234|1234|1234|…  1
1098  norvel        x....x....xxx....x....xx....x....xx....…     |1234|1234|1234|1234|1234|1234|1234|…  1
1099  norvel        x..xx...x..x..x..xx...x...x..xx...xx...…     |1234|1234|1234|1234|1234|1234|1234|…  1
1100  norvel        x....x....x.....x....x....x....x.....x.…     |1234|1234|1234|1234|1234|1234|1234|…  1
1101  norvel        x..x..x...x...x..x..x..x...x/6               |1234|1234|1234|1234|1234|1234|1234|…  1
1102  norvel        x..x...xx..x..xx..x..x..x...x...x..x/6       |1234|1234|1234|1234|1234|1234|1234|…  0
1103  norvel        xx....xx....xxx...xx....x...x...x....xx…     |1234|1234|1234|1234|1234|1234|1234|…  0
1104  norvel        x..x..xxx...x..xxx..x..xx..x...x/4           |1234|1234|1234|1234|1234|1234|1234|…  1
1105  norvel        xx...x..xx..x..x...x..x...x..x..x..x/6       |1234|1234|1234|1234|1234|1234|1234|…  0
1106  norvel        xxx..x...x...x...x..x...x...x..x..xx/7       |1234|1234|1234|1234|1234|1234|1234|…  0
1107  norvel        x..x..x..xx...x..xxx..x...xx/4               |1234|1234|1234|1234|1234|1234|1234|…  0
1108  norvel        x..x..x..x...xx..x..xx...xx...x..xx...x…     |1234|1234|1234|1234|1234|1234|1234|…  1
1109  norvel        x..x..x..xxx..x..x..xx..x..x...x/7           |1234|1234|1234|1234|1234|1234|1234|…  0
1110  norvel        x...xx....xx...x...x....xx...x....x....…     |1234|1234|1234|1234|1234|1234|1234|…  0
1111  norvel        x....x...x...x...xx...x...x...xx...x/3       |1234|1234|1234|1234|1234|1234|1234|…  0
1112  norvel        xx.....x....xx....x....x....x....xx....…     |1234|1234|1234|1234|1234|1234|1234|…  0
1113  norvel        x....x...x...x...x...x....x...x....x/2       |1234|1234|1234|1234|1234|1234|1234|…  1
1114  norvel        xx...xx..x...x..x..xx..x..xx/4               |1234|1234|1234|1234|1234|1234|1234|…  0
1115  norvel        x....xx...xx....x...xx...x...xx...xx/3       |1234|1234|1234|1234|1234|1234|1234|…  1
1116  norvel        x....xx...xxx....x....x...xx...xxx....x…     |1234|1234|1234|1234|1234|1234|1234|…  0
1117  norvel        x..xx...x..xx...xx...xx..xxx..xx/5           |1234|1234|1234|1234|1234|1234|1234|…  1
1118  norvel        x...xx...xx..xxx..xx...x...x...x..xx/2       |1234|1234|1234|1234|1234|1234|1234|…  1
1119  norvel        x...x...x....x....xx...x...x...x...x...…     |1234|1234|1234|1234|1234|1234|1234|…  0
1120  norvel        x....xx...x...x...x...x...x....x...x/5       |1234|1234|1234|1234|1234|1234|1234|…  0
1121  norvel        x..x..x...x...x..x..x...x..x/4               |1234|1234|1234|1234|1234|1234|1234|…  0
1122  norvel        xxx....xx....x....xx....xxx....x.....x.…     |1234|1234|1234|1234|1234|1234|1234|…  0
1123  norvel        xx..x..x...x..xx..x..x..x...x..x/4           |1234|1234|1234|1234|1234|1234|1234|…  0
1124  norvel        x...x....x....x....xx....x...x....x....…     |1234|1234|1234|1234|1234|1234|1234|…  0
1125  norvel        xx..xxx..x...xx...x...xx...x..x...x...x…     |1234|1234|1234|1234|1234|1234|1234|…  0
1126  norvel        x..x...x..x..x..x..x..xx...x...x...x/5       |1234|1234|1234|1234|1234|1234|1234|…  0
1127  norvel        xx..xx...x..x..x...x..x..x..x..x..xx/4       |1234|1234|1234|1234|1234|1234|1234|…  1
1128  norvel        xxx...x....xxx....x...x....xx...x....xx…     |1234|1234|1234|1234|1234|1234|1234|…  0
1129  norvel        xx...xx...x..x..xx..x...xx..xx..xx..x..…     |1234|1234|1234|1234|1234|1234|1234|…  1
1130  norvel        x...x..x..x..xx..xx..x...x..x..xx..x/4       |1234|1234|1234|1234|1234|1234|1234|…  1
1131  norvel        x....x...x...x...x....x....x...x/5           |1234|1234|1234|1234|1234|1234|1234|…  1
1132  norvel        x....x....xxx....xxx....x.....x....xxx.…     |1234|1234|1234|1234|1234|1234|1234|…  0
1133  norvel        x..xx..x...x..x...xx...x..x..xxx/2           |1234|1234|1234|1234|1234|1234|1234|…  1
1134  norvel        x.....x....x....x....x....x.....x....x.…     |1234|1234|1234|1234|1234|1234|1234|…  0
1135  norvel        x..x..x...x..x...x..x..x...x/4               |1234|1234|1234|1234|1234|1234|1234|…  0
1136  norvel        x...xxx...xx...xx...x....xxx...x...x/5       |1234|1234|1234|1234|1234|1234|1234|…  1
1137  norvel        x....x...x...x....x...x...x....x...x/2       |1234|1234|1234|1234|1234|1234|1234|…  1
1138  norvel        x....xxx...xx...xx....x....x....xx....x…     |1234|1234|1234|1234|1234|1234|1234|…  0
1139  norvel        x...xx..x..x..x...x..x...x...xx...x...x…     |1234|1234|1234|1234|1234|1234|1234|…  0
1140  norvel        x....x.....x....xx.....xx....x....x....…     |1234|1234|1234|1234|1234|1234|1234|…  1
1141  norvel        x....x...x...x....x....x...xx....x...xx…     |1234|1234|1234|1234|1234|1234|1234|…  0
1142  norvel        x...x....x...x....xx....x...xxx...xx...…     |1234|1234|1234|1234|1234|1234|1234|…  1
1143  norvel        x..x...x...x..x..x..x...x...x..x/6           |1234|1234|1234|1234|1234|1234|1234|…  1
1144  norvel        xx..x..x..x..x...xx..x..xx..x..x/6           |1234|1234|1234|1234|1234|1234|1234|…  0
1145  norvel        x...x...x...x...xx...x....x....x...x/5       |1234|1234|1234|1234|1234|1234|1234|…  0
1146  norvel        x...xx...xx...x...x...x....x...x/2           |1234|1234|1234|1234|1234|1234|1234|…  0
1147  norvel        x..xx...xx..xxx..xx..xx...x...xx...x/5       |1234|1234|1234|1234|1234|1234|1234|…  0
1148  norvel        x..xx...x...x...x...x...xx..x..x/6           |1234|1234|1234|1234|1234|1234|1234|…  1
1149  norvel        x...x...x....x...x...x...x....x....x/6       |1234|1234|1234|1234|1234|1234|1234|…  1
1150  norvel        x...x...x..x...x..x..x...x...x..x..x/7       |1234|1234|1234|1234|1234|1234|1234|…  1
1151  norvel        x..x...x..x..xx..x..x..xx..x..xx/5           |1234|1234|1234|1234|1234|1234|1234|…  0
1152  norvel        xx...x..xx...x...x...x...xx...xx/4           |1234|1234|1234|1234|1234|1234|1234|…  0
1153  norvel        xx...x..x..x...x..x..x...x..x..xx..x/4       |1234|1234|1234|1234|1234|1234|1234|…  1
1154  norvel        x....xx.....x....x....x.....x.....x....…     |1234|1234|1234|1234|1234|1234|1234|…  0
1155  norvel        xx..x...xx...x..x...x..xx..x..x..xxx..x…     |1234|1234|1234|1234|1234|1234|1234|…  0
1156  norvel        x.....x....x....xxx.....x....xx.....x..…     |1234|1234|1234|1234|1234|1234|1234|…  0
1157  norvel        x...x..x..x..x...x..x..x...x/2               |1234|1234|1234|1234|1234|1234|1234|…  1
1158  norvel        xx..x..x..xx..xx..xx...x..xxx...x..x..x…     |1234|1234|1234|1234|1234|1234|1234|…  1
1159  norvel        x....x.....x....x.....xx....xx....xx...…     |1234|1234|1234|1234|1234|1234|1234|…  1
1160  norvel        x...x....x...x...x...x...x....x...x....…     |1234|1234|1234|1234|1234|1234|1234|…  1
1161  norvel        x..xx...xx..x...x..x..x...x..x..x..x/5       |1234|1234|1234|1234|1234|1234|1234|…  0
1162  norvel        x...x..x...x..x..x..x..x...xxx..x..x/4       |1234|1234|1234|1234|1234|1234|1234|…  1
1163  norvel        x...xx...xx...x...xx...x....x....x....x…     |1234|1234|1234|1234|1234|1234|1234|…  0
1164  norvel        x..xx..xx..xxx..x..xx..x...x...x/5           |1234|1234|1234|1234|1234|1234|1234|…  0
1165  norvel        xx..x..xx..x..xx...x...x...x/2               |1234|1234|1234|1234|1234|1234|1234|…  0
1166  norvel        x....xx...xx....xxx....xx...x....xxx...…     |1234|1234|1234|1234|1234|1234|1234|…  1
1167  norvel        x...x...xx...x...x...x....x...x...xx/6       |1234|1234|1234|1234|1234|1234|1234|…  1
1168  norvel        xxx...x..x...x...x..x...x..x..xx..x..xx…     |1234|1234|1234|1234|1234|1234|1234|…  0
1169  norvel        xxx..x..xx..x..x..xx..x..xxx...x...x..x…     |1234|1234|1234|1234|1234|1234|1234|…  0
1170  norvel        xx...x...x...x....x....x...x...x...x/3       |1234|1234|1234|1234|1234|1234|1234|…  0
1171  norvel        x....x....x....x.....x.....x.....x....x…     |1234|1234|1234|1234|1234|1234|1234|…  1
1172  norvel        xx...xx...xx...x...x...xxx...x...x...x.…     |1234|1234|1234|1234|1234|1234|1234|…  0
1173  norvel        x..x..x...x...xx...x...x...x..xx/2           |1234|1234|1234|1234|1234|1234|1234|…  1
1174  norvel        x..x...x...x...x...x..xx...x..xx/4           |1234|1234|1234|1234|1234|1234|1234|…  1
1175  norvel        x....xx...x...xx...x...x...x...xx....xx…     |1234|1234|1234|1234|1234|1234|1234|…  0
1176  norvel        x...x..x..x..x..x..xx..x..xx/5               |1234|1234|1234|1234|1234|1234|1234|…  0
1177  norvel        x....xx.....x.....x.....x.....x....x...…     |1234|1234|1234|1234|1234|1234|1234|…  1
1178  norvel        x..x...xx...xx...xx..x..x..x/2               |1234|1234|1234|1234|1234|1234|1234|…  0
1179  norvel        x...x...x...x...x....x...x...xx....x...…     |1234|1234|1234|1234|1234|1234|1234|…  0
1180  norvel        x...x....x...xxx...xx....x....x....x...…     |1234|1234|1234|1234|1234|1234|1234|…  1
1181  norvel        x....x...x...x....xx...x...x...x...x...…     |1234|1234|1234|1234|1234|1234|1234|…  0
1182  norvel        x...xx..x..xx...x..xx..x..xx/4               |1234|1234|1234|1234|1234|1234|1234|…  0
1183  norvel        x..xxx..x..x..x..x..x..xx..x...xx..x/7       |1234|1234|1234|1234|1234|1234|1234|…  0
1184  norvel        x....x....x...xx....x...x...x...x...x..…     |1234|1234|1234|1234|1234|1234|1234|…  1
1185  norvel        x..xx...x..x...x..x..x...x..x..xx..x/4       |1234|1234|1234|1234|1234|1234|1234|…  1
1186  norvel        x..x..xx...x...x..x..xx...x..x..x..x/4       |1234|1234|1234|1234|1234|1234|1234|…  1
1187  norvel        x.....x....x....x....x....xx....xx....x…     |1234|1234|1234|1234|1234|1234|1234|…  0
1188  norvel        xx...x....x...x...xx...xxx...xx...x...x…     |1234|1234|1234|1234|1234|1234|1234|…  0
1189  norvel        xx...x....x...x...x....x...x...x...x...…     |1234|1234|1234|1234|1234|1234|1234|…  0
1190  norvel        x....x.....x....x....x.....xx....x.....…     |1234|1234|1234|1234|1234|1234|1234|…  0
1191  norvel        x..xx..xxx..x..xx..xx..x...x/4               |1234|1234|1234|1234|1234|1234|1234|…  0
1192  norvel        x...x...x...x...x...xx....x...x...x...x…     |1234|1234|1234|1234|1234|1234|1234|…  1
1193  norvel        x...x..x..xx..xx..x..x..x..x/2               |1234|1234|1234|1234|1234|1234|1234|…  1
1194  norvel        x....x...x...x...x....x...x....x...x...…     |1234|1234|1234|1234|1234|1234|1234|…  1
1195  norvel        xx..x..x..x..x..x..xx..x...xxx..x..x/4       |1234|1234|1234|1234|1234|1234|1234|…  0
1196  norvel        x...x....xx...x...xx...x....xx....xx...…     |1234|1234|1234|1234|1234|1234|1234|…  1
1197  norvel        xx...x...xx..xx..xxx...x...xx..x/2           |1234|1234|1234|1234|1234|1234|1234|…  1
1198  norvel        x...x...x...x...x...x...x....x....xx/5       |1234|1234|1234|1234|1234|1234|1234|…  0
1199  norvel        x...x...x...x....x...x....xx....xx...xx…     |1234|1234|1234|1234|1234|1234|1234|…  0
1200  norvel        xx...x..x..x..x..x..x..xx..x...x/6           |1234|1234|1234|1234|1234|1234|1234|…  1
1201  norvel        x..x..xx...x...x...xx...x...x..x/6           |1234|1234|1234|1234|1234|1234|1234|…  1
1202  norvel        x...x....x....x....x...x...xx...xx...x.…     |1234|1234|1234|1234|1234|1234|1234|…  0
1203  norvel        x..x..xxx..x..x..x...xx...x..x..x..x/4       |1234|1234|1234|1234|1234|1234|1234|…  1
1204  norvel        x...x..x...x..x...xx..x...xx/5               |1234|1234|1234|1234|1234|1234|1234|…  1
1205  norvel        x..x..x..x...x...xx..x..x..xx..x...x/4       |1234|1234|1234|1234|1234|1234|1234|…  1
1206  norvel        x...xx...x..x..x...x..x...x..x..x..x/5       |1234|1234|1234|1234|1234|1234|1234|…  0
1207  norvel        xx...x..x..x..xx..x...x..x..x..xx..x/7       |1234|1234|1234|1234|1234|1234|1234|…  0
1208  norvel        x...x..xx...x..x..x...x..x..x..x/7           |1234|1234|1234|1234|1234|1234|1234|…  1
1209  norvel        x..x..xx...x..x..x..x...x...x...x..x/5       |1234|1234|1234|1234|1234|1234|1234|…  0
1210  norvel        x...x..xxx..x..x..xx...x..xx...x/2           |1234|1234|1234|1234|1234|1234|1234|…  1
1211  norvel        x...x...x....x....x...x...x...x...x....…     |1234|1234|1234|1234|1234|1234|1234|…  1
1212  norvel        x...x..x..x..x..x..x..x..x..x..x/5           |1234|1234|1234|1234|1234|1234|1234|…  0
1213  norvel        x..x..x..xx..x..x..x...x...x...x..xx/4       |1234|1234|1234|1234|1234|1234|1234|…  1
1214  norvel        x...x...xx...xx...x...x....x...x/5           |1234|1234|1234|1234|1234|1234|1234|…  1
1215  norvel        xx..x..x..xx...x..x..x..x..x...x/5           |1234|1234|1234|1234|1234|1234|1234|…  1
1216  norvel        x...x....x...x...x...x....x....x/2           |1234|1234|1234|1234|1234|1234|1234|…  0
1217  norvel        xxx....xx...x....x....x...x....x...x...…     |1234|1234|1234|1234|1234|1234|1234|…  1
1218  norvel        x....xx....xxx....xx....x.....x....xxx.…     |1234|1234|1234|1234|1234|1234|1234|…  0
1219  norvel        xxx..x..x...x...xx...x...x...x..xxx..x.…     |1234|1234|1234|1234|1234|1234|1234|…  0
1220  norvel        x...x..x..x..x...x...x...x...x..x..x/8       |1234|1234|1234|1234|1234|1234|1234|…  1
1221  norvel        xx....x....x...x...x...xxx...x...xx....…     |1234|1234|1234|1234|1234|1234|1234|…  1
1222  norvel        x...x...xx...x...xx...x....x...x...x...…     |1234|1234|1234|1234|1234|1234|1234|…  1
1223  norvel        x....x...xx...x...xx...xx....xx...x....…     |1234|1234|1234|1234|1234|1234|1234|…  0
1224  norvel        x....x....x.....x....x.....x....x....x.…     |1234|1234|1234|1234|1234|1234|1234|…  1
1225  norvel        x...x...xx...x...x...x...x....x...x...x…     |1234|1234|1234|1234|1234|1234|1234|…  0
1226  norvel        x...x....x...x...x...x...x....x...xx...…     |1234|1234|1234|1234|1234|1234|1234|…  0
1227  norvel        x....xx....xx....x...x...x...x...x...xx…     |1234|1234|1234|1234|1234|1234|1234|…  0
1228  norvel        xx..xx..xx..x...xx..xx..xx..x..x/2           |1234|1234|1234|1234|1234|1234|1234|…  1
1229  norvel        x...x..xxx..x..x..xx...x..x..x..x..x/5       |1234|1234|1234|1234|1234|1234|1234|…  0
1230  norvel        x...x....x...x....x...x...x...x....x/6       |1234|1234|1234|1234|1234|1234|1234|…  1
1231  norvel        x....x....xx....xxx...x...x....x...x...…     |1234|1234|1234|1234|1234|1234|1234|…  1
1232  norvel        x...x...x...x...x...x...x...xxx....x/3       |1234|1234|1234|1234|1234|1234|1234|…  0
1233  norvel        x..x..x..x..xxx..xx..x..x..x..xx...x/5       |1234|1234|1234|1234|1234|1234|1234|…  0
1234  norvel        x..x..xx..x..x..xx..x..x..x...xx/5           |1234|1234|1234|1234|1234|1234|1234|…  0
1235  norvel        x...x...xx...xxx...xx....xxx...x...x/3       |1234|1234|1234|1234|1234|1234|1234|…  1
1236  norvel        xx...x...xxx....x....x....xx...x...x/5       |1234|1234|1234|1234|1234|1234|1234|…  1
1237  norvel        x....x...xx...x...xx....x...x...x....xx…     |1234|1234|1234|1234|1234|1234|1234|…  1
1238  norvel        xx...x....x...x....xx...x....xx....x...…     |1234|1234|1234|1234|1234|1234|1234|…  0
1239  norvel        x...xx..x..x..x..x...x..xx..x..x/4           |1234|1234|1234|1234|1234|1234|1234|…  0
1240  norvel        xx...x...x...xx...x....x....xxx...xxx..…     |1234|1234|1234|1234|1234|1234|1234|…  0
1241  norvel        x..x...xx..x..x..xx..x..x..x/6               |1234|1234|1234|1234|1234|1234|1234|…  1
1242  norvel        x..x..x..x..x...x..x..x..x..x..x/4           |1234|1234|1234|1234|1234|1234|1234|…  0
1243  norvel        xxx...x...x....xx....x....x...xxx...xx.…     |1234|1234|1234|1234|1234|1234|1234|…  1
1244  norvel        x....x...x...x....x...x....x...x/2           |1234|1234|1234|1234|1234|1234|1234|…  0
1245  norvel        x..x..x..x..x...xx..x..xx...xxx..xxx..x…     |1234|1234|1234|1234|1234|1234|1234|…  0
1246  norvel        x...xxx...xx...x...xx...x...xx...x....x…     |1234|1234|1234|1234|1234|1234|1234|…  0
1247  norvel        x...xxx..x..xxx...x..x...x..x..x..xx/4       |1234|1234|1234|1234|1234|1234|1234|…  0
1248  norvel        x...xx....x....x...x...x...x...x...x/3       |1234|1234|1234|1234|1234|1234|1234|…  0
1249  norvel        x..x..xx..x..x...x..x...xx...x..x..x/6       |1234|1234|1234|1234|1234|1234|1234|…  0
1250  norvel        x..xx...x..x...x...x..xx..x..x..x..x/4       |1234|1234|1234|1234|1234|1234|1234|…  1
1251  norvel        x...xx..xx...x...xx...xx..x...xx..xx/2       |1234|1234|1234|1234|1234|1234|1234|…  1
1252  norvel        x..x...x..x..x..x...x...x..x/4               |1234|1234|1234|1234|1234|1234|1234|…  0
1253  norvel        xx..x..xx...x..xx..x...x...xx..x/4           |1234|1234|1234|1234|1234|1234|1234|…  0
1254  norvel        x..xx..xx..x..xx...xx..xx..xx..x...x..x…     |1234|1234|1234|1234|1234|1234|1234|…  0
1255  norvel        xx...x..x..xx..xx..xx..xxx..x..x/6           |1234|1234|1234|1234|1234|1234|1234|…  1
1256  norvel        x....xxx...x....xx...xx....x....xx...xx…     |1234|1234|1234|1234|1234|1234|1234|…  0
1257  norvel        xx..x..x..x..x...x..x...x..x...x...x/7       |1234|1234|1234|1234|1234|1234|1234|…  1
1258  norvel        xx...x....x...x...x...x....x...x...x...…     |1234|1234|1234|1234|1234|1234|1234|…  0
1259  norvel        xx...x...x...x...xx....xx...xx...xx...x…     |1234|1234|1234|1234|1234|1234|1234|…  0
1260  norvel        x...x....x...x...x...xx....x...x...x...…     |1234|1234|1234|1234|1234|1234|1234|…  0
1261  norvel        x...x...x....x...x....x....x...x/2           |1234|1234|1234|1234|1234|1234|1234|…  0
1262  norvel        x...x...x...x....x...xx...x...x...xx...…     |1234|1234|1234|1234|1234|1234|1234|…  0
1263  norvel        x..x..x..x..x..x..x..x..x..x...x/7           |1234|1234|1234|1234|1234|1234|1234|…  0
1264  norvel        xx...xx..x..x..x...xx...xx...xx...x..xx…     |1234|1234|1234|1234|1234|1234|1234|…  1
1265  norvel        x...x...xxx....x....x...x...x....x....x…     |1234|1234|1234|1234|1234|1234|1234|…  0
1266  norvel        x..x..x...xx..x..x..x...x..x...x/7           |1234|1234|1234|1234|1234|1234|1234|…  1
1267  norvel        x....xx....x...x....x...xx...x....xx...…     |1234|1234|1234|1234|1234|1234|1234|…  0
1268  norvel        x...x....x...x...x...x....x...x...xx...…     |1234|1234|1234|1234|1234|1234|1234|…  1
1269  norvel        xx...x....x...xx....x...xx...x...xx....…     |1234|1234|1234|1234|1234|1234|1234|…  1
1270  norvel        x....x....x...x....x....x....x....x....…     |1234|1234|1234|1234|1234|1234|1234|…  1
1271  norvel        x....x....x...x...x...x...x....x...x...…     |1234|1234|1234|1234|1234|1234|1234|…  0
1272  norvel        x..xx..x..xx..x..xx..xx..xx...xx/2           |1234|1234|1234|1234|1234|1234|1234|…  1
1273  norvel        x..x..x..x..x..x..x..x..x..x...x/6           |1234|1234|1234|1234|1234|1234|1234|…  0
1274  norvel        x..x...xx..x...x..x..x..x...x..x...x/8       |1234|1234|1234|1234|1234|1234|1234|…  1
1275  norvel        x....x.....x....xx....x....x....x....xx…     |1234|1234|1234|1234|1234|1234|1234|…  1
1276  norvel        x...x....x....x....x....xx....x....x...…     |1234|1234|1234|1234|1234|1234|1234|…  0
1277  norvel        x..x..x..xx..xx..x...x..x...x..x/6           |1234|1234|1234|1234|1234|1234|1234|…  1
1278  norvel        xx...x....xx...x...x....x...x....xx...x…     |1234|1234|1234|1234|1234|1234|1234|…  0
1279  norvel        x...x...x....x...x....xxx....x....x....…     |1234|1234|1234|1234|1234|1234|1234|…  0
1280  norvel        x...x...xx...x....x...x....x...x...x...…     |1234|1234|1234|1234|1234|1234|1234|…  0
1281  norvel        xx..xx..x..x..xx..x...xx..xx..xx/4           |1234|1234|1234|1234|1234|1234|1234|…  1
1282  norvel        x...x....x....x...x...x...x...x....x...…     |1234|1234|1234|1234|1234|1234|1234|…  0
1283  norvel        xxx...xxx..x..x..x..x..x..x..x...x...xx…     |1234|1234|1234|1234|1234|1234|1234|…  0
1284  norvel        x..x..x..x..x..x..x...x..x..x..x/5           |1234|1234|1234|1234|1234|1234|1234|…  0
1285  norvel        x....x....x...x....xx...x....x...x....x…     |1234|1234|1234|1234|1234|1234|1234|…  0
1286  norvel        xx..xx...x...xx...x...xx...x..xx...xx..…     |1234|1234|1234|1234|1234|1234|1234|…  0
1287  norvel        x...x...x...x...xxx...x....x...x...x/5       |1234|1234|1234|1234|1234|1234|1234|…  0
1288  norvel        xx...x...xx...x...xxx...x...xx...x...xx…     |1234|1234|1234|1234|1234|1234|1234|…  1
1289  norvel        xx...x...x...xxx....xx...xx....x...x...…     |1234|1234|1234|1234|1234|1234|1234|…  0
1290  norvel        xxx....x...xx...x...xx....xx...xx....x.…     |1234|1234|1234|1234|1234|1234|1234|…  0
1291  norvel        xx..x..x...xxx..x..x..xx...xxx..x..x..x…     |1234|1234|1234|1234|1234|1234|1234|…  1
1292  norvel        x..x..xx..x..x...xx..x..xx..x..x/5           |1234|1234|1234|1234|1234|1234|1234|…  0
1293  norvel        x....x....x....x...x...x...x...x...x/6       |1234|1234|1234|1234|1234|1234|1234|…  1
1294  norvel        x....x...xx...x...x...x...x....x...x...…     |1234|1234|1234|1234|1234|1234|1234|…  0
1295  norvel        x...x...xx...x...x...x....x...x....x...…     |1234|1234|1234|1234|1234|1234|1234|…  0
1296  norvel        x...x...x...x..x..xx..x..x..x..x..xx/4       |1234|1234|1234|1234|1234|1234|1234|…  1
1297  norvel        x....x...x...x....x...x...x....x/2           |1234|1234|1234|1234|1234|1234|1234|…  0
1298  norvel        x..x..x..x..x..x..x...xx..xx/2               |1234|1234|1234|1234|1234|1234|1234|…  1
1299  norvel        x....x.....x....x....xx.....x....x....x…     |1234|1234|1234|1234|1234|1234|1234|…  0
1300  norvel        xx....x....x...x....xxx...x....x...x...…     |1234|1234|1234|1234|1234|1234|1234|…  0
1301  norvel        x...x..xxx..xx..x..x..xx..xx...xx..x/6       |1234|1234|1234|1234|1234|1234|1234|…  1
1302  norvel        x..x..x..xx..x...xx..x..x..xx..x/4           |1234|1234|1234|1234|1234|1234|1234|…  1
1303  norvel        x...x...xx...x...x...x...x....xx/2           |1234|1234|1234|1234|1234|1234|1234|…  0
1304  norvel        x.....x....x....x....x....x....x.....x.…     |1234|1234|1234|1234|1234|1234|1234|…  1
1305  norvel        x...x...x...x..x..x..x..x..x/4               |1234|1234|1234|1234|1234|1234|1234|…  0
1306  norvel        x...xx..x..x..xx...x..x..x...xxx..xx/4       |1234|1234|1234|1234|1234|1234|1234|…  0
1307  norvel        x....x....xx....xx...x...x...x....xx...…     |1234|1234|1234|1234|1234|1234|1234|…  0
1308  norvel        xxx...x..x...xx...x...x..xx...xx..xx/2       |1234|1234|1234|1234|1234|1234|1234|…  1
1309  norvel        x...x...x....x....x...x...x...x...x....…     |1234|1234|1234|1234|1234|1234|1234|…  1
1310  norvel        x...x...x...x...x...x....xx...x...x...x…     |1234|1234|1234|1234|1234|1234|1234|…  0
1311  norvel        x....x...x...x...x...x....x...x...x...x…     |1234|1234|1234|1234|1234|1234|1234|…  0
1312  norvel        x..x..x...x...x..xx..x..x...x..x/7           |1234|1234|1234|1234|1234|1234|1234|…  1
1313  norvel        x...x...x...x...x....x....x...x...x....…     |1234|1234|1234|1234|1234|1234|1234|…  1
1314  norvel        x....x....xx...xx...xx...xx...xx....x..…     |1234|1234|1234|1234|1234|1234|1234|…  0
1315  norvel        x....xx...x....x...x...xx...x...xx...xx…     |1234|1234|1234|1234|1234|1234|1234|…  0
1316  norvel        x..xx...x..x..x...x..x..xx..xx..x..x/4       |1234|1234|1234|1234|1234|1234|1234|…  1
1317  norvel        x...x....xx...x...x...xx...x...x...x...…     |1234|1234|1234|1234|1234|1234|1234|…  0
1318  norvel        x....x...x...xx....x...xxx...xx...x...x…     |1234|1234|1234|1234|1234|1234|1234|…  1
1319  norvel        x...x..x..x..x..x...x..x..x...x...xx/7       |1234|1234|1234|1234|1234|1234|1234|…  1
1320  norvel        x...xx...x..xx...x...x..x..xx..x/6           |1234|1234|1234|1234|1234|1234|1234|…  0
1321  norvel        x...x..x..x...x..x..x..x...x...x/7           |1234|1234|1234|1234|1234|1234|1234|…  1
1322  norvel        x...x...x....x....xx...x...x...x/3           |1234|1234|1234|1234|1234|1234|1234|…  1
1323  norvel        x....x....xxx....xx....x...x...x...x...…     |1234|1234|1234|1234|1234|1234|1234|…  1
1324  norvel        xx...x...xx....x....x...x...xx....x...x…     |1234|1234|1234|1234|1234|1234|1234|…  1
1325  norvel        x....x....x....x.....x....x.....x....x.…     |1234|1234|1234|1234|1234|1234|1234|…  0
1326  norvel        xx....x....x...x...xx...xxx...xxx....x.…     |1234|1234|1234|1234|1234|1234|1234|…  0
1327  norvel        xx...x..x..x...x..xx..x...xx/2               |1234|1234|1234|1234|1234|1234|1234|…  1
1328  norvel        xx....xxx....x...x...xx...x....x...x/2       |1234|1234|1234|1234|1234|1234|1234|…  0
1329  norvel        x....x....xx....x...x....x...x...xx....…     |1234|1234|1234|1234|1234|1234|1234|…  1
1330  norvel        x..x..xx...x..x...x..x..x...x...x..x/7       |1234|1234|1234|1234|1234|1234|1234|…  1
1331  norvel        xx...x...x...x...xx...x...x...x....x/2       |1234|1234|1234|1234|1234|1234|1234|…  1
1332  norvel        x....xx....x....x...xxx...x....x...x...…     |1234|1234|1234|1234|1234|1234|1234|…  0
1333  norvel        x.....x....x....x.....x....x....x....x.…     |1234|1234|1234|1234|1234|1234|1234|…  0
1334  norvel        x...x..x...x..x...x..x...x...x..x..x/6       |1234|1234|1234|1234|1234|1234|1234|…  0
1335  norvel        x...x...x...xx...xx...x...x....x...x/3       |1234|1234|1234|1234|1234|1234|1234|…  0
1336  norvel        x..x..x..x..x..x..x..x..x..x...x/7           |1234|1234|1234|1234|1234|1234|1234|…  0
1337  norvel        x...x..x...xx..x..x...xx..xx/2               |1234|1234|1234|1234|1234|1234|1234|…  0
1338  norvel        x..xx..x...x..xx..xx..x..x..x..x/7           |1234|1234|1234|1234|1234|1234|1234|…  0
1339  norvel        xx...xx....xx...x...x....xxx....x....xx…     |1234|1234|1234|1234|1234|1234|1234|…  0
1340  norvel        xx...x...x...x....x...x...xx...x...x/2       |1234|1234|1234|1234|1234|1234|1234|…  1
1341  norvel        x...x..x..x...x..x...x...x..x..x...x/4       |1234|1234|1234|1234|1234|1234|1234|…  1
1342  norvel        xx...xx...x...xx...xx...x...x....x...xx…     |1234|1234|1234|1234|1234|1234|1234|…  0
1343  norvel        x....x.....xx....x....x....x.....x....x…     |1234|1234|1234|1234|1234|1234|1234|…  1
1344  norvel        x...x..x..x...x...xx...x...x...xx..x/4       |1234|1234|1234|1234|1234|1234|1234|…  0
1345  norvel        x...x..x..x..x..x..xx..xx..x...x/5           |1234|1234|1234|1234|1234|1234|1234|…  1
1346  norvel        x..x..xx...x..x..x..x...x...x..x/4           |1234|1234|1234|1234|1234|1234|1234|…  0
1347  norvel        xx...x...x..xx...x...xx...x...xxx..x...…     |1234|1234|1234|1234|1234|1234|1234|…  0
1348  norvel        x....x...x...x...x...x...x....x...x...x…     |1234|1234|1234|1234|1234|1234|1234|…  1
1349  norvel        x..x...x..x..x..x...x...x..x...x...x/7       |1234|1234|1234|1234|1234|1234|1234|…  1
1350  norvel        x...x....x...x...x...x...xx...xx...x/5       |1234|1234|1234|1234|1234|1234|1234|…  0
1351  norvel        x...x...x..x..xx...xx...x..x..x...xx...…     |1234|1234|1234|1234|1234|1234|1234|…  1
1352  norvel        x...x..xx...x..x..x..x..x..x...x..xx/6       |1234|1234|1234|1234|1234|1234|1234|…  0
1353  norvel        xx....x.....x.....x.....x.....x.....x..…     |1234|1234|1234|1234|1234|1234|1234|…  1
1354  norvel        xxx..x..xxx..x...x..x..x..xxx..x/4           |1234|1234|1234|1234|1234|1234|1234|…  1
1355  norvel        xx...x...xx...x...x....x...x...x/3           |1234|1234|1234|1234|1234|1234|1234|…  1
1356  norvel        x..xx..xx...x...x..x..xx..x..xxx...x..x…     |1234|1234|1234|1234|1234|1234|1234|…  0
1357  norvel        x...x...xx...xx....x...xx...x...x....x.…     |1234|1234|1234|1234|1234|1234|1234|…  1
1358  norvel        xx....x....x...x...xx...x...x....x...xx…     |1234|1234|1234|1234|1234|1234|1234|…  1
1359  norvel        x.....x....x....x.....x....x....x....x.…     |1234|1234|1234|1234|1234|1234|1234|…  1
1360  norvel        x..x...xxx...xx..xx..x...xx..x..x..x/4       |1234|1234|1234|1234|1234|1234|1234|…  0
1361  norvel        x..x..x..x...x...x...x..x...x..x..xx/7       |1234|1234|1234|1234|1234|1234|1234|…  1
1362  norvel        x..x..xxx..xxx..x..x..xx..x...x..xxx/7       |1234|1234|1234|1234|1234|1234|1234|…  0
1363  norvel        x...x...x....x...x...x...x....x...x....…     |1234|1234|1234|1234|1234|1234|1234|…  1
1364  norvel        x...x...x...x...x...x....xx...xx/3           |1234|1234|1234|1234|1234|1234|1234|…  1
1365  norvel        x..xx..x...x..xx..xxx..xx..x/5               |1234|1234|1234|1234|1234|1234|1234|…  1
1366  norvel        x..x...x..x...x...x..x..x..xx..x/4           |1234|1234|1234|1234|1234|1234|1234|…  0
1367  norvel        x...x....x...x...x...xx...x....x...x/5       |1234|1234|1234|1234|1234|1234|1234|…  0
1368  norvel        xx....x...xx...xxx....x...x...xx...x...…     |1234|1234|1234|1234|1234|1234|1234|…  0
1369  norvel        x....xxx....x....xx....xx.....x.....xx.…     |1234|1234|1234|1234|1234|1234|1234|…  0
1370  norvel        x...xxx...x..x..xxx..xx..x..x..x..xx...…     |1234|1234|1234|1234|1234|1234|1234|…  1
1371  norvel        x....xx...xx....x...x...x....xx....x/5       |1234|1234|1234|1234|1234|1234|1234|…  1
1372  norvel        xx...xxx...xx...x....xx...x...xx...x/3       |1234|1234|1234|1234|1234|1234|1234|…  1
1373  norvel        x..x..xx..xx..x..xx...x...xx..xxx..x/5       |1234|1234|1234|1234|1234|1234|1234|…  1
1374  norvel        xx.....x....x....x.....x.....xx.....x..…     |1234|1234|1234|1234|1234|1234|1234|…  1
1375  norvel        x....x...xx...x...x...x...x...x...xx/2       |1234|1234|1234|1234|1234|1234|1234|…  1
1376  norvel        x...x..x..x...x..x..xx..x..x/4               |1234|1234|1234|1234|1234|1234|1234|…  1
1377  norvel        x...x...x....x....x...x...x...x...xx/3       |1234|1234|1234|1234|1234|1234|1234|…  0
1378  norvel        x....x....xx.....x....x....x....xx.....…     |1234|1234|1234|1234|1234|1234|1234|…  0
1379  norvel        x..x..x..x..x..x..x..x...x...xx...xx/4       |1234|1234|1234|1234|1234|1234|1234|…  1
1380  norvel        x....x...x...x...x...xx...x...x...x...x…     |1234|1234|1234|1234|1234|1234|1234|…  0
1381  norvel        x..x...x..xx..xx...x...x...x..xx/5           |1234|1234|1234|1234|1234|1234|1234|…  0
1382  norvel        x....xx....x...x...x....x...x....x...xx…     |1234|1234|1234|1234|1234|1234|1234|…  1
1383  norvel        x..x..x..x..x..x..x..x..x..x...x/5           |1234|1234|1234|1234|1234|1234|1234|…  0
1384  norvel        xx...xx...xx...xxx....xxx....x...x....x…     |1234|1234|1234|1234|1234|1234|1234|…  0
1385  norvel        x...x..x..x...x..x..x..x...x/2               |1234|1234|1234|1234|1234|1234|1234|…  1
1386  norvel        xx..xx...x...xx...xx..xx...xx..x...x/4       |1234|1234|1234|1234|1234|1234|1234|…  1
1387  norvel        x...x...x..x...x..x...x...x..xxx/2           |1234|1234|1234|1234|1234|1234|1234|…  1
1388  norvel        x....x.....x....x.....x....x.....x....x…     |1234|1234|1234|1234|1234|1234|1234|…  1
1389  norvel        x...x...x....x...xx...x...x...x...xx/2       |1234|1234|1234|1234|1234|1234|1234|…  1
1390  norvel        x..x...x..x...x..x...x..x..x..xx...x/5       |1234|1234|1234|1234|1234|1234|1234|…  0
1391  norvel        x...x....xx...xx....x...xx...x...x....x…     |1234|1234|1234|1234|1234|1234|1234|…  1
1392  norvel        xx....x.....xx....x.....xxx....x....x..…     |1234|1234|1234|1234|1234|1234|1234|…  1
1393  norvel        x...x...x....x...x...x...x....x....x/6       |1234|1234|1234|1234|1234|1234|1234|…  1
1394  norvel        x..x..x...x...x..x...x..x..x...x/6           |1234|1234|1234|1234|1234|1234|1234|…  1
1395  norvel        x..xxx..x...x..xx..xx..xx..xx..x/5           |1234|1234|1234|1234|1234|1234|1234|…  0
1396  norvel        x..x..x...x...xx..x..x...x..xx..x..x/4       |1234|1234|1234|1234|1234|1234|1234|…  1
1397  norvel        x....x....x....x.....xx....xx....x....x…     |1234|1234|1234|1234|1234|1234|1234|…  1
1398  norvel        xx...xx....xx...x...x...x...xx...x...xx…     |1234|1234|1234|1234|1234|1234|1234|…  0
1399  norvel        x..x...x..x..x..xx..x...x...x..xx..x/4       |1234|1234|1234|1234|1234|1234|1234|…  1
1400  norvel        xx..xx...x...x..xx..x..x..x..xxx..x...x…     |1234|1234|1234|1234|1234|1234|1234|…  1
1401  norvel        xx....xx...x....x...x...x...x....xx...x…     |1234|1234|1234|1234|1234|1234|1234|…  0
1402  norvel        x....x....x...x...x....xx...xx...x....x…     |1234|1234|1234|1234|1234|1234|1234|…  0
1403  norvel        x...x..x..x...x..x..x...x..x/2               |1234|1234|1234|1234|1234|1234|1234|…  1
1404  norvel        x....xx....xx...x....xx...xxx....x...x.…     |1234|1234|1234|1234|1234|1234|1234|…  0
1405  norvel        x..x..x..x..xx...xx...xx...xx..xx..xx..…     |1234|1234|1234|1234|1234|1234|1234|…  1
1406  norvel        x..x..x..x...xx..x...x..x..x..xx...x/6       |1234|1234|1234|1234|1234|1234|1234|…  0
1407  norvel        x..x...x...x...xx...xx..x..x/2               |1234|1234|1234|1234|1234|1234|1234|…  1
1408  norvel        x...x...xxx....x...xx...x...xx....x...x…     |1234|1234|1234|1234|1234|1234|1234|…  0
1409  norvel        xx...x...xx...xxx....xx...x...x...x...x…     |1234|1234|1234|1234|1234|1234|1234|…  0
1410  norvel        xx..x...x...x..x..x..x..xx..x..x/5           |1234|1234|1234|1234|1234|1234|1234|…  1
1411  norvel        x....x...x...x...xx...x...xx...x...x...…     |1234|1234|1234|1234|1234|1234|1234|…  0
1412  norvel        x...x....x....x....x...xx....x....x...x…     |1234|1234|1234|1234|1234|1234|1234|…  1
1413  norvel        x...xx...x...x...x...xx...x...xxx...x..…     |1234|1234|1234|1234|1234|1234|1234|…  1
1414  norvel        xxx...x..xx..x..x..xx..x..xx/5               |1234|1234|1234|1234|1234|1234|1234|…  1
1415  norvel        x..x..x..x...x..x..x..x..x..x..x/6           |1234|1234|1234|1234|1234|1234|1234|…  0
1416  norvel        x.....xx....xxx....xx.....xx....xx....x…     |1234|1234|1234|1234|1234|1234|1234|…  0
1417  norvel        x...x..x...x..x..x..x..x...x/4               |1234|1234|1234|1234|1234|1234|1234|…  0
1418  norvel        x...x...x....x....xxx...x...x...x....x.…     |1234|1234|1234|1234|1234|1234|1234|…  0
1419  norvel        x..x...x...x..x...x..x...x..x..x...x/6       |1234|1234|1234|1234|1234|1234|1234|…  0
1420  norvel        x....x...x....xx....x....x...x...x....x…     |1234|1234|1234|1234|1234|1234|1234|…  1
1421  norvel        x...x..x..x..x..x...x..x..xx/5               |1234|1234|1234|1234|1234|1234|1234|…  0
1422  norvel        x...x...xxx....xx....x....xx....xx...xx…     |1234|1234|1234|1234|1234|1234|1234|…  1
1423  norvel        x...x...x..x...xx..x..x..x..x..x...x/8       |1234|1234|1234|1234|1234|1234|1234|…  1
1424  norvel        xx..xx...xx...x..x...x...xxx...x..xx/2       |1234|1234|1234|1234|1234|1234|1234|…  1
1425  norvel        x...xx...x....x...x....x...x...x...x/3       |1234|1234|1234|1234|1234|1234|1234|…  0
1426  norvel        x...x...x..x..xx...xx...x...x..x/4           |1234|1234|1234|1234|1234|1234|1234|…  1
1427  norvel        x...x....x...x...x....x...x...x...x...x…     |1234|1234|1234|1234|1234|1234|1234|…  0
1428  norvel        x..xx...x..xx..x...x...x...x..xx/2           |1234|1234|1234|1234|1234|1234|1234|…  1
1429  norvel        x..x..x..x..xx..xx...x..x..xx..x/5           |1234|1234|1234|1234|1234|1234|1234|…  0
1430  norvel        xx..x..x...xx..x...x..xx..x..x..x..x/4       |1234|1234|1234|1234|1234|1234|1234|…  1
1431  norvel        xx..x...x...x...x..x..x..x..x..x...x/7       |1234|1234|1234|1234|1234|1234|1234|…  1
1432  norvel        xx..x..x...xxx..x..xxx..x..x...x..x..xx…     |1234|1234|1234|1234|1234|1234|1234|…  0
1433  norvel        x....xx...x...x...xx....xx....x...x....…     |1234|1234|1234|1234|1234|1234|1234|…  0
1434  norvel        x..xx...x..x...x..x..x...x..x...x..x/5       |1234|1234|1234|1234|1234|1234|1234|…  0
1435  norvel        x....x....x....xx...xx...xx....x...x/5       |1234|1234|1234|1234|1234|1234|1234|…  1
1436  norvel        xx...x...x...x...x....x....x...x...x...…     |1234|1234|1234|1234|1234|1234|1234|…  0
1437  norvel        x...x...x..x..x..x..x...x..x...x...x/4       |1234|1234|1234|1234|1234|1234|1234|…  1
1438  norvel        xx..xx..x..x...x...x..x..x..x..x/5           |1234|1234|1234|1234|1234|1234|1234|…  1
1439  norvel        x....x...xx...xxx...x...xxx...x...xx/5       |1234|1234|1234|1234|1234|1234|1234|…  1
1440  norvel        x....xx....x...xx....x...x...x...x...xx…     |1234|1234|1234|1234|1234|1234|1234|…  0
1441  norvel        x...xx...x....x...xx...xx...xx...xxx/5       |1234|1234|1234|1234|1234|1234|1234|…  1
1442  norvel        x...x...x....x....x...x....x...x/5           |1234|1234|1234|1234|1234|1234|1234|…  1
1443  norvel        x...x...xx....xx....x...x....x...x...x.…     |1234|1234|1234|1234|1234|1234|1234|…  0
1444  norvel        x....x...x...x...x....x...xxx...x....x.…     |1234|1234|1234|1234|1234|1234|1234|…  1
1445  norvel        x...x...xx...x...x...x....xx...x...x/5       |1234|1234|1234|1234|1234|1234|1234|…  0
1446  norvel        x....xxx.....x.....x.....x....xx....x..…     |1234|1234|1234|1234|1234|1234|1234|…  0
1447  norvel        x...x...x...xxx....x...x...xxx...x...x.…     |1234|1234|1234|1234|1234|1234|1234|…  1
1448  norvel        x....x....x....x.....x.....x....x....x.…     |1234|1234|1234|1234|1234|1234|1234|…  1
1449  norvel        x....xxx...x...x....xx...x....x....x/2       |1234|1234|1234|1234|1234|1234|1234|…  0
1450  norvel        x...x...x...xx...xx....x...x...x...x/5       |1234|1234|1234|1234|1234|1234|1234|…  0
1451  norvel        x..x..x..x..x...x...x...x...x...x..x/8       |1234|1234|1234|1234|1234|1234|1234|…  1
1452  norvel        x..x..x...xx..x...x..xx..xx..x..x..x/5       |1234|1234|1234|1234|1234|1234|1234|…  0
1453  norvel        x...xx....xx....x...xx....x...x...x...x…     |1234|1234|1234|1234|1234|1234|1234|…  0
1454  norvel        x...x...x...xx...xx....x....x....xx....…     |1234|1234|1234|1234|1234|1234|1234|…  0
1455  norvel        x...x..xx..x..x...x..x..x..x...xx..x/4       |1234|1234|1234|1234|1234|1234|1234|…  1
1456  norvel        x...x...x....xx....x....x...x....x....x…     |1234|1234|1234|1234|1234|1234|1234|…  1
1457  norvel        xx...x..x..x..xx...xx...xxx..x..x..x/7       |1234|1234|1234|1234|1234|1234|1234|…  1
1458  norvel        x...x...x...x...x....x...x...x....x...x…     |1234|1234|1234|1234|1234|1234|1234|…  1
1459  norvel        x.....x.....x.....x....x....x....x....x…     |1234|1234|1234|1234|1234|1234|1234|…  1
1460  norvel        x...x...x...x....x...xx...x...x...x....…     |1234|1234|1234|1234|1234|1234|1234|…  0
1461  norvel        x..x..x...xx..x...x..x..x..x/4               |1234|1234|1234|1234|1234|1234|1234|…  1
1462  norvel        xx...x...x...x...x...x....x...x...x....…     |1234|1234|1234|1234|1234|1234|1234|…  0
1463  norvel        x...x...x....xx...x...x...xx...x/3           |1234|1234|1234|1234|1234|1234|1234|…  1
1464  norvel        x..x..x...x..x..x...x...x..x/6               |1234|1234|1234|1234|1234|1234|1234|…  1
1465  norvel        xx...xx...x...x...x...x...x...x...x....…     |1234|1234|1234|1234|1234|1234|1234|…  0
1466  norvel        x..x..x...xx...x..x...x..x..x..x/5           |1234|1234|1234|1234|1234|1234|1234|…  0
1467  norvel        x....x...x....x...x....x...x...x...x...…     |1234|1234|1234|1234|1234|1234|1234|…  1
1468  norvel        x..x..x..xx..xx..x..x...x..x/2               |1234|1234|1234|1234|1234|1234|1234|…  1
1469  norvel        x..x..x..x...x..x..x...x...x/2               |1234|1234|1234|1234|1234|1234|1234|…  1
1470  norvel        x..x..x..x..x..xx...xx..x..x...xx..x/4       |1234|1234|1234|1234|1234|1234|1234|…  1
1471  norvel        xx...xx..xx..xxx..xx..x..x..x..x...x...…     |1234|1234|1234|1234|1234|1234|1234|…  1
1472  norvel        x...xxx...xx....x....x...x....x...x....…     |1234|1234|1234|1234|1234|1234|1234|…  1
1473  norvel        xx..x...xx...x..xx...x...x..xx..x..x..x…     |1234|1234|1234|1234|1234|1234|1234|…  1
1474  norvel        xxx..x..xx..x..x...xx..x..x..x..x..x/8       |1234|1234|1234|1234|1234|1234|1234|…  1
1475  norvel        x..x...x..x..x..x...x..x...x/4               |1234|1234|1234|1234|1234|1234|1234|…  0
1476  norvel        xx..xx..x...xx..x..xxx...x..x..x...x...…     |1234|1234|1234|1234|1234|1234|1234|…  0
1477  norvel        xx..x..x..x..x..xx..x..x...x/4               |1234|1234|1234|1234|1234|1234|1234|…  1
1478  norvel        x..xx...x...x...x..xx...xxx..xxx...x...…     |1234|1234|1234|1234|1234|1234|1234|…  1
1479  norvel        xx....x....xx....x.....x.....x....xx...…     |1234|1234|1234|1234|1234|1234|1234|…  0
1480  norvel        x...x...x...x....xx...xxx...xx...x...x.…     |1234|1234|1234|1234|1234|1234|1234|…  0
1481  norvel        xx..x...x...xx...x..x...xx..x..x/6           |1234|1234|1234|1234|1234|1234|1234|…  0
1482  norvel        x....x.....x....x....xx....x....x....x.…     |1234|1234|1234|1234|1234|1234|1234|…  0
1483  norvel        x..x..x...x..x..x...x...x...x..x/6           |1234|1234|1234|1234|1234|1234|1234|…  1
1484  norvel        x....xx...x...x...x....x...x....xx....x…     |1234|1234|1234|1234|1234|1234|1234|…  0
1485  norvel        x...x...xx...xx...x...xx....xx...xxx/3       |1234|1234|1234|1234|1234|1234|1234|…  1
1486  norvel        x....x...x...x...x...x...x...xx...xx/2       |1234|1234|1234|1234|1234|1234|1234|…  1
1487  norvel        x...xxx..x..x...xx...xxx..x..x..x..x/7       |1234|1234|1234|1234|1234|1234|1234|…  1
1488  norvel        x..x..x..x...x..x..x...xx..xx..x/5           |1234|1234|1234|1234|1234|1234|1234|…  1
1489  norvel        x....x...x...xx...xx...x....xx...xxx/3       |1234|1234|1234|1234|1234|1234|1234|…  1
1490  norvel        xx...x...x...x...x...x...x....x....x/5       |1234|1234|1234|1234|1234|1234|1234|…  0
1491  norvel        x...x..x..xx..x..x...x...x..x..x/4           |1234|1234|1234|1234|1234|1234|1234|…  0
1492  norvel        xx....x....x...x....x...x...x...x....xx…     |1234|1234|1234|1234|1234|1234|1234|…  0
1493  norvel        x...x...x...x...x....x...x...x....xx/3       |1234|1234|1234|1234|1234|1234|1234|…  0
1494  norvel        x...x...x...x....x...x....x....x...x/2       |1234|1234|1234|1234|1234|1234|1234|…  1
1495  norvel        x....x.....x....x....x....x....x.....x.…     |1234|1234|1234|1234|1234|1234|1234|…  0
1496  norvel        x..xx..xx..xxx..x..x..xx...x/5               |1234|1234|1234|1234|1234|1234|1234|…  1
1497  norvel        x....x....x....x....x...x....x...x....x…     |1234|1234|1234|1234|1234|1234|1234|…  0
1498  norvel        x..xx..x..xx..x..x..x...x..x...x...x/4       |1234|1234|1234|1234|1234|1234|1234|…  1
1499  norvel        xx...x...x..x..x..xx..x..x..x...x..x/6       |1234|1234|1234|1234|1234|1234|1234|…  0
1500  norvel        x...x..x...x...x..x...x..xx..xxx..x...x…     |1234|1234|1234|1234|1234|1234|1234|…  1
1501  norvel        xx...x...xx...xxx...x...xx....xx...x...…     |1234|1234|1234|1234|1234|1234|1234|…  0
1502  norvel        x...x...x...x...xx..x...x..x/4               |1234|1234|1234|1234|1234|1234|1234|…  0
1503  norvel        x.....x....xx.....xx....x....x....x....…     |1234|1234|1234|1234|1234|1234|1234|…  0
1504  norvel        x...x...x....xx...xx...x...x...x...x...…     |1234|1234|1234|1234|1234|1234|1234|…  0
1505  norvel        x....x...x...x....x...x...x....x...x...…     |1234|1234|1234|1234|1234|1234|1234|…  1
1506  norvel        xx...x...xx....x...xxx....x....x...x...…     |1234|1234|1234|1234|1234|1234|1234|…  1
1507  norvel        xx..xx..x..x..x..xx..x...xx..x..x..x/4       |1234|1234|1234|1234|1234|1234|1234|…  0
1508  norvel        x...xx....x...x...x....xx...xxx...x...x…     |1234|1234|1234|1234|1234|1234|1234|…  0
1509  norvel        x...x....x....x...x...x....x...x...x...…     |1234|1234|1234|1234|1234|1234|1234|…  1
1510  norvel        xx..xx..xx..x..x...xx..x..xx/2               |1234|1234|1234|1234|1234|1234|1234|…  0
1511  norvel        x....x....xx....x.....x....x.....x.....…     |1234|1234|1234|1234|1234|1234|1234|…  0
1512  norvel        x....x.....x....x.....x....x.....x....x…     |1234|1234|1234|1234|1234|1234|1234|…  1
1513  norvel        x..xx..xx...xx...xxx...x..xx..x...xx/5       |1234|1234|1234|1234|1234|1234|1234|…  0
1514  norvel        x....x....x...xx....x....x...x...x....x…     |1234|1234|1234|1234|1234|1234|1234|…  1
1515  norvel        x..x..x...x...x..x...x..x..x/2               |1234|1234|1234|1234|1234|1234|1234|…  1
1516  norvel        xx..x..x...xx..x..x...x..xx..x..x..x/4       |1234|1234|1234|1234|1234|1234|1234|…  1
1517  norvel        x..x...x..x..x..x..x...xx..xx..x/5           |1234|1234|1234|1234|1234|1234|1234|…  1
1518  norvel        xx..x...x...xx..xx...x..x..x...x/6           |1234|1234|1234|1234|1234|1234|1234|…  0
1519  norvel        x....x....x...x...x...x...x....x...x...…     |1234|1234|1234|1234|1234|1234|1234|…  0
1520  norvel        x...x....x...x...x...x...xxx...x...x...…     |1234|1234|1234|1234|1234|1234|1234|…  1
1521  norvel        x.....x....x....x.....x....x....x.....x…     |1234|1234|1234|1234|1234|1234|1234|…  0
1522  norvel        x....x...x...x....x....x...x...x...x/2       |1234|1234|1234|1234|1234|1234|1234|…  1
1523  norvel        x...xx....x...x...x...x...x...x...xx...…     |1234|1234|1234|1234|1234|1234|1234|…  0
1524  norvel        xx...xxx..xx..xxx..x..xx..x...x..x..x..…     |1234|1234|1234|1234|1234|1234|1234|…  0
1525  norvel        xxx...x...xx...xx....xx....xx...xx....x…     |1234|1234|1234|1234|1234|1234|1234|…  1
1526  norvel        x...x...x...xx....x...x...x...xxx....xx…     |1234|1234|1234|1234|1234|1234|1234|…  1
1527  norvel        x..xx...x...x...x..xx...xxx...xx...x..x…     |1234|1234|1234|1234|1234|1234|1234|…  0
1528  norvel        x..x...x...x...x..x...xx...xx..xx..x/7       |1234|1234|1234|1234|1234|1234|1234|…  0
1529  norvel        x...x...x...x....x...x...xx...x....x/3       |1234|1234|1234|1234|1234|1234|1234|…  0
1530  norvel        x....xx...x....x....x...x....x...x...xx…     |1234|1234|1234|1234|1234|1234|1234|…  0
1531  norvel        x..x..xx..xxx..x...x..x..x..x..x/7           |1234|1234|1234|1234|1234|1234|1234|…  0
1532  norvel        xx...x...x....xx...x...x...x...x/3           |1234|1234|1234|1234|1234|1234|1234|…  1
1533  norvel        x....x...x....x...x...x....x...x...x...…     |1234|1234|1234|1234|1234|1234|1234|…  1
1534  norvel        xx..x..xx...x..x..x..x..x...x..x..xx/4       |1234|1234|1234|1234|1234|1234|1234|…  1
1535  norvel        x..x..x..xx..x..x..x...xx..x/2               |1234|1234|1234|1234|1234|1234|1234|…  1
1536  norvel        x....x....x....x....x...x...x....x....x…     |1234|1234|1234|1234|1234|1234|1234|…  0
1537  norvel        xx..x...x..x...xxx..xx..x..x...xx..x..x…     |1234|1234|1234|1234|1234|1234|1234|…  1
1538  norvel        xx..xx..x..x..x..x..x..x...x...x...x/8       |1234|1234|1234|1234|1234|1234|1234|…  1
1539  norvel        x...x...x..x...x..x..x..x...x..x...x/8       |1234|1234|1234|1234|1234|1234|1234|…  1
1540  norvel        x....x...x....x...x...x...x...x...x....…     |1234|1234|1234|1234|1234|1234|1234|…  0
1541  norvel        x...x..x..xx..x..x..xx..xx..x..x/7           |1234|1234|1234|1234|1234|1234|1234|…  0
1542  norvel        x....xx...x....x....x....xx...x...x...x…     |1234|1234|1234|1234|1234|1234|1234|…  1
1543  norvel        x....xx...xxx...x...x...x...xx...xx....…     |1234|1234|1234|1234|1234|1234|1234|…  0
1544  norvel        x..x...x..x..x..x...x...x..x/2               |1234|1234|1234|1234|1234|1234|1234|…  1
1545  norvel        xx...x...xx...x....xx...xxx...x...x...x…     |1234|1234|1234|1234|1234|1234|1234|…  0
1546  norvel        x..xx...xx...x..x..x..x..x..x..x/5           |1234|1234|1234|1234|1234|1234|1234|…  1
1547  norvel        x...xxx...x...x....x....x....xx...xxx..…     |1234|1234|1234|1234|1234|1234|1234|…  0
1548  norvel        x..xx..x...x..x..xx..xxx...x..xx..xx/6       |1234|1234|1234|1234|1234|1234|1234|…  1
1549  norvel        x...x...x...xx...x...xx...xx...x...xx..…     |1234|1234|1234|1234|1234|1234|1234|…  0
1550  norvel        x.....x....x....x....x.....x.....x....x…     |1234|1234|1234|1234|1234|1234|1234|…  1
1551  norvel        x..xx...x..x...x...xx..x..xx...x/5           |1234|1234|1234|1234|1234|1234|1234|…  0
1552  norvel        x....x...x...x...xx...x...xxx...x....xx…     |1234|1234|1234|1234|1234|1234|1234|…  0
1553  norvel        x....x...x....x....x...x...x...x/2           |1234|1234|1234|1234|1234|1234|1234|…  0
1554  norvel        x...x..xx..x..xx..xxx...x..x..xx...x/4       |1234|1234|1234|1234|1234|1234|1234|…  0
1555  norvel        x..x...x..xx...x..x...xx...xx..xx..x/7       |1234|1234|1234|1234|1234|1234|1234|…  1
1556  norvel        x..x...x...x...x..x...x..x..x...x..x/8       |1234|1234|1234|1234|1234|1234|1234|…  1
1557  norvel        x....x...x...x...x...x....x...x....x...…     |1234|1234|1234|1234|1234|1234|1234|…  0
1558  norvel        x...x...x...x...x...x...xx...xx....x...…     |1234|1234|1234|1234|1234|1234|1234|…  1
1559  norvel        x....xx....x...x...x...x...xxx...x....x…     |1234|1234|1234|1234|1234|1234|1234|…  0
1560  norvel        xx...x...x...x...x...x...x...xx....x/3       |1234|1234|1234|1234|1234|1234|1234|…  0
1561  norvel        x...x...x...x..x...x..x..x..x..x/6           |1234|1234|1234|1234|1234|1234|1234|…  1
1562  norvel        xx..x..xx..xx..x..x...x..xx..xx...x...x…     |1234|1234|1234|1234|1234|1234|1234|…  1
1563  norvel        x...x...x....x....x...xxx...x...x...xxx…     |1234|1234|1234|1234|1234|1234|1234|…  1
1564  norvel        x..x..x..x...xx...xx..x..xx..x..x..x/6       |1234|1234|1234|1234|1234|1234|1234|…  0
1565  norvel        x....x....x....x....x....x.....x....xx.…     |1234|1234|1234|1234|1234|1234|1234|…  0
1566  norvel        x....x....x....x....x....x.....x.....x.…     |1234|1234|1234|1234|1234|1234|1234|…  0
1567  norvel        xx..x...x...x...x...x...x..x...x...x...…     |1234|1234|1234|1234|1234|1234|1234|…  0
1568  norvel        x...x..x..x..xx...xx..xx...x...x/5           |1234|1234|1234|1234|1234|1234|1234|…  0
1569  norvel        x..x...x..x..x...x..x..x..x..xxx/4           |1234|1234|1234|1234|1234|1234|1234|…  0
1570  norvel        x...xx...x...x...x...x...x...xx....x/5       |1234|1234|1234|1234|1234|1234|1234|…  0
1571  norvel        x...x...x...x....x...xx...xx...x...x...…     |1234|1234|1234|1234|1234|1234|1234|…  0
1572  norvel        x....x...xx...x...x....x...xxx...x....x…     |1234|1234|1234|1234|1234|1234|1234|…  1
1573  norvel        x...x...x...x....xx...x...xx...x....x..…     |1234|1234|1234|1234|1234|1234|1234|…  1
1574  norvel        x...x....x...x...x...x....x....x/2           |1234|1234|1234|1234|1234|1234|1234|…  0
1575  norvel        x..x..x..x..xx..xxx..x..xxx...xxx..x/4       |1234|1234|1234|1234|1234|1234|1234|…  1
1576  norvel        x..x...x..x..x..x...x..xx...x..x/5           |1234|1234|1234|1234|1234|1234|1234|…  0
1577  norvel        x..x..x..x..x...x..x...x...x/4               |1234|1234|1234|1234|1234|1234|1234|…  0
1578  norvel        x..xx..xx...x..x...x..xx...xx..x/2           |1234|1234|1234|1234|1234|1234|1234|…  1
1579  norvel        xx..x..x..xx..x...xxx..x...x..xx/4           |1234|1234|1234|1234|1234|1234|1234|…  1
1580  norvel        x...x....x...x....x...x....x...x/2           |1234|1234|1234|1234|1234|1234|1234|…  0
1581  norvel        x...x..x...x..x..x...x...x...x..x..x/6       |1234|1234|1234|1234|1234|1234|1234|…  0
1582  norvel        xxx...xx...xx...xx...x....x...x....x...…     |1234|1234|1234|1234|1234|1234|1234|…  0
1583  norvel        x...x...x...x...x....x....xx...x/3           |1234|1234|1234|1234|1234|1234|1234|…  1
1584  norvel        x....x...x...x...xxx....xx....x....x/2       |1234|1234|1234|1234|1234|1234|1234|…  0
1585  norvel        xx..xx...x..x..xx..x..x...xxx..x/5           |1234|1234|1234|1234|1234|1234|1234|…  0
1586  norvel        x...x..x...xx..x..x..x..x...x..x/5           |1234|1234|1234|1234|1234|1234|1234|…  0
1587  norvel        xx....x...x...x...x....x...x...x...x...…     |1234|1234|1234|1234|1234|1234|1234|…  0
1588  norvel        xxx....xxx....x....x.....x....x....xx..…     |1234|1234|1234|1234|1234|1234|1234|…  0
1589  norvel        xx....xx...x...x...x....x....x...xx....…     |1234|1234|1234|1234|1234|1234|1234|…  1
1590  norvel        x..xx..xx..xx..xxx..x...x..x/5               |1234|1234|1234|1234|1234|1234|1234|…  1
1591  norvel        x...x....x...x...x...x...x....x...x....…     |1234|1234|1234|1234|1234|1234|1234|…  1
1592  norvel        x..xx...xx...xx..x..x..xx..xx..x..xx/4       |1234|1234|1234|1234|1234|1234|1234|…  0
1593  norvel        xx..x..x..x...xxx..xx...x..x/4               |1234|1234|1234|1234|1234|1234|1234|…  0
1594  norvel        xx....x...x...x...x...x...x...x...x....…     |1234|1234|1234|1234|1234|1234|1234|…  0
1595  norvel        x...xx...x....xx...xxx...x....xxx....xx…     |1234|1234|1234|1234|1234|1234|1234|…  0
1596  norvel        x....x....x.....x....xx....xx....xx....…     |1234|1234|1234|1234|1234|1234|1234|…  1
1597  norvel        x...x...xx....xx...x...x....x...x...xx.…     |1234|1234|1234|1234|1234|1234|1234|…  1
1598  norvel        x....x....x....x...x....xx...x...xxx...…     |1234|1234|1234|1234|1234|1234|1234|…  0
1599  norvel        x....xx...x...x....x....x...x...xx....x…     |1234|1234|1234|1234|1234|1234|1234|…  1
1600  norvel        x...x...x....xx...x...xx...x...x...x/2       |1234|1234|1234|1234|1234|1234|1234|…  1
1601  norvel        x....x...x....x...xx....xx....x....x...…     |1234|1234|1234|1234|1234|1234|1234|…  1
1602  norvel        xxx....xx....x...x...x....x...x....x...…     |1234|1234|1234|1234|1234|1234|1234|…  0
1603  norvel        xxx...x..x..x...x..xx...x..x...x/2           |1234|1234|1234|1234|1234|1234|1234|…  1
1604  norvel        x...x....x...x...x....x....x...x...x/2       |1234|1234|1234|1234|1234|1234|1234|…  1
1605  norvel        x....x....x....x....x....xx....x....x..…     |1234|1234|1234|1234|1234|1234|1234|…  0
1606  norvel        x..x..x..xxx..x..x..xx..xx..x...x..x/8       |1234|1234|1234|1234|1234|1234|1234|…  1
1607  norvel        xx..x...x..x..xx...x..x..x..x..x/6           |1234|1234|1234|1234|1234|1234|1234|…  1
1608  norvel        x...xx...x..x...xx..x...x...x..x/6           |1234|1234|1234|1234|1234|1234|1234|…  1
1609  norvel        xx..x...x...xx...xx..x..xx...xxx/2           |1234|1234|1234|1234|1234|1234|1234|…  1
1610  norvel        x....x...xx...x...x....x....xx...x....x…     |1234|1234|1234|1234|1234|1234|1234|…  0
1611  norvel        xxx.....x....x....xx....xxx....x....xx.…     |1234|1234|1234|1234|1234|1234|1234|…  0
1612  norvel        x...xxx...x...x....xx...x....xx...xx/3       |1234|1234|1234|1234|1234|1234|1234|…  1
1613  norvel        xx...x..x...x..x...x...x..x...x...xx/4       |1234|1234|1234|1234|1234|1234|1234|…  0
1614  norvel        xx....x.....x.....x.....x....x....x....…     |1234|1234|1234|1234|1234|1234|1234|…  0
1615  norvel        xx....xxx...xx....x...x....xx...xx....x…     |1234|1234|1234|1234|1234|1234|1234|…  0
1616  norvel        xxx....xx.....xx....x....xxx....x....x.…     |1234|1234|1234|1234|1234|1234|1234|…  1
1617  norvel        x...x...x....xx...x...xx...x....xx...x.…     |1234|1234|1234|1234|1234|1234|1234|…  1
1618  norvel        x..xx..x..x...x..xx..x..x..x/4               |1234|1234|1234|1234|1234|1234|1234|…  1
1619  norvel        x...x....xx....x...x...x....xx...x....x…     |1234|1234|1234|1234|1234|1234|1234|…  0
1620  norvel        x..x...x..x...x..x...x...x..x..x/6           |1234|1234|1234|1234|1234|1234|1234|…  1
1621  norvel        x...xx...x..x..x...x..x..x...x..x..x/5       |1234|1234|1234|1234|1234|1234|1234|…  0
1622  norvel        xxx..x..x..xx..xxx..x...x..xx..x..xx...…     |1234|1234|1234|1234|1234|1234|1234|…  0
1623  norvel        x..xx...x...xxx..x..x..xx...xx...xxx/5       |1234|1234|1234|1234|1234|1234|1234|…  0
1624  norvel        x....xx...x...x....x...xx....xx...x....…     |1234|1234|1234|1234|1234|1234|1234|…  0
1625  norvel        x...xx..x...x..x...x...x..x..xx...xx/6       |1234|1234|1234|1234|1234|1234|1234|…  0
1626  norvel        x...x...xx...x...x...x...x....xx/3           |1234|1234|1234|1234|1234|1234|1234|…  1
1627  norvel        x..x..x..x..x..x...x..x..x..x..x/4           |1234|1234|1234|1234|1234|1234|1234|…  0
1628  norvel        xx..xxx..x..x..x..xx...x..xx/4               |1234|1234|1234|1234|1234|1234|1234|…  0
1629  norvel        x....xx....x...x...x...xx....xx...x...x…     |1234|1234|1234|1234|1234|1234|1234|…  1
1630  norvel        xxx....xxx....x...xx...x....xx....xx...…     |1234|1234|1234|1234|1234|1234|1234|…  0
1631  norvel        x...x...x..x..x...x..x..x..x/2               |1234|1234|1234|1234|1234|1234|1234|…  1
1632  norvel        x...x...x...x...x...xx....x...xx/2           |1234|1234|1234|1234|1234|1234|1234|…  0
1633  norvel        x...x..x..x..xxx..x...x..x...x..x..x/5       |1234|1234|1234|1234|1234|1234|1234|…  0
1634  norvel        x...x....x....x....x...x...x....x....xx…     |1234|1234|1234|1234|1234|1234|1234|…  0
1635  norvel        x....x...x...x...x...x...x....x...x....…     |1234|1234|1234|1234|1234|1234|1234|…  1
1636  norvel        x...x...x...x...x....xx...x....x/3           |1234|1234|1234|1234|1234|1234|1234|…  1
1637  norvel        x...x....x...x...x...xx...x...x...x....…     |1234|1234|1234|1234|1234|1234|1234|…  0
1638  norvel        x....x...xx....x....x...x....x...xx...x…     |1234|1234|1234|1234|1234|1234|1234|…  0
1639  norvel        x...x...x...x...xxx...x....x...x...x/5       |1234|1234|1234|1234|1234|1234|1234|…  0
1640  norvel        xx...x...x..xx...xx...xx..x...xx/4           |1234|1234|1234|1234|1234|1234|1234|…  0
1641  norvel        xx..x..xxx..x...x..x...x..x..x..x..x/5       |1234|1234|1234|1234|1234|1234|1234|…  0
1642  norvel        x...x...x....x...x...x...x....x....x...…     |1234|1234|1234|1234|1234|1234|1234|…  1
1643  norvel        x...xx...x...x....x...xx...x...xx....x.…     |1234|1234|1234|1234|1234|1234|1234|…  0
1644  norvel        x...x...x....x....x...x....x...x...x/6       |1234|1234|1234|1234|1234|1234|1234|…  1
1645  norvel        x....x...x....x...xx...x...x...x...x...…     |1234|1234|1234|1234|1234|1234|1234|…  0
1646  norvel        x....x....x...x...xx...xx...xxx...x...x…     |1234|1234|1234|1234|1234|1234|1234|…  0
1647  norvel        x...x....x....x...x....x...x...x/2           |1234|1234|1234|1234|1234|1234|1234|…  0
1648  norvel        x...x....x...xx...x....x...x...x...x/3       |1234|1234|1234|1234|1234|1234|1234|…  0
1649  norvel        x..xx..x..x..x...x..x..x...x...x...x/8       |1234|1234|1234|1234|1234|1234|1234|…  1
1650  norvel        x...x...x...xx...x...x...xx....x...x/5       |1234|1234|1234|1234|1234|1234|1234|…  0
1651  norvel        x..x..x..x..x..x...x..x..x..x..x/6           |1234|1234|1234|1234|1234|1234|1234|…  0
1652  norvel        x..xx..x...xx..xx..x..xx..xx/5               |1234|1234|1234|1234|1234|1234|1234|…  1
1653  norvel        x...x...x....x...x....x...x...x...xx...…     |1234|1234|1234|1234|1234|1234|1234|…  0
1654  norvel        x....xx....x....xx.....x.....x.....xxx.…     |1234|1234|1234|1234|1234|1234|1234|…  0
1655  norvel        x..x...x..x..x...x...x..x..x/4               |1234|1234|1234|1234|1234|1234|1234|…  0
1656  norvel        x...xx..x...x...xx..xx..xx..xx..x..x...…     |1234|1234|1234|1234|1234|1234|1234|…  1
1657  norvel        x...xx...x...x....x...x...xx...x...x/3       |1234|1234|1234|1234|1234|1234|1234|…  0
1658  norvel        x...x...x...x....x....x....x...x...x...…     |1234|1234|1234|1234|1234|1234|1234|…  1
1659  norvel        x...xx..x..xx...x...x..x..xx...x/6           |1234|1234|1234|1234|1234|1234|1234|…  0
1660  norvel        x..xx..xx..xxx..x..x..x...x...xx...x/5       |1234|1234|1234|1234|1234|1234|1234|…  0
1661  norvel        x....x....xx...xx...x...x...xx...xx...x…     |1234|1234|1234|1234|1234|1234|1234|…  0
1662  norvel        x..x...x..x...x..x..x..x...x/4               |1234|1234|1234|1234|1234|1234|1234|…  0
1663  norvel        x...x....x...x...x...x...xx....x...x...…     |1234|1234|1234|1234|1234|1234|1234|…  0
1664  norvel        x..x..x...x..x..x...xx..x...x..x/5           |1234|1234|1234|1234|1234|1234|1234|…  0
1665  norvel        xx....x....x....xx...x...x....x....x...…     |1234|1234|1234|1234|1234|1234|1234|…  1
1666  norvel        xx..x..x..x..x..x..x...x..xx/2               |1234|1234|1234|1234|1234|1234|1234|…  1
1667  norvel        x...xx...x...x..xx..x...xx...xx..x..x..…     |1234|1234|1234|1234|1234|1234|1234|…  1
1668  norvel        x...xx...x...xx..x..x...xx..xx...x..x..…     |1234|1234|1234|1234|1234|1234|1234|…  0
1669  norvel        x...x...x....xx....x...x....x...xxx....…     |1234|1234|1234|1234|1234|1234|1234|…  1
1670  norvel        x....x....x....x.....x....x....x.....x.…     |1234|1234|1234|1234|1234|1234|1234|…  1
1671  norvel        x....x...xx...x....xx...x....x...x...xx…     |1234|1234|1234|1234|1234|1234|1234|…  1
1672  norvel        x...x...x....x...x...x...x...xx...x...x…     |1234|1234|1234|1234|1234|1234|1234|…  0
1673  norvel        x...xxx..x...x...x..x..x...x...x/2           |1234|1234|1234|1234|1234|1234|1234|…  1
1674  norvel        x..xx...x..x..x..x...x..x...x..x/7           |1234|1234|1234|1234|1234|1234|1234|…  1
1675  norvel        xx....xx....x....x....x.....x....x....x…     |1234|1234|1234|1234|1234|1234|1234|…  1
1676  norvel        xx...x...xx...xx...x....xxx...x...xx/5       |1234|1234|1234|1234|1234|1234|1234|…  1
1677  norvel        x...x..x..x...x..x..x..x...x...x...x/4       |1234|1234|1234|1234|1234|1234|1234|…  1
1678  norvel        x....xx.....x....x.....x....x....x....x…     |1234|1234|1234|1234|1234|1234|1234|…  1
1679  norvel        xx...x..xx...xx..x...xx..x..x..x/2           |1234|1234|1234|1234|1234|1234|1234|…  1
1680  norvel        xx...x..x..x..xxx..x...x..x..xxx..xx/4       |1234|1234|1234|1234|1234|1234|1234|…  0
1681  norvel        x...xx...xx...x....x....x....xx....x/2       |1234|1234|1234|1234|1234|1234|1234|…  0
1682  norvel        x...x..x...xx..x..xxx..xx..x...x...x/7       |1234|1234|1234|1234|1234|1234|1234|…  1
1683  norvel        x...x...x...x...x....x....x...x...x....…     |1234|1234|1234|1234|1234|1234|1234|…  0
1684  norvel        x..x..x..x...x...xxx...x...xx..x/6           |1234|1234|1234|1234|1234|1234|1234|…  0
1685  norvel        x....x....xx...x...x....x....x...xxx...…     |1234|1234|1234|1234|1234|1234|1234|…  0
1686  norvel        xx....x....x...x...xxx...x....x...xx...…     |1234|1234|1234|1234|1234|1234|1234|…  1
1687  norvel        x..x..xx..xx...xxx...xx...x...x..x..x..…     |1234|1234|1234|1234|1234|1234|1234|…  1
1688  norvel        xx...xx....x...x...x...xx...x....x....x…     |1234|1234|1234|1234|1234|1234|1234|…  1
1689  norvel        xx..xx..x..x..xx..xx...xx..x/5               |1234|1234|1234|1234|1234|1234|1234|…  1
1690  norvel        x..x...x..x...x..x..x...x..x/4               |1234|1234|1234|1234|1234|1234|1234|…  0
1691  norvel        xx..x...xx..xxx...x...x..xx..xx...xx/5       |1234|1234|1234|1234|1234|1234|1234|…  0
1692  norvel        x...x..xx..x..xx...x...xx..x..xx/2           |1234|1234|1234|1234|1234|1234|1234|…  1
1693  norvel        xx..x...x..xx..xxx..xx..x..xx..x/6           |1234|1234|1234|1234|1234|1234|1234|…  1
1694  norvel        x....x....x....x...x...x...xx....xx...x…     |1234|1234|1234|1234|1234|1234|1234|…  1
1695  norvel        x...x...x..x..x..x...x..x..x/2               |1234|1234|1234|1234|1234|1234|1234|…  1
1696  norvel        x....x.....x....x....x....x.....x....x.…     |1234|1234|1234|1234|1234|1234|1234|…  0
1697  norvel        x....xxx....x...xxx...x...x...xx...x...…     |1234|1234|1234|1234|1234|1234|1234|…  0
1698  norvel        xx....xx....x.....x.....x....x.....x...…     |1234|1234|1234|1234|1234|1234|1234|…  1
1699  norvel        x....x....x...x...x...x...x....x...x/2       |1234|1234|1234|1234|1234|1234|1234|…  1
1700  norvel        x...x...x..xx..x..xx...x..xx..xx/6           |1234|1234|1234|1234|1234|1234|1234|…  1
1701  norvel        xx...x...x...xx....x...x...xxx...xx...x…     |1234|1234|1234|1234|1234|1234|1234|…  1
1702  norvel        x..x..x..x..x..x..x..x..x..x...x/4           |1234|1234|1234|1234|1234|1234|1234|…  0
1703  norvel        xxx...xx...x....x...x....xx...x...x...x…     |1234|1234|1234|1234|1234|1234|1234|…  0
1704  norvel        x...xxx....x...x....xx....x...x....x/2       |1234|1234|1234|1234|1234|1234|1234|…  0
1705  norvel        x...x...xx...xx...x...x...xx...xx....x.…     |1234|1234|1234|1234|1234|1234|1234|…  0
1706  norvel        xx.....x....xx....x....x.....x....xx...…     |1234|1234|1234|1234|1234|1234|1234|…  1
1707  norvel        xx....xx...x...x...x....x...x...x....x.…     |1234|1234|1234|1234|1234|1234|1234|…  1
1708  norvel        x....x...xx....x....x...x....x....x...x…     |1234|1234|1234|1234|1234|1234|1234|…  1
1709  norvel        x..x...x..x...x..x...x...x..x..x/7           |1234|1234|1234|1234|1234|1234|1234|…  1
1710  norvel        x....x....xxx....x....x.....xxx....xx..…     |1234|1234|1234|1234|1234|1234|1234|…  0
1711  norvel        x...x...x...x...x....x....x...x....x...…     |1234|1234|1234|1234|1234|1234|1234|…  1
1712  norvel        xx..xx..x...xx..x..x..x..x..x..x/5           |1234|1234|1234|1234|1234|1234|1234|…  0
1713  norvel        x...x....x...xx....x....x...xx....xx/5       |1234|1234|1234|1234|1234|1234|1234|…  1
1714  norvel        x..x..xx..x..x..x..x..x...x..xx...xx/5       |1234|1234|1234|1234|1234|1234|1234|…  0
1715  norvel        x....x...x...x....x...x...x...x....x/2       |1234|1234|1234|1234|1234|1234|1234|…  1
1716  norvel        x..xx..x..xx..xx..x...x..xx...xx/4           |1234|1234|1234|1234|1234|1234|1234|…  1
1717  norvel        xx...x....xx....x...x....xx....x...x...…     |1234|1234|1234|1234|1234|1234|1234|…  0
1718  norvel        xx....x....xx....x....x....x.....x....x…     |1234|1234|1234|1234|1234|1234|1234|…  1
1719  norvel        xx...xxx...x....x....x...xx...xxx...x..…     |1234|1234|1234|1234|1234|1234|1234|…  0
1720  norvel        x..x..x...x..xx...x..x..xxx..xx...xx/7       |1234|1234|1234|1234|1234|1234|1234|…  1
1721  norvel        x..x...x..x...xx..x..xx..x...x..x..x/6       |1234|1234|1234|1234|1234|1234|1234|…  0
1722  norvel        x....xx.....x.....x....x.....x.....x...…     |1234|1234|1234|1234|1234|1234|1234|…  1
1723  norvel        x...x...x...x....x...x...x....x....x/2       |1234|1234|1234|1234|1234|1234|1234|…  1
1724  norvel        x....x....x...x...x...xx...x...x...x...…     |1234|1234|1234|1234|1234|1234|1234|…  0
1725  norvel        x..xxx..x..xx..x...xx...x..xx..x/5           |1234|1234|1234|1234|1234|1234|1234|…  0
1726  norvel        x..xx..x..x..x...xx...x..x..x...x..x/5       |1234|1234|1234|1234|1234|1234|1234|…  0
1727  norvel        x...x...x....x...x....x....x...x...x/6       |1234|1234|1234|1234|1234|1234|1234|…  1
1728  norvel        x...x..x...x...x...xx..xx..xx..x/2           |1234|1234|1234|1234|1234|1234|1234|…  1
1729  norvel        xxx....xx.....x.....x....xx....x....x..…     |1234|1234|1234|1234|1234|1234|1234|…  1
1730  norvel        x..x..x..xx..x..x...x...x..xx..x...x/6       |1234|1234|1234|1234|1234|1234|1234|…  0
1731  norvel        x....x....x.....x....x.....x....x....x.…     |1234|1234|1234|1234|1234|1234|1234|…  0
1732  norvel        x...x...x....x...x...x...x....xx/3           |1234|1234|1234|1234|1234|1234|1234|…  1
1733  norvel        xx..xx..x...x..x..x..xx..x..x..x/7           |1234|1234|1234|1234|1234|1234|1234|…  0
1734  norvel        x..x..x..x..x..xx..xx..x...x/6               |1234|1234|1234|1234|1234|1234|1234|…  1
1735  norvel        x....x....x....xx.....xx....xx....xx...…     |1234|1234|1234|1234|1234|1234|1234|…  1
1736  norvel        x...x...x...x...x...xx....xx...x...x/2       |1234|1234|1234|1234|1234|1234|1234|…  1
1737  norvel        xx...x...x....x....x...xx....x...x....x…     |1234|1234|1234|1234|1234|1234|1234|…  0
1738  norvel        x..x...x..xx..x..x...x..x..x/5               |1234|1234|1234|1234|1234|1234|1234|…  0
1739  norvel        x..x..x..x...x..x...x..x...x/6               |1234|1234|1234|1234|1234|1234|1234|…  1
1740  norvel        x....x...x....x...x...x...x...x...x...x…     |1234|1234|1234|1234|1234|1234|1234|…  0
1741  norvel        x..xx..x..x..x..x...x...x..xx..x/4           |1234|1234|1234|1234|1234|1234|1234|…  0
1742  norvel        x...x..x..x..xx..xx...x..xx..x..x..x/6       |1234|1234|1234|1234|1234|1234|1234|…  0
1743  norvel        x.....x....x....x.....x....x....x....x.…     |1234|1234|1234|1234|1234|1234|1234|…  0
1744  norvel        x....x....x....x....x...x....x....x....…     |1234|1234|1234|1234|1234|1234|1234|…  1
1745  norvel        x...x...x...x...x....x...xx...x....x...…     |1234|1234|1234|1234|1234|1234|1234|…  0
1746  norvel        x..xx...xx..x..x..x..xxx...x...x..xx..x…     |1234|1234|1234|1234|1234|1234|1234|…  1
1747  norvel        x...x...x....x...x....xx....x...xx....x…     |1234|1234|1234|1234|1234|1234|1234|…  0
1748  norvel        x...x...x..xxx..x..x...x...x/2               |1234|1234|1234|1234|1234|1234|1234|…  1
1749  norvel        x....x....xx.....x....x....x....x....x.…     |1234|1234|1234|1234|1234|1234|1234|…  0
1750  norvel        x...xx..xxx..x..x..x...xx..x/4               |1234|1234|1234|1234|1234|1234|1234|…  0
1751  norvel        x....x....x....xx....xx.....x....xxx...…     |1234|1234|1234|1234|1234|1234|1234|…  1
1752  norvel        x...x...xx....x...x...x...x....x...x/3       |1234|1234|1234|1234|1234|1234|1234|…  0
1753  norvel        x..xx..x..x..x..x..xx..x...x..xx...x/4       |1234|1234|1234|1234|1234|1234|1234|…  1
1754  norvel        x...x...x...x...x...x....x...x....x....…     |1234|1234|1234|1234|1234|1234|1234|…  0
1755  norvel        x....x....x...x....x....x...xx...xx...x…     |1234|1234|1234|1234|1234|1234|1234|…  1
1756  norvel        x....xxx...x...x...x...xx....x....x...x…     |1234|1234|1234|1234|1234|1234|1234|…  1
1757  norvel        x...x...xx....xx...xx...xx....x...x...x…     |1234|1234|1234|1234|1234|1234|1234|…  0
1758  norvel        x....x...x....xx...x....x...xx....x...x…     |1234|1234|1234|1234|1234|1234|1234|…  1
1759  norvel        x...xx....x...x...x...x...x....x...x/3       |1234|1234|1234|1234|1234|1234|1234|…  0
1760  norvel        xx....x....x.....x....x....xx....xxx...…     |1234|1234|1234|1234|1234|1234|1234|…  0
1761  norvel        x...xx..x..x..x..x...xx..x..x...x..x/4       |1234|1234|1234|1234|1234|1234|1234|…  1
1762  norvel        x....x...x...x...x...x...x...x....x...x…     |1234|1234|1234|1234|1234|1234|1234|…  0
1763  norvel        x...x...xx...x....x....x...x...x...x...…     |1234|1234|1234|1234|1234|1234|1234|…  0
1764  norvel        x...x...x....x...x...x...xx....x...x...…     |1234|1234|1234|1234|1234|1234|1234|…  0
1765  norvel        xx...x...x..x...xx..x..xx...x..x...x...…     |1234|1234|1234|1234|1234|1234|1234|…  0
1766  norvel        xx...xx..xx..xx..xx..x..xx..x..xx...x..…     |1234|1234|1234|1234|1234|1234|1234|…  1
1767  norvel        xx...x....x....x...xx...xx....xx...x...…     |1234|1234|1234|1234|1234|1234|1234|…  0
1768  norvel        xx..xx...x...x..x..x...x...x/2               |1234|1234|1234|1234|1234|1234|1234|…  1
1769  norvel        x...xx...x...xx...x...xxx....x...xxx/5       |1234|1234|1234|1234|1234|1234|1234|…  1
1770  norvel        x....x....x....x....x.....x.....x....x.…     |1234|1234|1234|1234|1234|1234|1234|…  0
1771  norvel        x....xx....x.....x....x....x....x....x.…     |1234|1234|1234|1234|1234|1234|1234|…  0
1772  norvel        x...x...x....x...x...x...x...x....x...x…     |1234|1234|1234|1234|1234|1234|1234|…  1
1773  norvel        x....x...xx...x....x...x...x...x...x/3       |1234|1234|1234|1234|1234|1234|1234|…  0
1774  norvel        x..x..x..x..x..xx..x...x..xx..xx/6           |1234|1234|1234|1234|1234|1234|1234|…  0
1775  norvel        x....x...x...x...x...x....x...xx...x/5       |1234|1234|1234|1234|1234|1234|1234|…  0
1776  norvel        x...x...x....x...xx...x...xx...x/3           |1234|1234|1234|1234|1234|1234|1234|…  1
1777  norvel        xx..x..x..x..x..xx..x..xx...x..x..xx/8       |1234|1234|1234|1234|1234|1234|1234|…  1
1778  norvel        xx...x...x....x...x...x...x...x...x....…     |1234|1234|1234|1234|1234|1234|1234|…  0
1779  norvel        x....xx....x.....xx....x....x....xxx...…     |1234|1234|1234|1234|1234|1234|1234|…  1
1780  norvel        x...x....x...x...x...x...x...xx...x....…     |1234|1234|1234|1234|1234|1234|1234|…  0
1781  norvel        xx...x..x..xx..x...xx..xx...xx...xxx/6       |1234|1234|1234|1234|1234|1234|1234|…  0
1782  norvel        xx..x..x...x...x...x...x...xx..x/4           |1234|1234|1234|1234|1234|1234|1234|…  1
1783  norvel        xx...x..x..x..x..xx..x..x...x..x/6           |1234|1234|1234|1234|1234|1234|1234|…  1
1784  norvel        x..x..xxx..x..x..x...xx..x..x...x..x/7       |1234|1234|1234|1234|1234|1234|1234|…  0
1785  norvel        x...x....xx...xx...x....x...xxx....x/5       |1234|1234|1234|1234|1234|1234|1234|…  1
1786  norvel        x..x..xx...x..x..xx..x..x..x...x/5           |1234|1234|1234|1234|1234|1234|1234|…  1
1787  norvel        x.....x.....x....x....xx....x....x....x…     |1234|1234|1234|1234|1234|1234|1234|…  0
1788  norvel        x...x...x..x..xx..xx..x..x..x..x/4           |1234|1234|1234|1234|1234|1234|1234|…  0
1789  norvel        x..xx..xx...x...x..x..xx..xxx..x/4           |1234|1234|1234|1234|1234|1234|1234|…  1
1790  norvel        x...x...x...x...x...x...x..x...x...x/7       |1234|1234|1234|1234|1234|1234|1234|…  0
1791  norvel        x...x...x....x...x...x...x...x....x...x…     |1234|1234|1234|1234|1234|1234|1234|…  0
1792  norvel        x....x...x....xx...x...x....x....x...xx…     |1234|1234|1234|1234|1234|1234|1234|…  0
1793  norvel        x...x....xx...x....x....x....xx...x...x…     |1234|1234|1234|1234|1234|1234|1234|…  0
1794  norvel        x..x..x..x..x...x...x..x..xx/5               |1234|1234|1234|1234|1234|1234|1234|…  0
1795  norvel        x....x...x...xx...x...x....xx...xx....x…     |1234|1234|1234|1234|1234|1234|1234|…  0
1796  norvel        xx..x..x..x..x..x..xx..x...x/4               |1234|1234|1234|1234|1234|1234|1234|…  1
1797  norvel        x...x..x..x..x...x..x..x..xx...x/4           |1234|1234|1234|1234|1234|1234|1234|…  0
1798  norvel        xx...x..x..x..xxx..xx..xx..x..xx/2           |1234|1234|1234|1234|1234|1234|1234|…  1
1799  norvel        x...x...xx...x....x...xxx....x....xx/2       |1234|1234|1234|1234|1234|1234|1234|…  0
1800  norvel        x..x...x..x..x..x..x..x...xx...x..xx/5       |1234|1234|1234|1234|1234|1234|1234|…  0
1801  norvel        x..x...xx...x..x...x..x..x..x..xx..x/4       |1234|1234|1234|1234|1234|1234|1234|…  1
1802  norvel        x..x..xx..x..x..x..xx..x...x...x..xx/6       |1234|1234|1234|1234|1234|1234|1234|…  0
1803  norvel        xx..x..x..xx..x...x..x...xxx...x..xx/4       |1234|1234|1234|1234|1234|1234|1234|…  0
1804  norvel        xx...xx..x..xx...x..x..xx..x...x/2           |1234|1234|1234|1234|1234|1234|1234|…  1
1805  norvel        x..xx..x..xx..x..x..xx...x..x..x/5           |1234|1234|1234|1234|1234|1234|1234|…  0
1806  norvel        x...x...x...x....x...x....x....x/2           |1234|1234|1234|1234|1234|1234|1234|…  0
1807  norvel        x...x...x...x...xx....x...x....x...x...…     |1234|1234|1234|1234|1234|1234|1234|…  0
1808  norvel        x...x....x...x...x....x...x...x...x....…     |1234|1234|1234|1234|1234|1234|1234|…  1
1809  norvel        x.....x....x....x.....x.....xx.....xx..…     |1234|1234|1234|1234|1234|1234|1234|…  1
1810  norvel        x....x...x...x...x...x....x...x...x....…     |1234|1234|1234|1234|1234|1234|1234|…  0
1811  norvel        x...x..x...xx..x..xx..x...xx/5               |1234|1234|1234|1234|1234|1234|1234|…  1
1812  norvel        x....x...x...x...xx...xxx....x....x....…     |1234|1234|1234|1234|1234|1234|1234|…  0
1813  norvel        x..x..xx..xx..xx...x...xx..x/4               |1234|1234|1234|1234|1234|1234|1234|…  0
1814  norvel        x..x..x..x..x...x...x..xxx...x..x..x/5       |1234|1234|1234|1234|1234|1234|1234|…  0
1815  norvel        x...x..xx..xx..x..x..x..x...x..x..xx/4       |1234|1234|1234|1234|1234|1234|1234|…  1
1816  norvel        xxx...x....x....x...xx...x....xxx...x..…     |1234|1234|1234|1234|1234|1234|1234|…  0
1817  norvel        x...x...x...x...xx...x....xx...x/5           |1234|1234|1234|1234|1234|1234|1234|…  1
1818  norvel        x..x..xx..x..x..x..x...x...x...x/7           |1234|1234|1234|1234|1234|1234|1234|…  1
1819  norvel        x...x...x...x...xx....x...x...x...xx...…     |1234|1234|1234|1234|1234|1234|1234|…  1
1820  norvel        x..x..x...x..x...x..x...x..x...x..xx/7       |1234|1234|1234|1234|1234|1234|1234|…  1
1821  norvel        x..x..x...x...x...x..x..x..x/6               |1234|1234|1234|1234|1234|1234|1234|…  1
1822  norvel        xx...x...x....xx...x....xx...xx....x/2       |1234|1234|1234|1234|1234|1234|1234|…  0
1823  norvel        x...xx..x..x..x..xx..x..xx..x..x..xx/8       |1234|1234|1234|1234|1234|1234|1234|…  1
1824  norvel        xxx...xxx....x....x....x....x...x....xx…     |1234|1234|1234|1234|1234|1234|1234|…  1
1825  norvel        x...xx...x....x...x...x...xx...x/5           |1234|1234|1234|1234|1234|1234|1234|…  1
1826  norvel        x...xx...xx....x...xx...x....x...x....x…     |1234|1234|1234|1234|1234|1234|1234|…  0
1827  norvel        x....x....x.....xx....x....x....x....x.…     |1234|1234|1234|1234|1234|1234|1234|…  0
1828  norvel        x...xx...x....x...x...x...xx...x/2           |1234|1234|1234|1234|1234|1234|1234|…  0
1829  norvel        x...x...x...xx...x....x...xx...x/5           |1234|1234|1234|1234|1234|1234|1234|…  1
1830  norvel        x...x....x...x....xx....x...xx...xxx...…     |1234|1234|1234|1234|1234|1234|1234|…  1
1831  norvel        x...x..x..x..xx..xx...x...xxx..xx..x/5       |1234|1234|1234|1234|1234|1234|1234|…  0
1832  norvel        x..x...x...xx..x..x...xx...x/5               |1234|1234|1234|1234|1234|1234|1234|…  1
1833  norvel        x...xx....x...x...x...x...x...x...x....…     |1234|1234|1234|1234|1234|1234|1234|…  0
1834  norvel        x....xxx...x....x...x...x...xx...x....x…     |1234|1234|1234|1234|1234|1234|1234|…  0
1835  norvel        x..x..x...x..x...x...xx...x..x..x..x/7       |1234|1234|1234|1234|1234|1234|1234|…  1
1836  norvel        x..xx...xxx..x...xx...xx...x..x..x..x..…     |1234|1234|1234|1234|1234|1234|1234|…  0
1837  norvel        x..x..x...x..xx..x...x...xxx/2               |1234|1234|1234|1234|1234|1234|1234|…  0
1838  norvel        x...x..x..xx..x..x..x..x...x..xx..xx/6       |1234|1234|1234|1234|1234|1234|1234|…  0
1839  norvel        xx....xx....xxx....x....x....xxx.....x.…     |1234|1234|1234|1234|1234|1234|1234|…  0
1840  norvel        x...x...xx...x....xxx...x....x...x...xx…     |1234|1234|1234|1234|1234|1234|1234|…  1
1841  norvel        x.....x....x....x.....x.....x.....x....…     |1234|1234|1234|1234|1234|1234|1234|…  1
1842  norvel        x...x....x....x...xx...x....xx...xx...x…     |1234|1234|1234|1234|1234|1234|1234|…  1
1843  norvel        x....x...xx...x....x....x....xx...x....…     |1234|1234|1234|1234|1234|1234|1234|…  0
1844  norvel        x..x...x..xx..x...x..xx..xxx...x...x/6       |1234|1234|1234|1234|1234|1234|1234|…  1
1845  norvel        x...x...xx...xx...x...x...x....x...x/6       |1234|1234|1234|1234|1234|1234|1234|…  1
1846  norvel        xx..x..x..x...xx..x..x..x..xx..x/7           |1234|1234|1234|1234|1234|1234|1234|…  0
1847  norvel        x...x....xx...x...x...x...x...xx...x...…     |1234|1234|1234|1234|1234|1234|1234|…  1
1848  norvel        x....xx...x...x...x...x....xx....x...xx…     |1234|1234|1234|1234|1234|1234|1234|…  0
1849  norvel        x..x...x..x..x..x...x..x...x...x...x/4       |1234|1234|1234|1234|1234|1234|1234|…  1
1850  norvel        xx...x..x..x..x..x..x..x...x/4               |1234|1234|1234|1234|1234|1234|1234|…  1
1851  norvel        x...xx...x....xx...x....xx...xx...xx/3       |1234|1234|1234|1234|1234|1234|1234|…  1
1852  norvel        xx...xx....xx....x...xx....x...x...x...…     |1234|1234|1234|1234|1234|1234|1234|…  1
1853  norvel        xx....x...x....x...xx....x...x...x....x…     |1234|1234|1234|1234|1234|1234|1234|…  0
1854  norvel        x...x..x...x..x..x..xx..x..x..xx..xx/4       |1234|1234|1234|1234|1234|1234|1234|…  1
1855  norvel        x...xx..x..x..x...x...x..x..x..x..xx/4       |1234|1234|1234|1234|1234|1234|1234|…  1
1856  norvel        xx..xx...x..x..xxx...x..x..x..xx..xx...…     |1234|1234|1234|1234|1234|1234|1234|…  1
1857  norvel        x..x...x...x...x..x..x...x..x...x..x/7       |1234|1234|1234|1234|1234|1234|1234|…  1
1858  norvel        x...x....x...x...xx...x...xx...x...x...…     |1234|1234|1234|1234|1234|1234|1234|…  0
1859  norvel        x...x...x..x...x...x..x..x..x...x..x/4       |1234|1234|1234|1234|1234|1234|1234|…  1
1860  norvel        x...x....x....xx....x....x...x...x....x…     |1234|1234|1234|1234|1234|1234|1234|…  0
1861  norvel        x...x...x....x...x...x...x...x....x....…     |1234|1234|1234|1234|1234|1234|1234|…  1
1862  norvel        x..x..x..x..x..x..x..x...x..x..x/6           |1234|1234|1234|1234|1234|1234|1234|…  0
1863  norvel        x..x..x...x..x...xx...x..x..x..x...x/7       |1234|1234|1234|1234|1234|1234|1234|…  1
1864  norvel        x..x...x...x..x..xx...x..x..x..xx..x/4       |1234|1234|1234|1234|1234|1234|1234|…  1
1865  norvel        x...xx....x....x....x...x....xxx...x/5       |1234|1234|1234|1234|1234|1234|1234|…  1
1866  norvel        x..xxx..x...x..xxx...xx...xxx...x..x/2       |1234|1234|1234|1234|1234|1234|1234|…  1
1867  norvel        x...x....x...x...x...xx...x...x...xx/3       |1234|1234|1234|1234|1234|1234|1234|…  0
1868  norvel        x...x...x...x...x...x....xxx...x...x...…     |1234|1234|1234|1234|1234|1234|1234|…  0
1869  norvel        x....x....x....x....x....x....xx...x/3       |1234|1234|1234|1234|1234|1234|1234|…  1
1870  norvel        xx..x...x..x..x..x..x..x...x..xx/5           |1234|1234|1234|1234|1234|1234|1234|…  1
1871  norvel        x....x....x....x...x...x....x....xx...x…     |1234|1234|1234|1234|1234|1234|1234|…  1
1872  norvel        x..x..x..x..x...x..x...x...xx..x/5           |1234|1234|1234|1234|1234|1234|1234|…  0
1873  norvel        x...x....x...xx...xx...xxx...x...xxx/3       |1234|1234|1234|1234|1234|1234|1234|…  1
1874  norvel        xx...x...xx...xx...x...x...x....xx...xx…     |1234|1234|1234|1234|1234|1234|1234|…  0
1875  norvel        x...x...xx..xx...x...x..x..x/5               |1234|1234|1234|1234|1234|1234|1234|…  1
1876  norvel        x....x....xx.....xx....x.....x....x....…     |1234|1234|1234|1234|1234|1234|1234|…  1
1877  norvel        x....x....x....x.....x.....x....x.....x…     |1234|1234|1234|1234|1234|1234|1234|…  1
1878  norvel        x..xxx..xx...x..xxx..x..xx..xx...x..x..…     |1234|1234|1234|1234|1234|1234|1234|…  1
1879  norvel        x....x....x....x...xx...x....xx....x...…     |1234|1234|1234|1234|1234|1234|1234|…  0
1880  norvel        xx....x....xxx.....xx....xxx.....x....x…     |1234|1234|1234|1234|1234|1234|1234|…  0
1881  norvel        xx...x...xx....xx...x...x....x...x....x…     |1234|1234|1234|1234|1234|1234|1234|…  0
1882  norvel        x...xx....x....xxx...xx...x...x...xx...…     |1234|1234|1234|1234|1234|1234|1234|…  0
1883  norvel        x..x...x..x..x..x..xx...x..x..x...xx/4       |1234|1234|1234|1234|1234|1234|1234|…  1
1884  norvel        x..x..x..x..x..xx..x..x...xx...xx..x/7       |1234|1234|1234|1234|1234|1234|1234|…  0
1885  norvel        x...x...x...xx...xxx...x...xx....xxx...…     |1234|1234|1234|1234|1234|1234|1234|…  1
1886  norvel        x...xx...x....x...xx...x...x...x...x...…     |1234|1234|1234|1234|1234|1234|1234|…  0
1887  norvel        xx..x...xx..x..x...xx...x...x..xx..x/6       |1234|1234|1234|1234|1234|1234|1234|…  1
1888  norvel        xxx..x..x..x...x..xx..xx..xx..xx/2           |1234|1234|1234|1234|1234|1234|1234|…  1
1889  norvel        x....x....x....x....x....xx....x....x..…     |1234|1234|1234|1234|1234|1234|1234|…  0
1890  norvel        x...x..x..x...xx..xx..x..x...x..x..x/8       |1234|1234|1234|1234|1234|1234|1234|…  1
1891  norvel        x..xxx...x...x..x..x...xx...x..x..xx/6       |1234|1234|1234|1234|1234|1234|1234|…  1
1892  norvel        xx....x....xxx....x....x....x....x.....…     |1234|1234|1234|1234|1234|1234|1234|…  1
1893  norvel        x..x..x..x...x...x...x..x..x/6               |1234|1234|1234|1234|1234|1234|1234|…  1
1894  norvel        x...x..x..x..x..x..x...x...x/2               |1234|1234|1234|1234|1234|1234|1234|…  1
1895  norvel        xxx..x..x..x...x..x..x..x..x/5               |1234|1234|1234|1234|1234|1234|1234|…  0
1896  norvel        x...x...xx...x....x....x...x...x...x...…     |1234|1234|1234|1234|1234|1234|1234|…  0
1897  norvel        xx...xx....x...xx...x...xx....xx...x/3       |1234|1234|1234|1234|1234|1234|1234|…  1
1898  norvel        x..xx..x...x..x...x...x...x...xx..xx...…     |1234|1234|1234|1234|1234|1234|1234|…  1
1899  norvel        x...x....xx....x...x...x....x...xxx....…     |1234|1234|1234|1234|1234|1234|1234|…  0
1900  norvel        x..x..x..x...x...x...x...xx...x...xx/5       |1234|1234|1234|1234|1234|1234|1234|…  0
1901  norvel        x..x..x..x...x..x..xxx..x..x/2               |1234|1234|1234|1234|1234|1234|1234|…  1
1902  norvel        x..x..x...x...x..x...x..x..x...xx..x/7       |1234|1234|1234|1234|1234|1234|1234|…  1
1903  norvel        x...x...x....x...x...x....x...xx...x/3       |1234|1234|1234|1234|1234|1234|1234|…  0
1904  norvel        x..x..x..x...x...x...x..x..x/6               |1234|1234|1234|1234|1234|1234|1234|…  1
1905  norvel        xx...xx...xxx...xx...x...x...x...x...x.…     |1234|1234|1234|1234|1234|1234|1234|…  0
1906  norvel        x...xx..x..x...x...x..xx...x/2               |1234|1234|1234|1234|1234|1234|1234|…  1
1907  norvel        x....x....x.....x....x....x....x....x..…     |1234|1234|1234|1234|1234|1234|1234|…  0
1908  norvel        x....xx....x....x.....x....x.....x.....…     |1234|1234|1234|1234|1234|1234|1234|…  0
1909  norvel        x...x...x...x...x....xx....x...xx....x.…     |1234|1234|1234|1234|1234|1234|1234|…  1
1910  norvel        x...x...x...x...x...x....x...x....x...x…     |1234|1234|1234|1234|1234|1234|1234|…  1
1911  norvel        x..x..xx...x..x..x...x...x..x..x/7           |1234|1234|1234|1234|1234|1234|1234|…  1
1912  norvel        x..xx..x..x...x..xx..xx..x...x..x..x/4       |1234|1234|1234|1234|1234|1234|1234|…  1
1913  norvel        x....x....x....x....x.....x.....xx....x…     |1234|1234|1234|1234|1234|1234|1234|…  1
1914  norvel        x...xx....x...x...x....xx....xx....x/5       |1234|1234|1234|1234|1234|1234|1234|…  1
1915  norvel        xx.....xx....x....x....x....x....x....x…     |1234|1234|1234|1234|1234|1234|1234|…  1
1916  norvel        x....x...xx....x...x...x...x...x...x/3       |1234|1234|1234|1234|1234|1234|1234|…  0
1917  norvel        x..x..x...x...xx..x..x..x..xx..x/5           |1234|1234|1234|1234|1234|1234|1234|…  1
1918  norvel        x...x...x....xx...x...xx...x...x...x/2       |1234|1234|1234|1234|1234|1234|1234|…  1
1919  norvel        x...x...x....x....xx...x...x...x...x...…     |1234|1234|1234|1234|1234|1234|1234|…  0
1920  norvel        x...x...x....x...x...x....x...x....x/2       |1234|1234|1234|1234|1234|1234|1234|…  1
1921  norvel        xx...x...x...x...xx...xx...xx....xxx/5       |1234|1234|1234|1234|1234|1234|1234|…  1
1922  norvel        x..x..x..xx...x..x..x...x..x..xx/5           |1234|1234|1234|1234|1234|1234|1234|…  1
1923  norvel        x...x...x....x....x...x...x...x...xx...…     |1234|1234|1234|1234|1234|1234|1234|…  0
1924  norvel        x...x...x....xx....x...x...xx....x....x…     |1234|1234|1234|1234|1234|1234|1234|…  0
1925  norvel        x...xx....x....x...x...xx...x...x...xx.…     |1234|1234|1234|1234|1234|1234|1234|…  0
1926  norvel        x....x....x....xx....x....xx....x.....x…     |1234|1234|1234|1234|1234|1234|1234|…  1
1927  norvel        x...xxx...x...x...x...x...x...x...x....…     |1234|1234|1234|1234|1234|1234|1234|…  0
1928  norvel        x..x..x...xx..xxx...xx..x..xx..xx..xx..…     |1234|1234|1234|1234|1234|1234|1234|…  1
1929  norvel        x...xx...x...x...x....x...x....x...x/5       |1234|1234|1234|1234|1234|1234|1234|…  0
1930  norvel        x...x...xxx..x..x...x..x...x...x...x/4       |1234|1234|1234|1234|1234|1234|1234|…  0
1931  norvel        x..xx..x..xx..xx..x..x...x..xxx..xxx...…     |1234|1234|1234|1234|1234|1234|1234|…  0
1932  norvel        x...x...xx....x...x....x...x...x....xx.…     |1234|1234|1234|1234|1234|1234|1234|…  0
1933  norvel        x..x..x..xxx...xx..x..x..x..x..x/5           |1234|1234|1234|1234|1234|1234|1234|…  0
1934  norvel        x..xx..xx..x..x..x..x..x...x/5               |1234|1234|1234|1234|1234|1234|1234|…  0
1935  norvel        xxx..x..x...xx..xx..xx..x..x..xx..xx/6       |1234|1234|1234|1234|1234|1234|1234|…  0
1936  norvel        x..xxx...xxx...x..xx..x..xx..x..x..x..x…     |1234|1234|1234|1234|1234|1234|1234|…  0
1937  norvel        x..x...x...x...x...x..xx...x...xx..x/7       |1234|1234|1234|1234|1234|1234|1234|…  0
1938  norvel        x...xx...x....x...x...x...x...x...x...x…     |1234|1234|1234|1234|1234|1234|1234|…  1
1939  norvel        x..x..x...x..x..x...xx..x..xx..x/6           |1234|1234|1234|1234|1234|1234|1234|…  1
1940  norvel        x..x..x..x...x..x..x..x...xx...x/4           |1234|1234|1234|1234|1234|1234|1234|…  0
1941  norvel        x..x..x..x..x...x..xxx..x..x/2               |1234|1234|1234|1234|1234|1234|1234|…  1
1942  norvel        x...x...x...x....xx...x...x...xx...x...…     |1234|1234|1234|1234|1234|1234|1234|…  0
1943  norvel        xx.....x....x....xx....xx.....xx....x..…     |1234|1234|1234|1234|1234|1234|1234|…  0
1944  norvel        x..xx..xx..x..x..x...x..x..x/5               |1234|1234|1234|1234|1234|1234|1234|…  0
1945  norvel        x....x...xx...xx...xx....xx...xx...x/3       |1234|1234|1234|1234|1234|1234|1234|…  1
1946  norvel        x...x....x...x....x...x...xx...x....x..…     |1234|1234|1234|1234|1234|1234|1234|…  1
1947  norvel        x...x...xxx..x...xx..x..x..x..xx/6           |1234|1234|1234|1234|1234|1234|1234|…  1
1948  norvel        x..xx...x..x..x..x..x..xx..x/4               |1234|1234|1234|1234|1234|1234|1234|…  1
1949  norvel        x..xxx..xx..x...xx..xx..xxx..x..x..x/6       |1234|1234|1234|1234|1234|1234|1234|…  0
1950  norvel        x....x....x.....x....x.....x....x....x.…     |1234|1234|1234|1234|1234|1234|1234|…  0
1951  norvel        x....x...x...x...xx...x...x...xx...x/5       |1234|1234|1234|1234|1234|1234|1234|…  0
1952  norvel        x..xx..x..xx..x..x..x..x...x/2               |1234|1234|1234|1234|1234|1234|1234|…  1
1953  norvel        xxx...xx...x...x....xx...x...xx...x...x…     |1234|1234|1234|1234|1234|1234|1234|…  0
1954  norvel        xx....x....xx.....x....x....x....x....x…     |1234|1234|1234|1234|1234|1234|1234|…  1
1955  norvel        x...x...xx...x...x....x...x...xx...x...…     |1234|1234|1234|1234|1234|1234|1234|…  1
1956  norvel        xx...xx...xx..x..x..x..xx..x..x...xx/7       |1234|1234|1234|1234|1234|1234|1234|…  1
1957  norvel        x...x..x..x..x...x..xx..x..x/5               |1234|1234|1234|1234|1234|1234|1234|…  0
1958  norvel        x.....x....x....x....x.....x....x.....x…     |1234|1234|1234|1234|1234|1234|1234|…  1
1959  norvel        x...x...x...x...x....x...x...x....x...x…     |1234|1234|1234|1234|1234|1234|1234|…  0
1960  norvel        x....xx...xx...xx...xxx....x...x...x...…     |1234|1234|1234|1234|1234|1234|1234|…  0
1961  norvel        x..x...xx..x...x..x..x...x..x...x..x/5       |1234|1234|1234|1234|1234|1234|1234|…  0
1962  norvel        x....x.....x.....x.....x.....x.....x...…     |1234|1234|1234|1234|1234|1234|1234|…  1
1963  norvel        x..x..x..x...xx...x..x...x..x..x/4           |1234|1234|1234|1234|1234|1234|1234|…  0
1964  norvel        x...x...x...x...x....x...x...x....xx...…     |1234|1234|1234|1234|1234|1234|1234|…  0
1965  norvel        xxx....x....x...x....xx...x....x...x...…     |1234|1234|1234|1234|1234|1234|1234|…  1
1966  norvel        x...xx...x...x..x..x..x..x..x..x...x/5       |1234|1234|1234|1234|1234|1234|1234|…  0
1967  norvel        x...x...xx....xx...x...x...x...x...x/3       |1234|1234|1234|1234|1234|1234|1234|…  0
1968  norvel        x...x...x...x...x...x....x...x....xx...…     |1234|1234|1234|1234|1234|1234|1234|…  0
1969  norvel        x...x...x....x....x...x...x...x....x...…     |1234|1234|1234|1234|1234|1234|1234|…  1
1970  norvel        x...x..xx...x..x..xx..xx...x/2               |1234|1234|1234|1234|1234|1234|1234|…  0
1971  norvel        x..x...x...x..x..xx..x...xx..x..x..x/4       |1234|1234|1234|1234|1234|1234|1234|…  1
1972  norvel        x...x...x...xx...x...x....x...xx/2           |1234|1234|1234|1234|1234|1234|1234|…  0
1973  norvel        xxx..xxx..xx..xxx...x...x..x...x/2           |1234|1234|1234|1234|1234|1234|1234|…  0
1974  norvel        x...xx...x...x...x...x....x....x...x...…     |1234|1234|1234|1234|1234|1234|1234|…  0
1975  norvel        x...xx..xxx..x..x...xxx...xxx..x/2           |1234|1234|1234|1234|1234|1234|1234|…  0
1976  norvel        x..x..x...x...x..xx..xx..x..x..x/5           |1234|1234|1234|1234|1234|1234|1234|…  1
1977  norvel        x..x..x...x...x...x..x..xx..x..x/4           |1234|1234|1234|1234|1234|1234|1234|…  0
1978  norvel        x...x....x...x...x....x...x...x...x...x…     |1234|1234|1234|1234|1234|1234|1234|…  0
1979  norvel        x..x..xx...xx..x..x..x..xx..xxx...x..xx…     |1234|1234|1234|1234|1234|1234|1234|…  0
1980  norvel        x..x..x..x...x..x..x..x..x..x..x/5           |1234|1234|1234|1234|1234|1234|1234|…  0
1981  norvel        x...x..x..x...x...x..x..x..x...x..xx/8       |1234|1234|1234|1234|1234|1234|1234|…  1
1982  norvel        x...x....x...x...x...x....x...x...x....…     |1234|1234|1234|1234|1234|1234|1234|…  0
1983  norvel        xx...x...x....xx....x...x...x...x....x.…     |1234|1234|1234|1234|1234|1234|1234|…  0
1984  norvel        xx...x....x...x...x....xx...x...x....xx…     |1234|1234|1234|1234|1234|1234|1234|…  0
1985  norvel        x....x....x...x...x...x...x....x...x/2       |1234|1234|1234|1234|1234|1234|1234|…  1
1986  norvel        xx...x...x....x....xx...x....x...x....x…     |1234|1234|1234|1234|1234|1234|1234|…  0
1987  norvel        x....x....x....x.....x.....x.....x....x…     |1234|1234|1234|1234|1234|1234|1234|…  1
1988  norvel        xx..xx...x..xx..xx..x..x...x..xx/4           |1234|1234|1234|1234|1234|1234|1234|…  1
1989  norvel        x..x...x...x..xx..x..x..x..x/4               |1234|1234|1234|1234|1234|1234|1234|…  1
1990  norvel        x...x..x..x..xxx...x...xx..x/2               |1234|1234|1234|1234|1234|1234|1234|…  0
1991  norvel        x...x...xx....x...x...x...x....x...x...…     |1234|1234|1234|1234|1234|1234|1234|…  0
1992  norvel        x...xx...x...x....xx....x....xx....x/5       |1234|1234|1234|1234|1234|1234|1234|…  1
1993  norvel        x..xx...x..x..x..x..x..x...x...x/4           |1234|1234|1234|1234|1234|1234|1234|…  0
1994  norvel        x...x...x..x..x...x..x...x..x..xx..x/8       |1234|1234|1234|1234|1234|1234|1234|…  1
1995  norvel        xxx..x...xx...xx..x..x..x...x..x..xx/5       |1234|1234|1234|1234|1234|1234|1234|…  0
1996  norvel        x..x..x...x..x..x...xx..x..xx..x/4           |1234|1234|1234|1234|1234|1234|1234|…  0
1997  norvel        x...x....x...x....x...x...x....x...x...…     |1234|1234|1234|1234|1234|1234|1234|…  0
1998  norvel        x..xx..xx..xx..x..xx...xx..xx..x/5           |1234|1234|1234|1234|1234|1234|1234|…  0
1999  norvel        x...x...x...x....x....x...x...xx...x...…     |1234|1234|1234|1234|1234|1234|1234|…  0
2000  norvel        x....x....x...x....x...x...xxx...x....x…     |1234|1234|1234|1234|1234|1234|1234|…  0
2001  norvel        xx....x...x...x...x....x....xx...xxx/2       |1234|1234|1234|1234|1234|1234|1234|…  0
2002  norvel        x...xxx....x...x....x...xx...xx....xxx.…     |1234|1234|1234|1234|1234|1234|1234|…  0
2003  norvel        x...xx..x..x...x..x..xxx..x..x..x..x/4       |1234|1234|1234|1234|1234|1234|1234|…  1
2004  norvel        xx...x...x..x..xx..x...x..xx/2               |1234|1234|1234|1234|1234|1234|1234|…  0
2005  norvel        x...xx...x...x..xx..x..x...x/2               |1234|1234|1234|1234|1234|1234|1234|…  1
2006  norvel        xx..xx..x..xxx..x..x...x..xx..xx/2           |1234|1234|1234|1234|1234|1234|1234|…  1
2007  norvel        xx...x....xx....x....x....x...x...x...x…     |1234|1234|1234|1234|1234|1234|1234|…  0
2008  norvel        x....xxx....x....x...xx...xx...x....xx.…     |1234|1234|1234|1234|1234|1234|1234|…  1
2009  norvel        x..x..xx...x...xx..x...x...x...x...x..x…     |1234|1234|1234|1234|1234|1234|1234|…  0
2010  norvel        x....x...x...x...x...x....x....x/5           |1234|1234|1234|1234|1234|1234|1234|…  1
2011  norvel        x....xxx....xx...xx...x...x....xx....x.…     |1234|1234|1234|1234|1234|1234|1234|…  0
2012  norvel        x..x..x..xx..x..x..x...xxx..xx..x..x/6       |1234|1234|1234|1234|1234|1234|1234|…  0
2013  norvel        x...x..x...x..x..x..x..x...x..xx/4           |1234|1234|1234|1234|1234|1234|1234|…  0
2014  norvel        xxx...x...x...x...xx...xxx...xx....x...…     |1234|1234|1234|1234|1234|1234|1234|…  0
2015  norvel        x.....xxx....x....x....xxx....xx....x..…     |1234|1234|1234|1234|1234|1234|1234|…  0
2016  norvel        x..x..xxx..x..x..x..xx..x...x...x..x/6       |1234|1234|1234|1234|1234|1234|1234|…  0
2017  norvel        x...x...x...x...x....x....x...x....x...…     |1234|1234|1234|1234|1234|1234|1234|…  1
2018  norvel        x...x....x....x...x....x....x...x....x.…     |1234|1234|1234|1234|1234|1234|1234|…  0
2019  norvel        x...xx....xx....x...x...xx....x...x...x…     |1234|1234|1234|1234|1234|1234|1234|…  0
2020  norvel        x...x...x...x...x...x....x...x....x...x…     |1234|1234|1234|1234|1234|1234|1234|…  0
2021  norvel        x...x....x...x....x...x....x...x...x/2       |1234|1234|1234|1234|1234|1234|1234|…  1
2022  norvel        x....xx...x...x...x...x...x...x...xx/2       |1234|1234|1234|1234|1234|1234|1234|…  1
2023  norvel        x..xx..x...x...x...x..xx...x/5               |1234|1234|1234|1234|1234|1234|1234|…  1
2024  norvel        x....x...x....x...x...x....x...x...x/6       |1234|1234|1234|1234|1234|1234|1234|…  1
2025  norvel        xxx...x...x...x...xx...xx...x...x....xx…     |1234|1234|1234|1234|1234|1234|1234|…  0
2026  norvel        xx..x..x..xx..x..xx..x..xx..x..x...x/6       |1234|1234|1234|1234|1234|1234|1234|…  0
2027  norvel        x....xx...x...xx...x....x....x....x....…     |1234|1234|1234|1234|1234|1234|1234|…  1
2028  norvel        x...x...x....x...x....x...x....x...x...…     |1234|1234|1234|1234|1234|1234|1234|…  1
2029  norvel        x...x....x....xx...xx....xx...xx....xxx…     |1234|1234|1234|1234|1234|1234|1234|…  1
2030  norvel        xx..x..x..xx..xx..xxx..x...x...x...xx..…     |1234|1234|1234|1234|1234|1234|1234|…  0
2031  norvel        x....x...x...x...x...x....x...x....x/6       |1234|1234|1234|1234|1234|1234|1234|…  1
2032  norvel        x...xx....x...x...x...x...x...xx...x/5       |1234|1234|1234|1234|1234|1234|1234|…  0
2033  norvel        xx....xxx....xx....xx....x...xxx...x...…     |1234|1234|1234|1234|1234|1234|1234|…  0
2034  norvel        xx..x..xxx..xxx..x..xx..x...xx...x..x..…     |1234|1234|1234|1234|1234|1234|1234|…  0
2035  norvel        x....x...xx...xxx....x...x....xx...x...…     |1234|1234|1234|1234|1234|1234|1234|…  1
2036  norvel        x...x....x...x...x....x...x....x...x/2       |1234|1234|1234|1234|1234|1234|1234|…  1
2037  norvel        xx...x...x...x....x...x...xx...x...x/5       |1234|1234|1234|1234|1234|1234|1234|…  0
2038  norvel        x...xx...xxx...x...x...xxx...x...x...x.…     |1234|1234|1234|1234|1234|1234|1234|…  0
2039  norvel        x..x...x..x..x..x..x..xxx..x/5               |1234|1234|1234|1234|1234|1234|1234|…  0
2040  norvel        xx...x...x....x....x....xx...x....x...x…     |1234|1234|1234|1234|1234|1234|1234|…  1
2041  norvel        x..xx...x..xx..xx..xx..xx..x/5               |1234|1234|1234|1234|1234|1234|1234|…  1
2042  norvel        x..x...x..x..x..x..x...x...x/2               |1234|1234|1234|1234|1234|1234|1234|…  1
2043  norvel        x.....x....xx....x....x....xx....x.....…     |1234|1234|1234|1234|1234|1234|1234|…  0
2044  norvel        x...x..x...x...x..x...x..x..x..x...x/4       |1234|1234|1234|1234|1234|1234|1234|…  1
2045  norvel        x...x...x...x....x...x...x...x...xxx...…     |1234|1234|1234|1234|1234|1234|1234|…  0
2046  norvel        x...xx..x...x..xxx..xx...x..x..x..xx..x…     |1234|1234|1234|1234|1234|1234|1234|…  1
2047  norvel        x...xx....xx...x....x....x...x....x...x…     |1234|1234|1234|1234|1234|1234|1234|…  0
2048  norvel        x....x....xx...x...x....x...x....xx....…     |1234|1234|1234|1234|1234|1234|1234|…  0
2049  norvel        xx...x...x...x...x...x...x....x...x...x…     |1234|1234|1234|1234|1234|1234|1234|…  1
2050  norvel        x.....x.....xx....xx....x....xx....x...…     |1234|1234|1234|1234|1234|1234|1234|…  1
2051  norvel        xx...xxx....xx....x....x...x...xx....x.…     |1234|1234|1234|1234|1234|1234|1234|…  1
2052  norvel        x..x..xxx...x..x..x..x..x..x/2               |1234|1234|1234|1234|1234|1234|1234|…  1
2053  norvel        x..x..x..x..x..x..xxx..x...xx..x/5           |1234|1234|1234|1234|1234|1234|1234|…  0
2054  norvel        x....x...x...x....xx...x...x....x....x.…     |1234|1234|1234|1234|1234|1234|1234|…  0
2055  norvel        x.....xx....xxx....xxx....x....xx....x.…     |1234|1234|1234|1234|1234|1234|1234|…  1
2056  norvel        x....x...x....x....x...x...x...x/5           |1234|1234|1234|1234|1234|1234|1234|…  1
2057  norvel        x...x...x...x...x....x...x...xx....x/5       |1234|1234|1234|1234|1234|1234|1234|…  0
2058  norvel        x..xx..x...x...x..x..xx...x...xx/2           |1234|1234|1234|1234|1234|1234|1234|…  1
2059  norvel        x...x....x...x....x...x...x....x/2           |1234|1234|1234|1234|1234|1234|1234|…  0
2060  norvel        x..x...x...x..x..x...x..x..x/4               |1234|1234|1234|1234|1234|1234|1234|…  0
2061  norvel        x..xx...xx...x..xx..x...xx...x...xxx/4       |1234|1234|1234|1234|1234|1234|1234|…  1
2062  norvel        x...x...x...x....x...xx...xx...x...x...…     |1234|1234|1234|1234|1234|1234|1234|…  0
2063  norvel        x..x...xx..x..x...x...x...xx/2               |1234|1234|1234|1234|1234|1234|1234|…  1
2064  norvel        xx...x....xx...x....xx....x...xx...xx..…     |1234|1234|1234|1234|1234|1234|1234|…  0
2065  norvel        x...x....xx...xx...x....x...x....x...xx…     |1234|1234|1234|1234|1234|1234|1234|…  1
2066  norvel        xx...x..xxx...x..x...xxx..xxx..x/5           |1234|1234|1234|1234|1234|1234|1234|…  1
2067  norvel        x...xx..x..x..xxx...xxx..x..x..xx..x...…     |1234|1234|1234|1234|1234|1234|1234|…  0
2068  norvel        x..x..xx..x...xxx..xxx..x..x...x...x..x…     |1234|1234|1234|1234|1234|1234|1234|…  0
2069  norvel        x..x...x...x...x..x..x...x..x...x..x/6       |1234|1234|1234|1234|1234|1234|1234|…  0
2070  norvel        x..x...x..x..x..x..x..x..x..x..x/4           |1234|1234|1234|1234|1234|1234|1234|…  0
2071  norvel        x...x..x..xx..xx..x..x..x..x/2               |1234|1234|1234|1234|1234|1234|1234|…  1
2072  norvel        x...x..x..xxx..xx..x..xx...x...x/2           |1234|1234|1234|1234|1234|1234|1234|…  1
2073  norvel        x....xx...x...x....x...x...x...x/3           |1234|1234|1234|1234|1234|1234|1234|…  1
2074  norvel        x....x....x...xx...x...x...x...xxx....x…     |1234|1234|1234|1234|1234|1234|1234|…  0
2075  norvel        x....xx....x...xx...x...x...x....x....x…     |1234|1234|1234|1234|1234|1234|1234|…  1
2076  norvel        x...x...x...x....x....x...x....x...x...…     |1234|1234|1234|1234|1234|1234|1234|…  1
2077  norvel        x....x....x...x...x...x...x...xx...x/3       |1234|1234|1234|1234|1234|1234|1234|…  0
2078  norvel        x...x...x...x....xx...x....x...x/3           |1234|1234|1234|1234|1234|1234|1234|…  1
2079  norvel        x...x..x..x..x...x...x..x..x..xx/4           |1234|1234|1234|1234|1234|1234|1234|…  0
2080  norvel        x....x...xx....x...x....x....x...x....x…     |1234|1234|1234|1234|1234|1234|1234|…  0
2081  norvel        x..x..x..x..x...x..x...x...x/2               |1234|1234|1234|1234|1234|1234|1234|…  1
2082  norvel        x...x....x...x....x....x...x...x...x/6       |1234|1234|1234|1234|1234|1234|1234|…  1
2083  norvel        xx....x....x.....x.....x....x....x....x…     |1234|1234|1234|1234|1234|1234|1234|…  1
2084  norvel        x..x..x..x...xx..x...x..x..x..xxx..x/4       |1234|1234|1234|1234|1234|1234|1234|…  1
2085  norvel        x....x.....x....x....x....x....x....x..…     |1234|1234|1234|1234|1234|1234|1234|…  0
2086  norvel        x...x...xx...x....xx...x....x....x....x…     |1234|1234|1234|1234|1234|1234|1234|…  0
2087  norvel        x....x....xx....xxx...xxx...xx....xx...…     |1234|1234|1234|1234|1234|1234|1234|…  1
2088  norvel        x....x....x....x.....x.....x....x....x.…     |1234|1234|1234|1234|1234|1234|1234|…  0
2089  norvel        x....x...x....x...x....x...x...x...x/6       |1234|1234|1234|1234|1234|1234|1234|…  1
2090  norvel        xxx...x...x...x....x...x...x...x/5           |1234|1234|1234|1234|1234|1234|1234|…  1
2091  norvel        xx...x....x....xx...xx...x....xx...xx..…     |1234|1234|1234|1234|1234|1234|1234|…  0
2092  norvel        x...x....x...x...x...x...xx...x....x...…     |1234|1234|1234|1234|1234|1234|1234|…  0
2093  norvel        x..x..x..x..x...x..x..x..x..x..x/5           |1234|1234|1234|1234|1234|1234|1234|…  0
2094  norvel        x....x....x...x...x....x...x...x...x/2       |1234|1234|1234|1234|1234|1234|1234|…  1
2095  norvel        x...x....xx....x...xx...xxx...x...x...x…     |1234|1234|1234|1234|1234|1234|1234|…  0
2096  norvel        x....x....x...x...x...x...x....x/5           |1234|1234|1234|1234|1234|1234|1234|…  1
2097  norvel        x..x..xx..x..x..x...x..x..x...xx/4           |1234|1234|1234|1234|1234|1234|1234|…  0
2098  norvel        x....x...x...xx....x....x...xx...x....x…     |1234|1234|1234|1234|1234|1234|1234|…  0
2099  norvel        x..xx..x..x...xx...x...xx..x/5               |1234|1234|1234|1234|1234|1234|1234|…  1
2100  norvel        x...x...x...x....xx...x...x...xx/2           |1234|1234|1234|1234|1234|1234|1234|…  1
2101  norvel        x...x...x..x..x..x..x..x...x..xx/7           |1234|1234|1234|1234|1234|1234|1234|…  1
2102  norvel        x....xxx....xx....xx....x....xxx.....xx…     |1234|1234|1234|1234|1234|1234|1234|…  0
2103  norvel        xx..xxx...x...xx..x...xx...x..x...x...x…     |1234|1234|1234|1234|1234|1234|1234|…  0
2104  norvel        x...x...x....x....x...x....x...x...x/6       |1234|1234|1234|1234|1234|1234|1234|…  1
2105  norvel        x..x...xxx..x..xxx...x..x..x...x..xx/5       |1234|1234|1234|1234|1234|1234|1234|…  0
2106  norvel        x..x..x...x..xx..x..x..x..xx..xx/5           |1234|1234|1234|1234|1234|1234|1234|…  0
2107  norvel        xx....x...x...xx...x...xx...xx....x...x…     |1234|1234|1234|1234|1234|1234|1234|…  0
2108  norvel        xx...x...x....x...x...x...x...xx...x/3       |1234|1234|1234|1234|1234|1234|1234|…  0
2109  norvel        x.....x....xx.....x.....xxx.....xx....x…     |1234|1234|1234|1234|1234|1234|1234|…  0
2110  norvel        x....x....x....x...x...x...x...x/2           |1234|1234|1234|1234|1234|1234|1234|…  0
2111  norvel        x...x..x...x..x..x...x..x..x/2               |1234|1234|1234|1234|1234|1234|1234|…  1
2112  norvel        xx..x..x...x..x..xx..x..x..x/4               |1234|1234|1234|1234|1234|1234|1234|…  1
2113  norvel        x..x...x...x..x...x..x...x...xx...xx...…     |1234|1234|1234|1234|1234|1234|1234|…  0
2114  norvel        xx.....xx.....xx.....x....x....x....x..…     |1234|1234|1234|1234|1234|1234|1234|…  1
2115  norvel        x...xx...xx...xx....x...xx....x...xx...…     |1234|1234|1234|1234|1234|1234|1234|…  0
2116  norvel        x...x..x..xx...x..x...x..xxx..xx/4           |1234|1234|1234|1234|1234|1234|1234|…  0
2117  norvel        x...x....x...x....xx....x...x....x....x…     |1234|1234|1234|1234|1234|1234|1234|…  0
2118  norvel        x..x..x..x..x...x...x...x..x/6               |1234|1234|1234|1234|1234|1234|1234|…  1
2119  norvel        x....x.....x.....x....x.....x.....xx...…     |1234|1234|1234|1234|1234|1234|1234|…  1
2120  norvel        x..x..x..x...x...x..x..x...x/4               |1234|1234|1234|1234|1234|1234|1234|…  0
2121  norvel        x....x....x....xx...x...xx....x....x...…     |1234|1234|1234|1234|1234|1234|1234|…  1
2122  norvel        x...x...x...x....xx...x...xx...x...x/2       |1234|1234|1234|1234|1234|1234|1234|…  1
2123  norvel        x..xxx...xxx..x..xx..xx...x..x..x..x..x…     |1234|1234|1234|1234|1234|1234|1234|…  0
2124  norvel        x...xx....x....xx....x...xxx...x...x...…     |1234|1234|1234|1234|1234|1234|1234|…  1
2125  norvel        xx...x...x...x..xxx..x..x..x..x...xx/6       |1234|1234|1234|1234|1234|1234|1234|…  1
2126  norvel        x..x..xx..x..x..xxx..xx..x...x...xxx/5       |1234|1234|1234|1234|1234|1234|1234|…  1
2127  norvel        xxx..x..x..xx..x..x...x..x..x..x/7           |1234|1234|1234|1234|1234|1234|1234|…  0
2128  norvel        x..x..x..x...x..xx..x...x..x/4               |1234|1234|1234|1234|1234|1234|1234|…  1
2129  norvel        x..x..x..xx..x..x...x..x..x...xx...x/5       |1234|1234|1234|1234|1234|1234|1234|…  0
2130  norvel        xx.....xx....xx....xx.....x....x....x..…     |1234|1234|1234|1234|1234|1234|1234|…  1
2131  norvel        x....x....x....x...x....x....x....x...x…     |1234|1234|1234|1234|1234|1234|1234|…  0
2132  norvel        xxx..x..x..xx...xx..x...xx..x..x...x..x…     |1234|1234|1234|1234|1234|1234|1234|…  0
2133  norvel        x..xx..xxx..x..xxx..x..x..x..xx...xx/6       |1234|1234|1234|1234|1234|1234|1234|…  0
2134  norvel        x....x.....x....x....x....x....x....x..…     |1234|1234|1234|1234|1234|1234|1234|…  0
2135  norvel        x...x....x....x...x...x....x...x...x...…     |1234|1234|1234|1234|1234|1234|1234|…  1
2136  norvel        x..x..x...x..x...x..x...x..x/2               |1234|1234|1234|1234|1234|1234|1234|…  1
2137  norvel        x...x..xxx..x..x..xxx..xx..xx..xx..x/7       |1234|1234|1234|1234|1234|1234|1234|…  0
2138  norvel        xx.....x.....x.....xx.....x....x....x..…     |1234|1234|1234|1234|1234|1234|1234|…  1
2139  norvel        xx..x..x...x..x..xx..x..x..x/2               |1234|1234|1234|1234|1234|1234|1234|…  1
2140  norvel        xx..x..x..x..x..x..xx..x...x...x/6           |1234|1234|1234|1234|1234|1234|1234|…  1
2141  norvel        xx...x...xxx...xx...xx...x....x...xx/2       |1234|1234|1234|1234|1234|1234|1234|…  0
2142  norvel        x..xxx...x...xx...x..x...xx...x..xxx/4       |1234|1234|1234|1234|1234|1234|1234|…  1
2143  norvel        x..x..x..xx..xx..x..x...xx..x..x/7           |1234|1234|1234|1234|1234|1234|1234|…  0
2144  norvel        x...x...xx....x...x...xx...x...x/5           |1234|1234|1234|1234|1234|1234|1234|…  1
2145  norvel        x..xx..x..xx...xx..x..xxx...x...x..x/5       |1234|1234|1234|1234|1234|1234|1234|…  0
2146  norvel        x...x..x...x..x..x...x..x..x/4               |1234|1234|1234|1234|1234|1234|1234|…  0
2147  norvel        x....x....xx....x....x.....x....x....x.…     |1234|1234|1234|1234|1234|1234|1234|…  0
2148  norvel        x...x...x...x..x...x...x..x..x..x..x/6       |1234|1234|1234|1234|1234|1234|1234|…  0
2149  norvel        x..x...x...x...x...x...x...x..x...xx...…     |1234|1234|1234|1234|1234|1234|1234|…  0
2150  norvel        x...x....x...x....x...xx...x...x...x...…     |1234|1234|1234|1234|1234|1234|1234|…  0
2151  norvel        x...x...x....xx...x...xx...x...x...x/5       |1234|1234|1234|1234|1234|1234|1234|…  0
2152  norvel        x...x...x...x...x...x...x....x....x....…     |1234|1234|1234|1234|1234|1234|1234|…  1
2153  norvel        x...x....xxx...xx....xx...xx...x...x/3       |1234|1234|1234|1234|1234|1234|1234|…  1
2154  norvel        x...xx...x...x...x...x....x...x...xx...…     |1234|1234|1234|1234|1234|1234|1234|…  0
2155  norvel        x.....x....x....x....x....x.....x....x.…     |1234|1234|1234|1234|1234|1234|1234|…  0
2156  norvel        xx....x...xx...x...x...x...x...x...x/5       |1234|1234|1234|1234|1234|1234|1234|…  0
2157  norvel        xx....x....x.....x....x.....x.....x....…     |1234|1234|1234|1234|1234|1234|1234|…  1
2158  norvel        x...xx..x..xx..x..xx...x..xxx...xx..x..…     |1234|1234|1234|1234|1234|1234|1234|…  1
2159  norvel        x...x...xx...x...x...x...x...xx...x....…     |1234|1234|1234|1234|1234|1234|1234|…  0
2160  norvel        x..xxx..x..xx..x..xxx...xx..x..x..xx...…     |1234|1234|1234|1234|1234|1234|1234|…  1
2161  norvel        x..x..xx..x..x...x..x...x..x/5               |1234|1234|1234|1234|1234|1234|1234|…  0
2162  norvel        x....x.....x....x.....x.....x.....x....…     |1234|1234|1234|1234|1234|1234|1234|…  0
2163  norvel        x...x...x...x....x...x....x...x...x...x…     |1234|1234|1234|1234|1234|1234|1234|…  0
2164  norvel        x..x..xx..xx..x..xxx..xx...x/5               |1234|1234|1234|1234|1234|1234|1234|…  1
2165  norvel        x..xx..x..xx...x..x..x..x..x/2               |1234|1234|1234|1234|1234|1234|1234|…  1
2166  norvel        xxx...x..x..x...x..xx..xxx..xx..x..x..x…     |1234|1234|1234|1234|1234|1234|1234|…  0
2167  norvel        x..x..x..x..x...x..x...x...x/4               |1234|1234|1234|1234|1234|1234|1234|…  0
2168  norvel        x...x...xx...x....xx...x...x...x...x...…     |1234|1234|1234|1234|1234|1234|1234|…  0
2169  norvel        x..x...xx..x...xx..xx..x..x..x..xxx..xx…     |1234|1234|1234|1234|1234|1234|1234|…  0
2170  norvel        x...x....x....x...x....x....xx...x...xx…     |1234|1234|1234|1234|1234|1234|1234|…  1
2171  norvel        x...x...x...x...x....x....x....x/2           |1234|1234|1234|1234|1234|1234|1234|…  0
2172  norvel        xx..x..x...x...xx..xx..x...xx..x/6           |1234|1234|1234|1234|1234|1234|1234|…  1
2173  norvel        xx....xx....x....xx....x....x....x.....…     |1234|1234|1234|1234|1234|1234|1234|…  0
2174  norvel        x.....x....x.....xx.....x....x....x....…     |1234|1234|1234|1234|1234|1234|1234|…  1
2175  norvel        x....xxx...xx....xx...x....xx....xx...x…     |1234|1234|1234|1234|1234|1234|1234|…  1
2176  norvel        xx...xxx....xx....xx....x...x....x...x.…     |1234|1234|1234|1234|1234|1234|1234|…  0
2177  norvel        x..xx..xx..xx..x..x..x..x...x..x/6           |1234|1234|1234|1234|1234|1234|1234|…  0
2178  norvel        x.....x....x....x....xx....x....x.....x…     |1234|1234|1234|1234|1234|1234|1234|…  1
2179  norvel        x..x...x..x..x..x...x...x..x/6               |1234|1234|1234|1234|1234|1234|1234|…  1
2180  norvel        x..x..xx..x..x...x...x...x..x...x..x/8       |1234|1234|1234|1234|1234|1234|1234|…  1
2181  norvel        x....x...x...x...xxx...xx...xx....x....…     |1234|1234|1234|1234|1234|1234|1234|…  1
2182  norvel        xxx..xx..x...xx...x..x..xx..x..x...x...…     |1234|1234|1234|1234|1234|1234|1234|…  1
2183  norvel        x....x.....xx....xx....xx....xx.....xx.…     |1234|1234|1234|1234|1234|1234|1234|…  0
2184  norvel        xx...xx...x....x....x...x....x....x...x…     |1234|1234|1234|1234|1234|1234|1234|…  0
2185  norvel        xx..x...xx..x..x...xx...xx..x..xx..x/7       |1234|1234|1234|1234|1234|1234|1234|…  1
2186  norvel        xx...xx...xxx...x...xx...xx....x...x...…     |1234|1234|1234|1234|1234|1234|1234|…  1
2187  norvel        xx...xxx....xx....x....x...x....xx...x.…     |1234|1234|1234|1234|1234|1234|1234|…  0
2188  norvel        xx...x....x...x...x...x....x...x...x...…     |1234|1234|1234|1234|1234|1234|1234|…  0
2189  norvel        x...x....x...x....x....x....x...x....x.…     |1234|1234|1234|1234|1234|1234|1234|…  0
2190  norvel        xx...x....x...x....x...x....x....xx...x…     |1234|1234|1234|1234|1234|1234|1234|…  0
2191  norvel        x..x...x...x..x..x..x..x...x/6               |1234|1234|1234|1234|1234|1234|1234|…  1
2192  norvel        x...x...x..x..xx..x..x..xx..x..x...x/4       |1234|1234|1234|1234|1234|1234|1234|…  1
2193  norvel        x....xx.....x....x....x.....x....x.....…     |1234|1234|1234|1234|1234|1234|1234|…  0
2194  norvel        x....x...x...x...x...x...x...x....x...x…     |1234|1234|1234|1234|1234|1234|1234|…  0
2195  norvel        x..x..xx..x...x..x..xx..x..x/2               |1234|1234|1234|1234|1234|1234|1234|…  1
2196  norvel        xx....xx...xx...xx...x...xx...x...xx/3       |1234|1234|1234|1234|1234|1234|1234|…  1
2197  norvel        x...x..x...x..xx..x...x..x..x..x/5           |1234|1234|1234|1234|1234|1234|1234|…  0
2198  norvel        x...x...x....x...x...xx...x....xx....xx…     |1234|1234|1234|1234|1234|1234|1234|…  1
2199  norvel        x....x...x...x....x....x...xx...xx....x…     |1234|1234|1234|1234|1234|1234|1234|…  0
2200  norvel        x....x.....x....x....x....x....x....x..…     |1234|1234|1234|1234|1234|1234|1234|…  0
2201  norvel        x...xx..xx..x..x..x..x..x..xxx..x..x/5       |1234|1234|1234|1234|1234|1234|1234|…  0
2202  norvel        x....xxx...xx...x...x...x...x...xx....x…     |1234|1234|1234|1234|1234|1234|1234|…  0
2203  norvel        x..x..x..xx..x..xx..x..x...x/2               |1234|1234|1234|1234|1234|1234|1234|…  1
2204  norvel        x...x...x...x...x...x..x...x/5               |1234|1234|1234|1234|1234|1234|1234|…  0
2205  norvel        x....x....x.....xx....x.....x....x.....…     |1234|1234|1234|1234|1234|1234|1234|…  1
2206  norvel        x....x...x...x....x....x...x...x...x/2       |1234|1234|1234|1234|1234|1234|1234|…  1
2207  norvel        xx...xx...x...x...x....x...x...x/5           |1234|1234|1234|1234|1234|1234|1234|…  1
2208  norvel        x..x..x...x...x...x..x...x..x..x...x/4       |1234|1234|1234|1234|1234|1234|1234|…  1
2209  norvel        x...x...x....x....xx....xx...x....x....…     |1234|1234|1234|1234|1234|1234|1234|…  1
2210  norvel        x...xx....xx...xxx....x....x...xx....x.…     |1234|1234|1234|1234|1234|1234|1234|…  1
2211  norvel        xx...xx...xx...x....x...xxx...xx...x/2       |1234|1234|1234|1234|1234|1234|1234|…  1
2212  norvel        x..x...x..x...x..x...x...xx..xxx/6           |1234|1234|1234|1234|1234|1234|1234|…  0
2213  norvel        x.....x....x.....x....x.....x....x....x…     |1234|1234|1234|1234|1234|1234|1234|…  1
2214  norvel        x...x...x...x...x...x....x....x...x...x…     |1234|1234|1234|1234|1234|1234|1234|…  0
2215  norvel        x...xxx....x...x...x....x...xx...xx...x…     |1234|1234|1234|1234|1234|1234|1234|…  0
2216  norvel        x...x...x...x....x....xx...x...x...x/5       |1234|1234|1234|1234|1234|1234|1234|…  0
2217  norvel        xx...x....x...xx....xx...x...x....x...x…     |1234|1234|1234|1234|1234|1234|1234|…  0
2218  norvel        xx....xx....x....x....x....x...x...x...…     |1234|1234|1234|1234|1234|1234|1234|…  1
2219  norvel        x...x...x...x...x...xx....x...x...x....…     |1234|1234|1234|1234|1234|1234|1234|…  0
2220  norvel        x..x..x...x...x..x..x..x...x/2               |1234|1234|1234|1234|1234|1234|1234|…  1
2221  norvel        x..x..xx..xxx..x...x...x...x...xx..x/7       |1234|1234|1234|1234|1234|1234|1234|…  1
2222  norvel        x..x..xx..xx..x..x..x..x...x...x/4           |1234|1234|1234|1234|1234|1234|1234|…  0
2223  norvel        xx....x...x....x...x...x...xxx...x....x…     |1234|1234|1234|1234|1234|1234|1234|…  1
2224  norvel        x..x..x...x..x...x...x..x..x...x/6           |1234|1234|1234|1234|1234|1234|1234|…  1
2225  norvel        xx...xx...x..x..x..x...x..x..x..x..x/6       |1234|1234|1234|1234|1234|1234|1234|…  0
2226  norvel        x..x..x..x..x...x..xx..xx...x..x/5           |1234|1234|1234|1234|1234|1234|1234|…  1
2227  norvel        xx...x..x..x..x...x..x...x..x..x..xx/5       |1234|1234|1234|1234|1234|1234|1234|…  0
2228  norvel        xx...x..xx..x..x...x..x..x..xxx...xx..x…     |1234|1234|1234|1234|1234|1234|1234|…  0
2229  norvel        x..x..xx..x...xx..xx..x..x..x..x/5           |1234|1234|1234|1234|1234|1234|1234|…  0
2230  norvel        x....x....xx....xx.....x....x....xx....…     |1234|1234|1234|1234|1234|1234|1234|…  1
2231  norvel        x..x...x...x..x..x..x..x...x/6               |1234|1234|1234|1234|1234|1234|1234|…  1
2232  norvel        xx....x...x...x...xx...x...x...x/2           |1234|1234|1234|1234|1234|1234|1234|…  0
2233  norvel        x...x...x...x...x...xx...x...x....xx/2       |1234|1234|1234|1234|1234|1234|1234|…  1
2234  norvel        xx....x...x...x...x...x....x...x...x...…     |1234|1234|1234|1234|1234|1234|1234|…  0
2235  norvel        x..x...x...x...x..x...xx...x...x...xx..…     |1234|1234|1234|1234|1234|1234|1234|…  0
2236  norvel        xxx....x....x....x....x....xx.....xx...…     |1234|1234|1234|1234|1234|1234|1234|…  0
2237  norvel        x..x..xxx..x..xx..x...x..x..x..x/5           |1234|1234|1234|1234|1234|1234|1234|…  0
2238  norvel        x....x...x...xx...xx....x...xxx...x....…     |1234|1234|1234|1234|1234|1234|1234|…  0
2239  norvel        x....xx....x....x....x...x....x....x...…     |1234|1234|1234|1234|1234|1234|1234|…  0
2240  norvel        x...xx..x...x..x..x..x..x..x...x/7           |1234|1234|1234|1234|1234|1234|1234|…  1
2241  norvel        x..xxx...xx..xx..x..x..xx..x/5               |1234|1234|1234|1234|1234|1234|1234|…  1
2242  norvel        x...xx....xx...x...xx...xx....x...xx...…     |1234|1234|1234|1234|1234|1234|1234|…  0
2243  norvel        x....x.....x....x....x....x.....x....x.…     |1234|1234|1234|1234|1234|1234|1234|…  1
2244  norvel        x....x.....x....x.....x....x....xx....x…     |1234|1234|1234|1234|1234|1234|1234|…  0
2245  norvel        x..x..x...x..x..x...x...x..x/2               |1234|1234|1234|1234|1234|1234|1234|…  1
2246  norvel        x...x...x...x....x...xx...x...xx...x...…     |1234|1234|1234|1234|1234|1234|1234|…  0
2247  norvel        x...xx....xx....x...x....x...x....x....…     |1234|1234|1234|1234|1234|1234|1234|…  0
2248  norvel        x.....x....x....x....x....x.....x....x.…     |1234|1234|1234|1234|1234|1234|1234|…  0
2249  norvel        xx....x....x...xx....x...x...x....xx/5       |1234|1234|1234|1234|1234|1234|1234|…  1
2250  norvel        x...x....x...x....x....x...x...x...x/2       |1234|1234|1234|1234|1234|1234|1234|…  1
2251  norvel        xx....x....xx....x....x.....x....xx....…     |1234|1234|1234|1234|1234|1234|1234|…  1
2252  norvel        x...x....xxx...x....x...xx...x...x....x…     |1234|1234|1234|1234|1234|1234|1234|…  1
2253  norvel        x....x...x...x...x...x...x...x....xx...…     |1234|1234|1234|1234|1234|1234|1234|…  0
2254  norvel        x...x..x..x...x...x..x..x..x/2               |1234|1234|1234|1234|1234|1234|1234|…  1
2255  norvel        x...x...x...x....x...xx...x...x...xx/2       |1234|1234|1234|1234|1234|1234|1234|…  1
2256  norvel        xx..xx..x...x...xx..x..xx...x..xx..x/4       |1234|1234|1234|1234|1234|1234|1234|…  0
2257  norvel        x...x..x..x..x..x..x..xx...x/4               |1234|1234|1234|1234|1234|1234|1234|…  1
2258  norvel        x...xx...x...xx....x....xx...x...x....x…     |1234|1234|1234|1234|1234|1234|1234|…  1
2259  norvel        xx..xx...xx...x...x...x...x..xxx/4           |1234|1234|1234|1234|1234|1234|1234|…  0
2260  norvel        x..xxx..x..xx..x..xx...x..xx/2               |1234|1234|1234|1234|1234|1234|1234|…  0
2261  norvel        x...x..xx..xxx..x..x..x..xx..x...xx...x…     |1234|1234|1234|1234|1234|1234|1234|…  1
2262  norvel        x..x..xx..x..x..x...xx..x..x/4               |1234|1234|1234|1234|1234|1234|1234|…  1
2263  norvel        x..x...x..x..x..x...x..x..xx...x...x/7       |1234|1234|1234|1234|1234|1234|1234|…  1
2264  norvel        x...x..xx..xx...x...xx..x...x..x...x...…     |1234|1234|1234|1234|1234|1234|1234|…  1
2265  norvel        x..xx..x...x...x..x..x...x...x..x..x/8       |1234|1234|1234|1234|1234|1234|1234|…  1
2266  norvel        x....x...x....x...x....x...x...x...x...…     |1234|1234|1234|1234|1234|1234|1234|…  1
2267  norvel        x....x.....x....x....x....x....x.....x.…     |1234|1234|1234|1234|1234|1234|1234|…  0
2268  norvel        x....xx...x....x...x....x....xxx...x...…     |1234|1234|1234|1234|1234|1234|1234|…  1
2269  norvel        xx..x..x...x..x..x..x..x...xx..xx..x/5       |1234|1234|1234|1234|1234|1234|1234|…  0
2270  norvel        x..x..x..x...x..x..xx..x...x/4               |1234|1234|1234|1234|1234|1234|1234|…  1
2271  norvel        x..x..x...x..x...x...x..x..x..xx/4           |1234|1234|1234|1234|1234|1234|1234|…  0
2272  norvel        x....x...xx...x...x...x...x...x....x/5       |1234|1234|1234|1234|1234|1234|1234|…  0
2273  norvel        xxx...x..x...xx...x...x..x..x..x...x..x…     |1234|1234|1234|1234|1234|1234|1234|…  1
2274  norvel        x..x..xx..xx...xx...x...xxx...x...x..xx…     |1234|1234|1234|1234|1234|1234|1234|…  0
2275  norvel        x....x...x...x...x....xx....xx....x...x…     |1234|1234|1234|1234|1234|1234|1234|…  0
2276  norvel        x....x...xx...x...x...x....x...x/3           |1234|1234|1234|1234|1234|1234|1234|…  1
2277  norvel        x...x....x...x....x...xxx...xx...x...xx…     |1234|1234|1234|1234|1234|1234|1234|…  0
2278  norvel        x.....x....x.....x....x....x....x....x.…     |1234|1234|1234|1234|1234|1234|1234|…  1
2279  norvel        x...xxx...x...x...x..x..x...x...x..x...…     |1234|1234|1234|1234|1234|1234|1234|…  0
2280  norvel        x....x...x....x...x...x...x....x/5           |1234|1234|1234|1234|1234|1234|1234|…  1
2281  norvel        x..x..x...xx..xx..x..x..x..x/6               |1234|1234|1234|1234|1234|1234|1234|…  1
2282  norvel        xx....x...x...xx....xx...x...xx...xx...…     |1234|1234|1234|1234|1234|1234|1234|…  0
2283  norvel        xx...x...x....x...x....x...xx....x...xx…     |1234|1234|1234|1234|1234|1234|1234|…  0
2284  norvel        x....xx....x....xx...x...x...x....x...x…     |1234|1234|1234|1234|1234|1234|1234|…  0
2285  norvel        x...x...x....xx....x....xx...xx...x....…     |1234|1234|1234|1234|1234|1234|1234|…  0
2286  norvel        x...xx..x...x..x...xxx..xx..x..x/2           |1234|1234|1234|1234|1234|1234|1234|…  1
2287  norvel        xx...x...xx...xxx....x...xxx...x...x...…     |1234|1234|1234|1234|1234|1234|1234|…  1
2288  norvel        x....x...x...x....x...x...x...x....x/6       |1234|1234|1234|1234|1234|1234|1234|…  1
2289  norvel        x...x..x...x..x...x..x..x...x..x/6           |1234|1234|1234|1234|1234|1234|1234|…  1
2290  norvel        x...x....xx....x...x...x...x...x/3           |1234|1234|1234|1234|1234|1234|1234|…  1
2291  norvel        x...x..x...x...x..x..x..x...x..x...x/6       |1234|1234|1234|1234|1234|1234|1234|…  0
2292  norvel        x...x....x...x...x...xx...x...x...xx...…     |1234|1234|1234|1234|1234|1234|1234|…  0
2293  norvel        x....xx...xx...xx....x...x...xx...x....…     |1234|1234|1234|1234|1234|1234|1234|…  1
2294  norvel        x....xx...x...x...xx...x...x...x/2           |1234|1234|1234|1234|1234|1234|1234|…  0
2295  norvel        x...x...x...x...x....x....x...x...x...x…     |1234|1234|1234|1234|1234|1234|1234|…  0
2296  norvel        xxx....xx....xx....x....x.....x....x...…     |1234|1234|1234|1234|1234|1234|1234|…  1
2297  norvel        xx..x...x...x..x..x..x..x..xx..x/5           |1234|1234|1234|1234|1234|1234|1234|…  1
2298  norvel        x...xx...x...xx....x...x...x...x...x/2       |1234|1234|1234|1234|1234|1234|1234|…  1
2299  norvel        xx...xx..x..xx..xx...xx...xx..x...x...x…     |1234|1234|1234|1234|1234|1234|1234|…  1
2300  norvel        x..x...xx...x..x...x..xx..xx/5               |1234|1234|1234|1234|1234|1234|1234|…  1
2301  norvel        xx....x....x...x...xx....xx...x....x...…     |1234|1234|1234|1234|1234|1234|1234|…  0
2302  norvel        x...x...x...x...x....x...x...x....x...x…     |1234|1234|1234|1234|1234|1234|1234|…  0
2303  norvel        x..x..xx...xx..x..x...x..x..x...x..x/6       |1234|1234|1234|1234|1234|1234|1234|…  0
2304  norvel        x..x..xx..x..x..x...x..x...x/4               |1234|1234|1234|1234|1234|1234|1234|…  1
2305  norvel        x...x...x...xx...xx...x....xx....xxx/3       |1234|1234|1234|1234|1234|1234|1234|…  1
2306  norvel        x...x...x..xx...x...x..xx..xx..x/2           |1234|1234|1234|1234|1234|1234|1234|…  1
2307  norvel        xx...x...x...x...x...x...x...xx....x...…     |1234|1234|1234|1234|1234|1234|1234|…  0
2308  norvel        x..x..x...x..x...x..x..x...x/6               |1234|1234|1234|1234|1234|1234|1234|…  1
2309  norvel        xx..x..x...x...xx..x...x...x/5               |1234|1234|1234|1234|1234|1234|1234|…  1
2310  norvel        xx..xx..x..x..xx...x..xx...xx...x..xx..…     |1234|1234|1234|1234|1234|1234|1234|…  1
2311  norvel        xx...x...x...x...x....x...x....x...x/3       |1234|1234|1234|1234|1234|1234|1234|…  0
2312  norvel        x...x...xx...x...x....x...xx...x...x/5       |1234|1234|1234|1234|1234|1234|1234|…  0
2313  norvel        x...x..xxx..x...x...x..xx..xx...x..x/6       |1234|1234|1234|1234|1234|1234|1234|…  1
2314  norvel        x.....x....x....x....x....xx....xxx....…     |1234|1234|1234|1234|1234|1234|1234|…  0
2315  norvel        xx..x...xx..xx..xx..x..xx..x...x..x...x…     |1234|1234|1234|1234|1234|1234|1234|…  0
2316  norvel        xx...x....x....x....x...x...xx...xx...x…     |1234|1234|1234|1234|1234|1234|1234|…  0
2317  norvel        x...xx..x..x..x..xx..x..x..x...x/5           |1234|1234|1234|1234|1234|1234|1234|…  1
2318  norvel        x...xx...x...x..x..xx..xx..x/5               |1234|1234|1234|1234|1234|1234|1234|…  1
2319  norvel        x...x....x...xx...x...x...xx...x/3           |1234|1234|1234|1234|1234|1234|1234|…  1
2320  norvel        x..x..x..xx...xxx..xx..xx..x..xx/4           |1234|1234|1234|1234|1234|1234|1234|…  1
2321  norvel        x...x....x...x...xx....x....xx....x....…     |1234|1234|1234|1234|1234|1234|1234|…  0
2322  norvel        xx..xx..x..xx..x..x..xx...xx..x...xx/4       |1234|1234|1234|1234|1234|1234|1234|…  0
2323  norvel        xx....x...x...x...x....xx...x...x...xxx…     |1234|1234|1234|1234|1234|1234|1234|…  0
2324  norvel        x..x..x..x..xxx..x..x..xx...xxx..xx...x…     |1234|1234|1234|1234|1234|1234|1234|…  0
2325  norvel        x..x...xx..xx..x...x..x..x...x..x..x/4       |1234|1234|1234|1234|1234|1234|1234|…  1
2326  norvel        xx..x..xxx..xx..x..xx...x..x..xx...x/4       |1234|1234|1234|1234|1234|1234|1234|…  0
2327  norvel        x.....xx....xx....x.....x....xxx....x..…     |1234|1234|1234|1234|1234|1234|1234|…  1
2328  norvel        x...xx....x...xxx...x...x....x...x...x.…     |1234|1234|1234|1234|1234|1234|1234|…  1
2329  norvel        xx...x....xxx....x...xx....xx...x...x..…     |1234|1234|1234|1234|1234|1234|1234|…  1
2330  norvel        xx...x...xx...x...x...x...xx....xxx...x…     |1234|1234|1234|1234|1234|1234|1234|…  1
2331  norvel        x....x....x....x....x.....x.....xx....x…     |1234|1234|1234|1234|1234|1234|1234|…  1
2332  norvel        x..x...x...x...x..xxx...xx..xx..x...x..…     |1234|1234|1234|1234|1234|1234|1234|…  0
2333  norvel        x..x...x...x..x..xx..xx..xxx...x/6           |1234|1234|1234|1234|1234|1234|1234|…  1
2334  norvel        x..xx..x...x..x..xx..x..x..x..xx/6           |1234|1234|1234|1234|1234|1234|1234|…  0
2335  norvel        x....x....x....x....x....x....x.....x..…     |1234|1234|1234|1234|1234|1234|1234|…  1
2336  norvel        x....x...x...x...x...x...xx...x....x/3       |1234|1234|1234|1234|1234|1234|1234|…  0
2337  norvel        xx....xx....x....x...xx....x....x....xx…     |1234|1234|1234|1234|1234|1234|1234|…  1
2338  norvel        x....xx....x....xx.....xx.....x.....x..…     |1234|1234|1234|1234|1234|1234|1234|…  1
2339  norvel        x....x....xx....x....x....x....x.....xx…     |1234|1234|1234|1234|1234|1234|1234|…  1
2340  norvel        xx...x...x...x...xx..x...x..x..x..xx...…     |1234|1234|1234|1234|1234|1234|1234|…  0
2341  norvel        x...x...x...x....x...x...x....xx...x/5       |1234|1234|1234|1234|1234|1234|1234|…  0
2342  norvel        x...x....x...xx...x....x...x...x...x/5       |1234|1234|1234|1234|1234|1234|1234|…  0
2343  norvel        xxx....x....xx....x....x.....xx....xxx.…     |1234|1234|1234|1234|1234|1234|1234|…  0
2344  norvel        xx...x...x...x...x...x...x...x...xx....…     |1234|1234|1234|1234|1234|1234|1234|…  0
2345  norvel        x...x...x...x...x....x....x....x...x/2       |1234|1234|1234|1234|1234|1234|1234|…  1
2346  norvel        x....x....x....xx....x....xxx....xxx...…     |1234|1234|1234|1234|1234|1234|1234|…  0
2347  norvel        x....x....x....x.....x....xx.....x....x…     |1234|1234|1234|1234|1234|1234|1234|…  0
2348  norvel        x.....xx....x.....x....x....x....x....x…     |1234|1234|1234|1234|1234|1234|1234|…  0
2349  norvel        x..x...xxx..x...xx..x..x..xx/4               |1234|1234|1234|1234|1234|1234|1234|…  0
2350  norvel        x...x...x...xxx...xx...xx...xxx....x...…     |1234|1234|1234|1234|1234|1234|1234|…  0
2351  norvel        x..x..x..x..x...xx..x...x..x...x..xx/8       |1234|1234|1234|1234|1234|1234|1234|…  1
2352  norvel        xx...x....x...x...x...x....x...x/3           |1234|1234|1234|1234|1234|1234|1234|…  1
2353  norvel        x..x..x..x..x..x..xxx..x...x/4               |1234|1234|1234|1234|1234|1234|1234|…  1
2354  norvel        xx...x..xx..x..xxx..xx..x..x/4               |1234|1234|1234|1234|1234|1234|1234|…  0
2355  norvel        x.....x.....x....x.....x.....x....x....…     |1234|1234|1234|1234|1234|1234|1234|…  0
2356  norvel        xxx....x...x...xxx...xx...x....xxx....x…     |1234|1234|1234|1234|1234|1234|1234|…  0
2357  norvel        x....x...xx....xx...x....x...x....x...x…     |1234|1234|1234|1234|1234|1234|1234|…  0
2358  norvel        x...x...x...x..xx..xxx..x...x..x/2           |1234|1234|1234|1234|1234|1234|1234|…  1
2359  norvel        x..xxx..x..x..x..x..x..x..x...xx/4           |1234|1234|1234|1234|1234|1234|1234|…  1
2360  norvel        x...x...x...xx...x...x....x...x...x...x…     |1234|1234|1234|1234|1234|1234|1234|…  0
2361  norvel        xx...x...x...x...xx...x...x...x....x...…     |1234|1234|1234|1234|1234|1234|1234|…  0
2362  norvel        xx...xx...x...x..x...x..xx...xx...xx..x…     |1234|1234|1234|1234|1234|1234|1234|…  1
2363  norvel        xx...x..x..xx..x...x..x..x..xx..x..x/6       |1234|1234|1234|1234|1234|1234|1234|…  0
2364  norvel        x....x...x...x...x....x....x....x....x.…     |1234|1234|1234|1234|1234|1234|1234|…  1
2365  norvel        x...xx..x...x..x...x..xx..x..x..x..x/8       |1234|1234|1234|1234|1234|1234|1234|…  1
2366  norvel        x...x...x...x...x...x...xx...x....x....…     |1234|1234|1234|1234|1234|1234|1234|…  0
2367  norvel        x..x..x...x..x...x...x..x...x...x..x/6       |1234|1234|1234|1234|1234|1234|1234|…  0
2368  norvel        xxx....x....x...x...x...x...xx...x....x…     |1234|1234|1234|1234|1234|1234|1234|…  1
2369  norvel        x...xx...xx..xx..x..x..x..x...xx/2           |1234|1234|1234|1234|1234|1234|1234|…  1
2370  norvel        xx....x...x....xx...x...x....xx...x....…     |1234|1234|1234|1234|1234|1234|1234|…  1
2371  norvel        x...x..x..x..x...x..x...x..x...x/6           |1234|1234|1234|1234|1234|1234|1234|…  1
2372  norvel        x....x....x...x....x....x...x...x....x.…     |1234|1234|1234|1234|1234|1234|1234|…  0
2373  norvel        xxx..x...xx..x..x...x..x...x..x...xx...…     |1234|1234|1234|1234|1234|1234|1234|…  1
2374  norvel        x..x...x..x..xx..x..x...x..x/4               |1234|1234|1234|1234|1234|1234|1234|…  1
2375  norvel        x....x....x.....x.....x....x....x....x.…     |1234|1234|1234|1234|1234|1234|1234|…  1
2376  norvel        xx..xx..xx...x...x..x..x..x...xx/2           |1234|1234|1234|1234|1234|1234|1234|…  1
2377  norvel        x...x...x...x...x..xx...x..x..xx..xx..x…     |1234|1234|1234|1234|1234|1234|1234|…  1
2378  norvel        xx...xxx...x...xx...x....xx...x...xx/5       |1234|1234|1234|1234|1234|1234|1234|…  1
2379  norvel        x....x....x....x.....x....x....x.....x.…     |1234|1234|1234|1234|1234|1234|1234|…  1
2380  norvel        xx....x...x...x...xx...x...xx....x....x…     |1234|1234|1234|1234|1234|1234|1234|…  1
2381  norvel        x...x...xx....x....x....xx...x...x....x…     |1234|1234|1234|1234|1234|1234|1234|…  1
2382  norvel        xx...x..xx..x..x...xx..xx..x..xxx..xx..…     |1234|1234|1234|1234|1234|1234|1234|…  0
2383  norvel        xx...x...xx...x....x....xx...x....x....…     |1234|1234|1234|1234|1234|1234|1234|…  0
2384  norvel        x..x...xx...x...xx..xx..x..x/2               |1234|1234|1234|1234|1234|1234|1234|…  0
2385  norvel        xx..xx..xx..xx..x...xx..x..x...x...xx..…     |1234|1234|1234|1234|1234|1234|1234|…  1
2386  norvel        x...x...x..x...x..x...xx...x/4               |1234|1234|1234|1234|1234|1234|1234|…  0
2387  norvel        x....xx....xx....x....x...x...xx...xxx.…     |1234|1234|1234|1234|1234|1234|1234|…  1
2388  norvel        xx..x..x...x..x..x..xx..x..x...x/5           |1234|1234|1234|1234|1234|1234|1234|…  1
2389  norvel        xx...x..x..x...x...x..x..x..x..x/4           |1234|1234|1234|1234|1234|1234|1234|…  0
2390  norvel        x..x..xx..xx..x..x...x..x..x...x...x/5       |1234|1234|1234|1234|1234|1234|1234|…  0
2391  norvel        x..x...x...x...x..x..x..x..x/4               |1234|1234|1234|1234|1234|1234|1234|…  0
2392  norvel        x..x...x..x..x...x..xx...x..x...x..x/8       |1234|1234|1234|1234|1234|1234|1234|…  1
2393  norvel        x...x..x..x..xx...x..x...x..xx..x..x/6       |1234|1234|1234|1234|1234|1234|1234|…  0
2394  norvel        x..xxx...x..xx..x...xx..xx..x..x/5           |1234|1234|1234|1234|1234|1234|1234|…  0
2395  norvel        x....x....x...x...x...x...x...x...x...x…     |1234|1234|1234|1234|1234|1234|1234|…  1
2396  norvel        x...x...x..x...x..x..x..x..x/4               |1234|1234|1234|1234|1234|1234|1234|…  0
2397  norvel        x...x...x....x....x...x....x....x....xx…     |1234|1234|1234|1234|1234|1234|1234|…  0
2398  norvel        x....x.....x....xx....xx....x....x....x…     |1234|1234|1234|1234|1234|1234|1234|…  1
2399  norvel        x...x...x...x...x....x...x....xx...x...…     |1234|1234|1234|1234|1234|1234|1234|…  0
2400  norvel        x...xxx..xxx...x..x..x...x...x..x..x...…     |1234|1234|1234|1234|1234|1234|1234|…  1
2401  norvel        x..x...x..x..x..x...x...x...xx..x..x/8       |1234|1234|1234|1234|1234|1234|1234|…  1
2402  norvel        x...x..x..x..x..x..x..x..x..x..x/6           |1234|1234|1234|1234|1234|1234|1234|…  0
2403  norvel        xx.....xx....x....x.....x....x....x....…     |1234|1234|1234|1234|1234|1234|1234|…  1
2404  norvel        x...x...x...x...x....x....x....x/5           |1234|1234|1234|1234|1234|1234|1234|…  1
2405  norvel        x.....x....x....x.....xx....xxx....x...…     |1234|1234|1234|1234|1234|1234|1234|…  1
2406  norvel        x...x..x..x..xx...x...x..x..x...x..x/5       |1234|1234|1234|1234|1234|1234|1234|…  0
2407  norvel        x....x...x...x...x....x...x....x...x...…     |1234|1234|1234|1234|1234|1234|1234|…  0
2408  norvel        xx...x..x..x..x...xx..xx...x/2               |1234|1234|1234|1234|1234|1234|1234|…  0
2409  norvel        x....x....x....x....x....x....x....x...…     |1234|1234|1234|1234|1234|1234|1234|…  0
2410  norvel        x....x....xxx....x....xx.....x....x....…     |1234|1234|1234|1234|1234|1234|1234|…  1
2411  norvel        x...x..x..x...xxx..xx..x..x..xx..xxx/6       |1234|1234|1234|1234|1234|1234|1234|…  1
2412  norvel        xxx...xx....x...x...x....x....x....x...…     |1234|1234|1234|1234|1234|1234|1234|…  1
2413  norvel        x...x....x...x...x...x....xx...x...x...…     |1234|1234|1234|1234|1234|1234|1234|…  0
2414  norvel        x...x...x...x...x....x....x...x...x....…     |1234|1234|1234|1234|1234|1234|1234|…  1
2415  norvel        x....x...xx....x...x...x...xxx....xxx..…     |1234|1234|1234|1234|1234|1234|1234|…  0
2416  norvel        x...xx....x...x...x...x...x...x....x...…     |1234|1234|1234|1234|1234|1234|1234|…  0
2417  norvel        x...x...xx...x..x..x...x...x..xx/6           |1234|1234|1234|1234|1234|1234|1234|…  1
2418  norvel        x..xx..x..x..x..x..x...x...x/5               |1234|1234|1234|1234|1234|1234|1234|…  0
2419  norvel        x..x...x...x..x..x..x..x...xx..x/5           |1234|1234|1234|1234|1234|1234|1234|…  0
2420  norvel        x..x..x..xx..xx...x..x..x...x..x...x/4       |1234|1234|1234|1234|1234|1234|1234|…  1
2421  norvel        x...xx....x...x....xx....xx...x...x....…     |1234|1234|1234|1234|1234|1234|1234|…  0
2422  norvel        xxx..x..x..x..x..xx..xxx...xx...xx..x..…     |1234|1234|1234|1234|1234|1234|1234|…  0
2423  norvel        x..xx...x..x...x..x...xx...xx..x/5           |1234|1234|1234|1234|1234|1234|1234|…  0
2424  norvel        x....x....x....xx....xx....x.....x....x…     |1234|1234|1234|1234|1234|1234|1234|…  0
2425  norvel        xx..x...x..x...x..x..x..x..x..x...xx/5       |1234|1234|1234|1234|1234|1234|1234|…  0
2426  norvel        x...x...xx...x...x....x...x...x....x/5       |1234|1234|1234|1234|1234|1234|1234|…  0
2427  norvel        x..x...x...x..x...x..x..x...x..x...x/6       |1234|1234|1234|1234|1234|1234|1234|…  0
2428  norvel        x....x....x...x...x...x...x...x....x...…     |1234|1234|1234|1234|1234|1234|1234|…  1
2429  norvel        x...xx....x...x....xx...xxx...xxx....xx…     |1234|1234|1234|1234|1234|1234|1234|…  0
2430  norvel        x...x...x...xx...xx...x...x....x/5           |1234|1234|1234|1234|1234|1234|1234|…  1
2431  norvel        xxx..xx..xx...x...xx...x...x...x...x/4       |1234|1234|1234|1234|1234|1234|1234|…  0
2432  norvel        xx..x..x..x..x...x..x..xx..xxx..x..x/6       |1234|1234|1234|1234|1234|1234|1234|…  0
2433  norvel        x...xx...xx....x...x...xx....x....x....…     |1234|1234|1234|1234|1234|1234|1234|…  0
2434  norvel        x..x..x..xx..x..x..x...x..xx...x/4           |1234|1234|1234|1234|1234|1234|1234|…  0
2435  norvel        x..xx..xxx...x..xx..x..xxx..xx..x..x...…     |1234|1234|1234|1234|1234|1234|1234|…  1
2436  norvel        x...x...x...x..x..x..x...x..x...x..x/8       |1234|1234|1234|1234|1234|1234|1234|…  1
2437  norvel        x.....x....x.....x....x....x....x....x.…     |1234|1234|1234|1234|1234|1234|1234|…  0
2438  norvel        xx..xx..xxx..x..x...x..xx..x..xx/5           |1234|1234|1234|1234|1234|1234|1234|…  0
2439  norvel        x...x...xx..x..x..x..x..x..x...x/7           |1234|1234|1234|1234|1234|1234|1234|…  1
2440  norvel        x.....x.....x.....x....x.....x.....x...…     |1234|1234|1234|1234|1234|1234|1234|…  1
2441  norvel        xx..xx..xx..x..xx..x..x...xx..xx/2           |1234|1234|1234|1234|1234|1234|1234|…  1
2442  norvel        x...x...x....x....x...x....x...x/2           |1234|1234|1234|1234|1234|1234|1234|…  0
2443  norvel        x...x...x...x....x....xx...x...x....xx.…     |1234|1234|1234|1234|1234|1234|1234|…  1
2444  norvel        xx.....xx....x....x....x....x....x....x…     |1234|1234|1234|1234|1234|1234|1234|…  1
2445  norvel        x....xxx....x....x....x....xx.....x....…     |1234|1234|1234|1234|1234|1234|1234|…  1
2446  norvel        x...xx..xxx..x..x...x...xx..x..x...x...…     |1234|1234|1234|1234|1234|1234|1234|…  1
2447  norvel        x..x..x..xx...xx...x..x..x..x..x/6           |1234|1234|1234|1234|1234|1234|1234|…  1
2448  norvel        x...xx...xxx....xxx....xx....x...x...x.…     |1234|1234|1234|1234|1234|1234|1234|…  0
2449  norvel        xx..x..xx..x..x..x..x...x..x...x/4           |1234|1234|1234|1234|1234|1234|1234|…  0
2450  norvel        xxx...x..x..x..xx...x..xx..x..xx/4           |1234|1234|1234|1234|1234|1234|1234|…  1
2451  norvel        xxx..x..x...x...x...x...x...x..xx..x/6       |1234|1234|1234|1234|1234|1234|1234|…  0
2452  norvel        x...x..x..x..x..x..x..x..x..x..x/5           |1234|1234|1234|1234|1234|1234|1234|…  0
2453  norvel        xxx..x..x...x..x...x..x...x..x..x..x/4       |1234|1234|1234|1234|1234|1234|1234|…  1
2454  norvel        x....xx...x...xx....xx...xx...x....x/2       |1234|1234|1234|1234|1234|1234|1234|…  0
2455  norvel        x..xx..x...x..x...x..x..x..x..xx/5           |1234|1234|1234|1234|1234|1234|1234|…  1
2456  norvel        x.....x....xxx....xx....x.....x....x...…     |1234|1234|1234|1234|1234|1234|1234|…  1
2457  norvel        x...x...x..x..x...xx..x...xxx..x/2           |1234|1234|1234|1234|1234|1234|1234|…  1
2458  norvel        x...x...x...x...x...x...xx....x...x...x…     |1234|1234|1234|1234|1234|1234|1234|…  0
2459  norvel        xx....x....xx...x...x...xx...x...x....x…     |1234|1234|1234|1234|1234|1234|1234|…  1
2460  norvel        x..xx..x..xx..x...x..x..x...x...x..x/8       |1234|1234|1234|1234|1234|1234|1234|…  1
2461  norvel        x...x...xx...xx...x...x...x...x....x/5       |1234|1234|1234|1234|1234|1234|1234|…  0
2462  norvel        x....xx...x...xx...x...x....x....xx....…     |1234|1234|1234|1234|1234|1234|1234|…  0
2463  norvel        x...x..x..x..x..x..x..x..x..x..x/7           |1234|1234|1234|1234|1234|1234|1234|…  0
2464  norvel        x..xx..xx...x..xxx...x..x..x..xx...x/7       |1234|1234|1234|1234|1234|1234|1234|…  1
2465  norvel        x..xx..xx..x...x..x..x..xx..x..x/4           |1234|1234|1234|1234|1234|1234|1234|…  1
2466  norvel        x..x..xx..x...xx...xxx..x..x...xxx..x..…     |1234|1234|1234|1234|1234|1234|1234|…  0
2467  norvel        xx..x...xx..xx...x..x..x...x...x..xxx..…     |1234|1234|1234|1234|1234|1234|1234|…  1
2468  norvel        x...x..x..x..x..x...xx..x..x...xx..x/6       |1234|1234|1234|1234|1234|1234|1234|…  0
2469  norvel        x....x...x...x...x...xxx....x...x....xx…     |1234|1234|1234|1234|1234|1234|1234|…  0
2470  norvel        x...x...x...x....x...x....x...x....x...…     |1234|1234|1234|1234|1234|1234|1234|…  1
2471  norvel        x..xx..x..xx...x...x..xx..x..xx...xx/4       |1234|1234|1234|1234|1234|1234|1234|…  0
2472  norvel        x...x...x...x...xx...x...xx....x....xx.…     |1234|1234|1234|1234|1234|1234|1234|…  0
2473  norvel        x...xx...x....x...xx...x....x...xx....x…     |1234|1234|1234|1234|1234|1234|1234|…  0
2474  norvel        x...x...xx...x...x...x...xx....x...x/6       |1234|1234|1234|1234|1234|1234|1234|…  1
2475  norvel        xxx..xx...x..x...x..x..x...x/5               |1234|1234|1234|1234|1234|1234|1234|…  1
2476  norvel        x..xx..x..xx...x..x...x...x..x..x..x/4       |1234|1234|1234|1234|1234|1234|1234|…  1
2477  norvel        xxx..x..x..x..xxx..x..x..xx...xx/5           |1234|1234|1234|1234|1234|1234|1234|…  0
2478  norvel        x..xx..xx..x..x..x..xx...x..x..x/5           |1234|1234|1234|1234|1234|1234|1234|…  0
2479  norvel        x...x...x..x..x..xxx...xx...x...x..x..x…     |1234|1234|1234|1234|1234|1234|1234|…  1
2480  norvel        x....x....xxx....x....x....x....x.....x…     |1234|1234|1234|1234|1234|1234|1234|…  0
2481  norvel        x....x...xx....x....x...xx...x....x...x…     |1234|1234|1234|1234|1234|1234|1234|…  0
2482  norvel        xx..x...x...x..xxx..xx..xx..xx...x..x..…     |1234|1234|1234|1234|1234|1234|1234|…  1
2483  norvel        xx...x..x..xx..x..x...x..x..x..x/6           |1234|1234|1234|1234|1234|1234|1234|…  1
2484  norvel        x..x..xx..x..x...x..x..x...xxx..x..x/6       |1234|1234|1234|1234|1234|1234|1234|…  0
2485  norvel        xxx...x..x...x..x...x..x..xx..x...x...x…     |1234|1234|1234|1234|1234|1234|1234|…  0
2486  norvel        x..x..xx...x..x..x...x..xx..x..x/6           |1234|1234|1234|1234|1234|1234|1234|…  1
2487  norvel        x...x..x..xx..x..x...x..x..x...x/4           |1234|1234|1234|1234|1234|1234|1234|…  0
2488  norvel        xx.....x....xx....xxx....xx....x.....x.…     |1234|1234|1234|1234|1234|1234|1234|…  0
2489  norvel        x..x..x...x..x..x...x..xx..x/4               |1234|1234|1234|1234|1234|1234|1234|…  1
2490  norvel        x....x...xx....x...xx...x....x....xx...…     |1234|1234|1234|1234|1234|1234|1234|…  0
2491  norvel        x....x....x...x...x....x...x...x/2           |1234|1234|1234|1234|1234|1234|1234|…  0
2492  norvel        x...xx...x...xx...xx...xx....xx....x...…     |1234|1234|1234|1234|1234|1234|1234|…  0
2493  norvel        x....x....x.....x....x....x....x.....x.…     |1234|1234|1234|1234|1234|1234|1234|…  0
2494  norvel        x....x.....x....x....x....x....x.....x.…     |1234|1234|1234|1234|1234|1234|1234|…  0
2495  norvel        x..xx...xxx..x..x..x..x...xx...x..x..xx…     |1234|1234|1234|1234|1234|1234|1234|…  1
2496  norvel        x...x...x...x....xx...xx...xx....x....x…     |1234|1234|1234|1234|1234|1234|1234|…  1
2497  norvel        x...x...xx..x..x...x..xxx..x..xx...xx..…     |1234|1234|1234|1234|1234|1234|1234|…  0
2498  norvel        x..x...x..x..x..x..x..x..x..x..x/4           |1234|1234|1234|1234|1234|1234|1234|…  0
2499  norvel        xx..xx..x..x...xxx..x...x..x...xx..xx..…     |1234|1234|1234|1234|1234|1234|1234|…  1
2500  norvel        x...x...x...xx...x...x...x....x...x...x…     |1234|1234|1234|1234|1234|1234|1234|…  0
2501  norvel        x...x...x....x...x...x....x...xx/3           |1234|1234|1234|1234|1234|1234|1234|…  1
2502  norvel        x....x....xx....x....x.....x....x....xx…     |1234|1234|1234|1234|1234|1234|1234|…  1
2503  norvel        x...x..x..x..x..x...x...x..x/4               |1234|1234|1234|1234|1234|1234|1234|…  0
2504  norvel        x....xx....x....x....x....xx.....x....x…     |1234|1234|1234|1234|1234|1234|1234|…  1
2505  norvel        x..x..x..x...x..x..x..x..x..x..x/4           |1234|1234|1234|1234|1234|1234|1234|…  0
2506  norvel        x...xx..x..x..xx..x...x..x..x..x/4           |1234|1234|1234|1234|1234|1234|1234|…  0
2507  norvel        x..x...x...x..x..x...x...x..x..x...x/4       |1234|1234|1234|1234|1234|1234|1234|…  1
2508  norvel        x..xx..xx..x..x...x..xx..x...x..x..x/7       |1234|1234|1234|1234|1234|1234|1234|…  0
2509  norvel        x...xx..x..x..x..x...xx..xx..x..x..x/4       |1234|1234|1234|1234|1234|1234|1234|…  1
2510  norvel        x.....x....x....x....x....x.....x....x.…     |1234|1234|1234|1234|1234|1234|1234|…  0
2511  norvel        x..x...x..xx..xx...x...xx...x..x/2           |1234|1234|1234|1234|1234|1234|1234|…  1
2512  norvel        x...x...xx...xx...x...x...x....x...x/5       |1234|1234|1234|1234|1234|1234|1234|…  0
2513  norvel        xx....xxx...x....x...xxx....xx...x....x…     |1234|1234|1234|1234|1234|1234|1234|…  1
2514  norvel        xx..xxx...xxx..x...x..xxx..x...x/2           |1234|1234|1234|1234|1234|1234|1234|…  1
2515  norvel        x....x....x.....x....x.....x....xx....x…     |1234|1234|1234|1234|1234|1234|1234|…  0
2516  norvel        x...x...xx...x....x...xx...x...x/2           |1234|1234|1234|1234|1234|1234|1234|…  1
2517  norvel        x..xx..xx...x..x..xx..x..x...x..x..x/4       |1234|1234|1234|1234|1234|1234|1234|…  1
2518  norvel        x...x...x...x....x...x...xx...x....x/3       |1234|1234|1234|1234|1234|1234|1234|…  0
2519  norvel        x..x..x..xx..x...x...xx...xx..xx...xx..…     |1234|1234|1234|1234|1234|1234|1234|…  0
2520  norvel        x.....x....x....x.....x....x....x....x.…     |1234|1234|1234|1234|1234|1234|1234|…  0
2521  norvel        x...x..xx...x..x...x...xx..x...x/2           |1234|1234|1234|1234|1234|1234|1234|…  1
2522  norvel        xx..xx..xx..x..x..x..x..x..x...xx..x/7       |1234|1234|1234|1234|1234|1234|1234|…  0
2523  norvel        x....x....x....x.....x....x....x....x..…     |1234|1234|1234|1234|1234|1234|1234|…  0
2524  norvel        xx....x...x...xxx....x...x....x...x...x…     |1234|1234|1234|1234|1234|1234|1234|…  0
2525  norvel        x..x..x..x..x..x..x..x...x..x..x/4           |1234|1234|1234|1234|1234|1234|1234|…  0
2526  norvel        xx..x..xxx..x...x..x..x..x..x..x/5           |1234|1234|1234|1234|1234|1234|1234|…  0
2527  norvel        x...x...xx...x....x...xx...x...x/2           |1234|1234|1234|1234|1234|1234|1234|…  1
2528  norvel        xx..x...xx..x..xx..x..x..x..x..x/7           |1234|1234|1234|1234|1234|1234|1234|…  0
2529  norvel        x.....x....x.....x....x....x....x....x.…     |1234|1234|1234|1234|1234|1234|1234|…  1
2530  norvel        x..x...x...x...xx...x..x...x...xx...x..…     |1234|1234|1234|1234|1234|1234|1234|…  0
2531  norvel        x..x..x..xx..xxx..x...xxx..x/5               |1234|1234|1234|1234|1234|1234|1234|…  1
2532  norvel        x..x..x..x..x..x...x...x...x/2               |1234|1234|1234|1234|1234|1234|1234|…  1
2533  norvel        xx...x..x..xx..x..x..xx..xx...xxx..x/4       |1234|1234|1234|1234|1234|1234|1234|…  0
2534  norvel        x...xx....x...x...x...x....x....xxx....…     |1234|1234|1234|1234|1234|1234|1234|…  0
2535  norvel        x...x...x...x....x...xx...x...x...xx/2       |1234|1234|1234|1234|1234|1234|1234|…  1
2536  norvel        x...x....x....x...x...x....xx....x...xx…     |1234|1234|1234|1234|1234|1234|1234|…  0
2537  norvel        xx....xx...x....x...xx....x...xx...x/5       |1234|1234|1234|1234|1234|1234|1234|…  1
2538  norvel        x..xx..xx...x..xx..x...xx..x...x..xx/5       |1234|1234|1234|1234|1234|1234|1234|…  0
2539  norvel        x.....xx....x.....x....xx....x....xxx..…     |1234|1234|1234|1234|1234|1234|1234|…  1
2540  norvel        x.....x.....x....x....x....x.....x.....…     |1234|1234|1234|1234|1234|1234|1234|…  0
2541  norvel        x..x...x..x...xx..x..x...x..x..x...x/5       |1234|1234|1234|1234|1234|1234|1234|…  0
2542  norvel        x...xx...x..xx...x..x..x...x...x/2           |1234|1234|1234|1234|1234|1234|1234|…  1
2543  norvel        x....x....xx....x....x....x.....xx....x…     |1234|1234|1234|1234|1234|1234|1234|…  1
2544  norvel        xx....x....x....x....x....x.....x.....x…     |1234|1234|1234|1234|1234|1234|1234|…  0
2545  norvel        x..x..x...x...xx...x...x..xx/5               |1234|1234|1234|1234|1234|1234|1234|…  1
2546  norvel        x...xx...xx....x...x....xx...x....x....…     |1234|1234|1234|1234|1234|1234|1234|…  0
2547  norvel        x....x....xx....xx.....x....xx....x....…     |1234|1234|1234|1234|1234|1234|1234|…  1
2548  norvel        x...xx....xx...x...x...x...x...x...x...…     |1234|1234|1234|1234|1234|1234|1234|…  0
2549  norvel        x...x...x...xxx...x...x...x....xxx...x.…     |1234|1234|1234|1234|1234|1234|1234|…  0
2550  norvel        x...x..x...x...x..x..x..xx...x..x..x/8       |1234|1234|1234|1234|1234|1234|1234|…  1
2551  norvel        x..x..xxx..x..xx..x..x...x..xx..x..x/5       |1234|1234|1234|1234|1234|1234|1234|…  0
2552  norvel        x....xx...xx...x...xx...x...x....xx...x…     |1234|1234|1234|1234|1234|1234|1234|…  0
2553  norvel        x..xx..x...xx...x...xx..x..x...x/5           |1234|1234|1234|1234|1234|1234|1234|…  0
2554  norvel        x...x...x...x...x....x...x...xx...x...x…     |1234|1234|1234|1234|1234|1234|1234|…  1
2555  norvel        x...x....x...x...x...x...x...x...xx...x…     |1234|1234|1234|1234|1234|1234|1234|…  0
2556  norvel        x....x...x...x...x....x....x...x...x...…     |1234|1234|1234|1234|1234|1234|1234|…  1
2557  norvel        x..x..xx..x...x...x...xxx...x..x/2           |1234|1234|1234|1234|1234|1234|1234|…  1
2558  norvel        x...x....xx....xx....x...x...x....x...x…     |1234|1234|1234|1234|1234|1234|1234|…  1
2559  norvel        xxx....x....x....x.....x....x....xx....…     |1234|1234|1234|1234|1234|1234|1234|…  1
2560  norvel        x..x..x...xxx..x..xxx..x...x..xxx..x/6       |1234|1234|1234|1234|1234|1234|1234|…  1
2561  norvel        x....x...x...x...xx...xx...x...x/2           |1234|1234|1234|1234|1234|1234|1234|…  0
2562  norvel        x....x...x....xxx...x...x....x...xx...x…     |1234|1234|1234|1234|1234|1234|1234|…  1
2563  norvel        x..xx..x..x..x..x...x..x..x...x...xx/4       |1234|1234|1234|1234|1234|1234|1234|…  1
2564  norvel        x....x.....x.....x....x....x....x....x.…     |1234|1234|1234|1234|1234|1234|1234|…  0
2565  norvel        x...xxx....x...x....xx...x...x....x....…     |1234|1234|1234|1234|1234|1234|1234|…  0
2566  norvel        x...xxx....x....xx....xx...xx...x...xx.…     |1234|1234|1234|1234|1234|1234|1234|…  0
2567  norvel        xx..x..x..x..xx..xx...xx..xx/4               |1234|1234|1234|1234|1234|1234|1234|…  0
2568  norvel        x....x....xxx....xx.....xx....x....xx..…     |1234|1234|1234|1234|1234|1234|1234|…  1
2569  norvel        x...x..xx..xx..x...x..x..x..x..x/6           |1234|1234|1234|1234|1234|1234|1234|…  1
2570  norvel        x...xx...x...x...x...x...x...xx...x...x…     |1234|1234|1234|1234|1234|1234|1234|…  1
2571  norvel        x...xx...xx...x....x....x...x....x...x.…     |1234|1234|1234|1234|1234|1234|1234|…  1
2572  norvel        x..x..xxx...x..xx..x..xx..xx/5               |1234|1234|1234|1234|1234|1234|1234|…  1
2573  norvel        x..x..xx...xx..x..x...x..x...x..x..x/4       |1234|1234|1234|1234|1234|1234|1234|…  1
2574  norvel        x..xx...xx..x..x...x..x..x..x..xx..x/7       |1234|1234|1234|1234|1234|1234|1234|…  0
2575  norvel        xx...x....xx...x...xx....x...x...xx....…     |1234|1234|1234|1234|1234|1234|1234|…  1
2576  norvel        x..x..x...x..x...x..x..xx...x..x/4           |1234|1234|1234|1234|1234|1234|1234|…  0
2577  norvel        xx...x...x..xx...x...x..x..x...x..xx..x…     |1234|1234|1234|1234|1234|1234|1234|…  1
2578  norvel        x.....x.....x....x....xx....x....x....x…     |1234|1234|1234|1234|1234|1234|1234|…  0
2579  norvel        x....x....x...x...x...x...x....x...x/6       |1234|1234|1234|1234|1234|1234|1234|…  1
2580  norvel        xx....x.....x.....x....x....x....xx....…     |1234|1234|1234|1234|1234|1234|1234|…  1
2581  norvel        x....x....xx...x....x...x....x....x....…     |1234|1234|1234|1234|1234|1234|1234|…  0
2582  norvel        x..x..x..xx..x...x..x..x...x/5               |1234|1234|1234|1234|1234|1234|1234|…  0
2583  norvel        x..x..x..x..x..x...x..x..xxx..xx/7           |1234|1234|1234|1234|1234|1234|1234|…  0
2584  norvel        x..x...x..x..x...x...x..xx..x...x..x/8       |1234|1234|1234|1234|1234|1234|1234|…  1
2585  norvel        x..x..x..xx..x..x..x..x...xx/5               |1234|1234|1234|1234|1234|1234|1234|…  0
2586  norvel        x..x...x..x...x..x..x..x...x/2               |1234|1234|1234|1234|1234|1234|1234|…  1
2587  norvel        x...x...x..x..x..x...x..x..x...x/6           |1234|1234|1234|1234|1234|1234|1234|…  1
2588  norvel        x....x...x....x...x....x...x...x...x/2       |1234|1234|1234|1234|1234|1234|1234|…  1
2589  norvel        x....x....x....x....x....x.....x.....x.…     |1234|1234|1234|1234|1234|1234|1234|…  1
2590  norvel        x...x...x...x....x...xx....x....x....xx…     |1234|1234|1234|1234|1234|1234|1234|…  0
2591  norvel        x..x...xx..x..x..xx..xx..x..x..x...x/4       |1234|1234|1234|1234|1234|1234|1234|…  1
2592  norvel        x..x...x..x..x..x...x..x..xx...x/5           |1234|1234|1234|1234|1234|1234|1234|…  0
2593  norvel        x...x...x....x...x...x...x...x...xx....…     |1234|1234|1234|1234|1234|1234|1234|…  0
2594  norvel        xx..x...xx...xx..xxx...x..xx..xx/2           |1234|1234|1234|1234|1234|1234|1234|…  0
2595  norvel        x...x..x..x..x..x..x...xx..x/5               |1234|1234|1234|1234|1234|1234|1234|…  0
2596  norvel        x...x....xx...x...x....x...x...x...x...…     |1234|1234|1234|1234|1234|1234|1234|…  0
2597  norvel        x..x..x..xx...xx..x..x...x..x..xx..x/7       |1234|1234|1234|1234|1234|1234|1234|…  0
2598  norvel        x....xx.....x....x.....x.....x....x....…     |1234|1234|1234|1234|1234|1234|1234|…  0
2599  norvel        x....x.....x....x....x....x.....x.....x…     |1234|1234|1234|1234|1234|1234|1234|…  1
2600  norvel        x...x...x...x....x...xx...x....x...x...…     |1234|1234|1234|1234|1234|1234|1234|…  0
2601  norvel        x..xx..xx..x..xx...x...xx..x...x/2           |1234|1234|1234|1234|1234|1234|1234|…  1
2602  norvel        x..x...x...x..x..x..x..x...xx..x..xx/4       |1234|1234|1234|1234|1234|1234|1234|…  1
2603  norvel        x..x..x..x..xxx...x...xx...xx..x/6           |1234|1234|1234|1234|1234|1234|1234|…  1
2604  norvel        x...x..x...x...xxx..xx..x..x...x..xx/6       |1234|1234|1234|1234|1234|1234|1234|…  1
2605  norvel        xx...x...xxx...x...x....x...xx....x...x…     |1234|1234|1234|1234|1234|1234|1234|…  1
2606  norvel        x...x..x...x..x..x...x..x..x/4               |1234|1234|1234|1234|1234|1234|1234|…  0
2607  norvel        x....x.....x....x....x....x....x.....x.…     |1234|1234|1234|1234|1234|1234|1234|…  0
2608  norvel        xx.....x....xx....x.....x....x....x....…     |1234|1234|1234|1234|1234|1234|1234|…  0
2609  norvel        x...x....x...x....xxx...x....xxx...xxx.…     |1234|1234|1234|1234|1234|1234|1234|…  0
2610  norvel        x..x..x..x..x..x..x..x..x..x...x/6           |1234|1234|1234|1234|1234|1234|1234|…  0
2611  norvel        x...x...xx...x....x...x....x...x...x...…     |1234|1234|1234|1234|1234|1234|1234|…  0
2612  norvel        x...x..xx..x..xx...xx..x...x...x/5           |1234|1234|1234|1234|1234|1234|1234|…  0
2613  norvel        xx...xx...x...xx....xxx...x...xx...x...…     |1234|1234|1234|1234|1234|1234|1234|…  0
2614  norvel        xx...x...xx..x..x..x..x..xx...xx/4           |1234|1234|1234|1234|1234|1234|1234|…  0
2615  norvel        x....x....xx....xx...x...xx...xxx....x.…     |1234|1234|1234|1234|1234|1234|1234|…  0
2616  norvel        x..x...x..x..xx...x..x..x..x..xx/6           |1234|1234|1234|1234|1234|1234|1234|…  1
2617  norvel        x...x...xx....x...x...x...x...x...x...x…     |1234|1234|1234|1234|1234|1234|1234|…  1
2618  norvel        x....x...x....x...x....x...x...x/5           |1234|1234|1234|1234|1234|1234|1234|…  1
2619  norvel        x....x...x....x...x...xx....x...xx...xx…     |1234|1234|1234|1234|1234|1234|1234|…  0
2620  norvel        x...x....x...x....x....x...xx...xx...x.…     |1234|1234|1234|1234|1234|1234|1234|…  0
2621  norvel        xxx...x....x...x....x...xxx....x...x/5       |1234|1234|1234|1234|1234|1234|1234|…  1
2622  norvel        x....x....x....x....x....xx....x.....x.…     |1234|1234|1234|1234|1234|1234|1234|…  0
2623  norvel        x..x...x..x..x..x..x..x..x..x..x/4           |1234|1234|1234|1234|1234|1234|1234|…  0
2624  norvel        xx....xx....x....xx....xx....xxx....x..…     |1234|1234|1234|1234|1234|1234|1234|…  1
2625  norvel        x...x....x...x...x....x...x...x...x....…     |1234|1234|1234|1234|1234|1234|1234|…  1
2626  norvel        x...xx...xxx...x...x...xx....x...xx...x…     |1234|1234|1234|1234|1234|1234|1234|…  0
2627  norvel        x...x....x...x....x...xxx...x....x....x…     |1234|1234|1234|1234|1234|1234|1234|…  0
2628  norvel        x...x...x...x...x...x....x....x....x...…     |1234|1234|1234|1234|1234|1234|1234|…  0
2629  norvel        x..x..x..x..x..x..x..x...x..x..x/4           |1234|1234|1234|1234|1234|1234|1234|…  0
2630  norvel        x...x...x...x....x....x...x....x...x/2       |1234|1234|1234|1234|1234|1234|1234|…  1
2631  norvel        x...x..xx..x..x..xx..x..xx..x..x/7           |1234|1234|1234|1234|1234|1234|1234|…  0
2632  norvel        x..x...x..x..x..xx...xx..x...x..x..x/6       |1234|1234|1234|1234|1234|1234|1234|…  0
2633  norvel        x..x..x..x..xx..x..xx..xx...x..x/5           |1234|1234|1234|1234|1234|1234|1234|…  0
2634  norvel        x..xx..x..x..xx..x..x..xx...x..x/6           |1234|1234|1234|1234|1234|1234|1234|…  0
2635  norvel        x....x.....xxx....x....x....x....x....x…     |1234|1234|1234|1234|1234|1234|1234|…  1
2636  norvel        x...x...x....xx...xx....xx...xx...x....…     |1234|1234|1234|1234|1234|1234|1234|…  1
2637  norvel        x...x...x...x....x...x....xx....xx....x…     |1234|1234|1234|1234|1234|1234|1234|…  1
2638  norvel        x..xx...x...xx..x...x..x...x...x..xx...…     |1234|1234|1234|1234|1234|1234|1234|…  1
2639  norvel        xx..xx..xx..xxx...x..x...x..x..x..x..xx…     |1234|1234|1234|1234|1234|1234|1234|…  0
2640  norvel        x...x...x...x...x...x....x...x....x....…     |1234|1234|1234|1234|1234|1234|1234|…  1
2641  norvel        x...x...x...x...x...x....x....x....x/6       |1234|1234|1234|1234|1234|1234|1234|…  1
2642  norvel        x...x..x..x...x...x..x..x..x..xx...x/5       |1234|1234|1234|1234|1234|1234|1234|…  0
2643  norvel        x....x....x....x.....x.....x.....x....x…     |1234|1234|1234|1234|1234|1234|1234|…  1
2644  norvel        x...xx...x..x..xx...xx...x..x..x/2           |1234|1234|1234|1234|1234|1234|1234|…  1
2645  norvel        x...x...x..x...x...xx..x..x...xx...x/4       |1234|1234|1234|1234|1234|1234|1234|…  0
2646  norvel        x....x...xx...x....x...x...x...x...x...…     |1234|1234|1234|1234|1234|1234|1234|…  0
2647  norvel        xx..xx..x..x..x..x..x..x...x/4               |1234|1234|1234|1234|1234|1234|1234|…  1
2648  norvel        x.....x....x....x.....x....x....x....x.…     |1234|1234|1234|1234|1234|1234|1234|…  1
2649  norvel        x..x..x..xx..x..x...x..xx..x..xx/5           |1234|1234|1234|1234|1234|1234|1234|…  0
2650  norvel        x....xx....x....xxx.....x....x....x....…     |1234|1234|1234|1234|1234|1234|1234|…  1
2651  norvel        x..xx..xx..x..xx..x..xx..xx..x...xx...x…     |1234|1234|1234|1234|1234|1234|1234|…  0
2652  norvel        x...x..xx..x..x..xx..x...x..x..xx..x/7       |1234|1234|1234|1234|1234|1234|1234|…  0
2653  norvel        x...x....xx...x...x....x...x....xxx....…     |1234|1234|1234|1234|1234|1234|1234|…  0
2654  norvel        x....x....xx....x....x...x...xx....x...…     |1234|1234|1234|1234|1234|1234|1234|…  0
2655  norvel        x...x...x....x....x....x...x...x...x/2       |1234|1234|1234|1234|1234|1234|1234|…  1
2656  norvel        x....xx...x....x....x....x...x....x...x…     |1234|1234|1234|1234|1234|1234|1234|…  1
2657  norvel        x....xx...xx....x....x....x...x....x...…     |1234|1234|1234|1234|1234|1234|1234|…  0
2658  norvel        xxx.....x....xx.....x....xx....xx....xx…     |1234|1234|1234|1234|1234|1234|1234|…  1
2659  norvel        x...x..x..x..xx...x..x..x...x..xx..x/5       |1234|1234|1234|1234|1234|1234|1234|…  0
2660  norvel        x...xx....xx....xx...x...x....x....x...…     |1234|1234|1234|1234|1234|1234|1234|…  1
2661  norvel        xx....x....x....x....x.....x....xx....x…     |1234|1234|1234|1234|1234|1234|1234|…  0
2662  norvel        x....x....x...x...x...x....x....x....xx…     |1234|1234|1234|1234|1234|1234|1234|…  0
2663  norvel        xx...x....xx...xx...x...xx...xxx...x...…     |1234|1234|1234|1234|1234|1234|1234|…  0
2664  norvel        x....x....x...xx....x....x...xxx...x...…     |1234|1234|1234|1234|1234|1234|1234|…  0
2665  norvel        x...x...x....x...x....x...x....x/5           |1234|1234|1234|1234|1234|1234|1234|…  1
2666  norvel        x..xx...x...x..x..x..x..x..x..xx...x/4       |1234|1234|1234|1234|1234|1234|1234|…  1
2667  norvel        x...xx...x..xx..x...x..x...x..xx/6           |1234|1234|1234|1234|1234|1234|1234|…  0
2668  norvel        x...x...x...xx...x...x...x....x...x....…     |1234|1234|1234|1234|1234|1234|1234|…  0
2669  norvel        x....x.....x....xx.....x.....x.....x...…     |1234|1234|1234|1234|1234|1234|1234|…  1
2670  norvel        x..x..x...x..x..xx..x...x..x/5               |1234|1234|1234|1234|1234|1234|1234|…  0
2671  norvel        x....x....x....x...x...x....x....x...xx…     |1234|1234|1234|1234|1234|1234|1234|…  1
2672  norvel        x.....xx....x....x....x....xxx....x....…     |1234|1234|1234|1234|1234|1234|1234|…  0
2673  norvel        x....xx.....xxx....xx.....x....xx....xx…     |1234|1234|1234|1234|1234|1234|1234|…  1
2674  norvel        x...xxx...x...x...xx....xxx...xx....x..…     |1234|1234|1234|1234|1234|1234|1234|…  0
2675  norvel        x....x....xx...x...x....xx...xx...xx...…     |1234|1234|1234|1234|1234|1234|1234|…  1
2676  norvel        x...x..x..x..x...x...x..x..x/2               |1234|1234|1234|1234|1234|1234|1234|…  1
2677  norvel        xxx..x..x..x..xx..x..x..x...x..x/7           |1234|1234|1234|1234|1234|1234|1234|…  0
2678  norvel        x...x...x....x....x...x...x....x/2           |1234|1234|1234|1234|1234|1234|1234|…  0
2679  norvel        xx....xx....x...x...xx...xxx....xx....x…     |1234|1234|1234|1234|1234|1234|1234|…  0
2680  norvel        x...x..x..x..xx...x...x...x..x..x..x/7       |1234|1234|1234|1234|1234|1234|1234|…  1
2681  norvel        x..x..x..x..x..x..x..x..x..x...x/4           |1234|1234|1234|1234|1234|1234|1234|…  0
2682  norvel        x...x...xxx...x...xx...x...x....x....x.…     |1234|1234|1234|1234|1234|1234|1234|…  0
2683  norvel        xx..xx..xx..x...x...xx..x..xx..xxx..x..…     |1234|1234|1234|1234|1234|1234|1234|…  1
2684  norvel        x...x...x...x...x....x...x....x...x...x…     |1234|1234|1234|1234|1234|1234|1234|…  0
2685  norvel        x...xx...x....x...x...x...xx...x....xx.…     |1234|1234|1234|1234|1234|1234|1234|…  1
2686  norvel        x..xx...xx..xxx..xxx..x..x..x..xx..x...…     |1234|1234|1234|1234|1234|1234|1234|…  0
2687  norvel        x..x..xx..x...xx..xx..xx...xx..x/4           |1234|1234|1234|1234|1234|1234|1234|…  1
2688  norvel        xx...xx....x...xx....x...x....x...x....…     |1234|1234|1234|1234|1234|1234|1234|…  0
2689  norvel        x....xx....x...x...xx...x...xx...x...x.…     |1234|1234|1234|1234|1234|1234|1234|…  1
2690  norvel        x...x...x....x....x....x...x...x...x...…     |1234|1234|1234|1234|1234|1234|1234|…  0
2691  norvel        x....x....x....x...xx...xx....x...xxx..…     |1234|1234|1234|1234|1234|1234|1234|…  0
2692  norvel        x..xx...x...xx..xx..x...x..x/2               |1234|1234|1234|1234|1234|1234|1234|…  0
2693  norvel        x...x..x..x...x..x..x..x..x..xxx...x/8       |1234|1234|1234|1234|1234|1234|1234|…  1
2694  norvel        x..x..x..x..x...x..x..x..x..x..x/5           |1234|1234|1234|1234|1234|1234|1234|…  0
2695  norvel        x..x..x..xx..x...x...xx..x...x...xx..xx…     |1234|1234|1234|1234|1234|1234|1234|…  1
2696  norvel        x...xx....x...xxx....xx...x....x...x...…     |1234|1234|1234|1234|1234|1234|1234|…  1
2697  norvel        x....xx...x....xxx...x...x....x....x...…     |1234|1234|1234|1234|1234|1234|1234|…  1
2698  norvel        xx...xx...xx...x...x...x....x...xx...xx…     |1234|1234|1234|1234|1234|1234|1234|…  1
2699  norvel        x....x....x....x...x...xx...xx...x...xx…     |1234|1234|1234|1234|1234|1234|1234|…  0
2700  norvel        x...x...x....x...xx....x...x...x/3           |1234|1234|1234|1234|1234|1234|1234|…  1
2701  norvel        x..x...x..x..x..x...xx..x..x/5               |1234|1234|1234|1234|1234|1234|1234|…  0
2702  norvel        x....xx....x...x...x....xx...x...xx...x…     |1234|1234|1234|1234|1234|1234|1234|…  0
2703  norvel        xx....x...x...xx...x...xx...xx...x...x.…     |1234|1234|1234|1234|1234|1234|1234|…  0
2704  norvel        x....x....x...x...x...x...x....x/2           |1234|1234|1234|1234|1234|1234|1234|…  0
2705  norvel        x....x....x....x....x.....x....x....x..…     |1234|1234|1234|1234|1234|1234|1234|…  0
2706  norvel        x....x.....x....x.....x....x....x.....x…     |1234|1234|1234|1234|1234|1234|1234|…  1
2707  norvel        x....x....x...x...x...xx....x....x...x.…     |1234|1234|1234|1234|1234|1234|1234|…  1
2708  norvel        x...x....xx...xx...x...x...x...x/2           |1234|1234|1234|1234|1234|1234|1234|…  0
2709  norvel        x..x..x...xx...x..xx..xx..x..x..x..x/4       |1234|1234|1234|1234|1234|1234|1234|…  1
2710  norvel        xx...x....xxx...x...xx...xx...x...xx...…     |1234|1234|1234|1234|1234|1234|1234|…  0
2711  norvel        xx..xx..x..x..x..x..x...x..x/4               |1234|1234|1234|1234|1234|1234|1234|…  1
2712  norvel        xx...x....xx....x...x...x....x...x....x…     |1234|1234|1234|1234|1234|1234|1234|…  1
2713  norvel        x...x..xx..x..x..x..x...x..x..xx...x/8       |1234|1234|1234|1234|1234|1234|1234|…  1
2714  norvel        xxx..x..xx...x..xx..x...xxx..xx..x..x..…     |1234|1234|1234|1234|1234|1234|1234|…  1
2715  norvel        x...xxx...x....x...x...xx....xx...x...x…     |1234|1234|1234|1234|1234|1234|1234|…  0
2716  norvel        x..x...x..x..xx..xx..xx..xxx..xx/5           |1234|1234|1234|1234|1234|1234|1234|…  0
2717  norvel        x..x..x..x...x..x..x..xx...x/5               |1234|1234|1234|1234|1234|1234|1234|…  0
2718  norvel        x...x...x...x...xx...x...x....x...x....…     |1234|1234|1234|1234|1234|1234|1234|…  0
2719  norvel        xx...x...x...xx...xx....x...x...xx...xx…     |1234|1234|1234|1234|1234|1234|1234|…  0
2720  norvel        x...x....x...x...x...x...x....x....x...…     |1234|1234|1234|1234|1234|1234|1234|…  1
2721  norvel        xx..x..x..x...xxx...xx...xxx..xx/5           |1234|1234|1234|1234|1234|1234|1234|…  1
2722  norvel        x...x...x....x....x....x...x...x...x/6       |1234|1234|1234|1234|1234|1234|1234|…  1
2723  norvel        x...xx..x..xx..xx...xx...x..x..x...x/7       |1234|1234|1234|1234|1234|1234|1234|…  1
2724  norvel        xx...x...x...x...x....x...x...x....x...…     |1234|1234|1234|1234|1234|1234|1234|…  0
2725  norvel        x....x...x...xx...xx...xx....x...x...xx…     |1234|1234|1234|1234|1234|1234|1234|…  0
2726  norvel        x....x...x...xx...xx....x....x....x....…     |1234|1234|1234|1234|1234|1234|1234|…  1
2727  norvel        x....x...x...x...x...xxx...x...x/3           |1234|1234|1234|1234|1234|1234|1234|…  1

per-name tally this round
name             presented correct  hit-rate
norvel                2728    1328     48.7%
