Centaur Zendo round final (final)
round_id : bec71d445ba14a82b6c54f755f8331c9
written  : 2026-09-02 10:45:41Z
presented=3030  answered=3030  correct=3030  skipped=0
client answer latency: mean 0.088 ms  median 0.083 ms  max 1.380 ms  (n=3030)

 idx  name          clue                                      answer                                    score
------------------------------------------------------------------------------------------------------------
   0  quilm         11 5                                      17000 89888                               1
   1  quilm         5 3                                       700 988                                   1
   2  quilm         7 4                                       1000 9888                                 1
   3  quilm         8 4                                       1000 8888                                 1
   4  quilm         8 3                                       150 888                                   1
   5  quilm         23 6                                      111150 888888                             1
   6  quilm         19 6                                      111500 888888                             1
   7  quilm         20 5                                      11110 88898                               1
   8  quilm         21 6                                      111100 888988                             1
   9  quilm         19 5                                      11170 88898                               1
  10  quilm         13 4                                      1150 8888                                 1
  11  quilm         10 4                                      1700 8988                                 1
  12  quilm         16 4                                      1110 8888                                 1
  13  quilm         15 4                                      1110 8898                                 1
  14  quilm         12 3                                      115 888                                   1
  15  quilm         11 4                                      1100 8988                                 1
  16  quilm         11 4                                      1100 8988                                 1
  17  quilm         17 6                                      111000 889888                             1
  18  quilm         12 5                                      11000 89888                               1
  19  quilm         7 4                                       1000 9888                                 1
  20  quilm         5 3                                       700 988                                   1
  21  quilm         16 4                                      1110 8888                                 1
  22  quilm         11 5                                      17000 89888                               1
  23  quilm         13 5                                      11000 88888                               1
  24  quilm         17 5                                      11100 88888                               1
  25  quilm         10 4                                      1700 8988                                 1
  26  quilm         20 5                                      11110 88898                               1
  27  quilm         19 6                                      111500 888888                             1
  28  quilm         6 3                                       100 988                                   1
  29  quilm         7 3                                       100 888                                   1
  30  quilm         19 6                                      111500 888888                             1
  31  quilm         10 5                                      15000 88888                               1
  32  quilm         12 6                                      170000 898888                             1
  33  quilm         24 6                                      111170 888898                             1
  34  quilm         10 3                                      110 898                                   1
  35  quilm         13 5                                      11000 88888                               1
  36  quilm         10 5                                      15000 88888                               1
  37  quilm         12 6                                      170000 898888                             1
  38  quilm         8 3                                       150 888                                   1
  39  quilm         18 5                                      11150 88888                               1
  40  quilm         7 3                                       100 888                                   1
  41  quilm         12 3                                      115 888                                   1
  42  quilm         18 6                                      111000 888888                             1
  43  quilm         7 3                                       100 888                                   1
  44  quilm         14 4                                      1170 8898                                 1
  45  quilm         8 4                                       1000 8888                                 1
  46  quilm         10 3                                      110 898                                   1
  47  quilm         13 4                                      1150 8888                                 1
  48  quilm         17 5                                      11100 88888                               1
  49  quilm         8 4                                       1000 8888                                 1
  50  quilm         9 6                                       100000 988888                             1
  51  quilm         14 4                                      1170 8898                                 1
  52  quilm         9 3                                       170 898                                   1
  53  quilm         18 5                                      11150 88888                               1
  54  quilm         17 5                                      11100 88888                               1
  55  quilm         19 5                                      11170 88898                               1
  56  quilm         11 4                                      1100 8988                                 1
  57  quilm         20 6                                      111700 888988                             1
  58  quilm         9 4                                       1500 8888                                 1
  59  quilm         8 4                                       1000 8888                                 1
  60  quilm         8 5                                       10000 98888                               1
  61  quilm         13 4                                      1150 8888                                 1
  62  quilm         12 4                                      1100 8888                                 1
  63  quilm         15 4                                      1110 8898                                 1
  64  quilm         18 5                                      11150 88888                               1
  65  quilm         7 3                                       100 888                                   1
  66  quilm         12 5                                      11000 89888                               1
  67  quilm         12 3                                      115 888                                   1
  68  quilm         12 3                                      115 888                                   1
  69  quilm         19 5                                      11170 88898                               1
  70  quilm         19 5                                      11170 88898                               1
  71  quilm         9 4                                       1500 8888                                 1
  72  quilm         9 3                                       170 898                                   1
  73  quilm         8 5                                       10000 98888                               1
  74  quilm         10 4                                      1700 8988                                 1
  75  quilm         11 6                                      150000 888888                             1
  76  quilm         8 4                                       1000 8888                                 1
  77  quilm         15 5                                      11700 88988                               1
  78  quilm         23 6                                      111150 888888                             1
  79  quilm         15 5                                      11700 88988                               1
  80  quilm         9 3                                       170 898                                   1
  81  quilm         13 5                                      11000 88888                               1
  82  quilm         9 5                                       10000 88888                               1
  83  quilm         9 3                                       170 898                                   1
  84  quilm         13 5                                      11000 88888                               1
  85  quilm         22 6                                      111100 888888                             1
  86  quilm         16 5                                      11100 88988                               1
  87  quilm         22 6                                      111100 888888                             1
  88  quilm         12 5                                      11000 89888                               1
  89  quilm         17 5                                      11100 88888                               1
  90  quilm         15 5                                      11700 88988                               1
  91  quilm         20 5                                      11110 88898                               1
  92  quilm         13 5                                      11000 88888                               1
  93  quilm         6 3                                       100 988                                   1
  94  quilm         8 4                                       1000 8888                                 1
  95  quilm         15 6                                      115000 888888                             1
  96  quilm         14 5                                      11500 88888                               1
  97  quilm         8 3                                       150 888                                   1
  98  quilm         15 5                                      11700 88988                               1
  99  quilm         5 3                                       700 988                                   1
 100  quilm         17 6                                      111000 889888                             1
 101  quilm         14 4                                      1170 8898                                 1
 102  quilm         8 4                                       1000 8888                                 1
 103  quilm         11 3                                      110 888                                   1
 104  quilm         12 4                                      1100 8888                                 1
 105  quilm         7 3                                       100 888                                   1
 106  quilm         8 5                                       10000 98888                               1
 107  quilm         8 3                                       150 888                                   1
 108  quilm         8 3                                       150 888                                   1
 109  quilm         9 4                                       1500 8888                                 1
 110  quilm         9 4                                       1500 8888                                 1
 111  quilm         15 5                                      11700 88988                               1
 112  quilm         17 5                                      11100 88888                               1
 113  quilm         13 5                                      11000 88888                               1
 114  quilm         20 5                                      11110 88898                               1
 115  quilm         12 3                                      115 888                                   1
 116  quilm         8 4                                       1000 8888                                 1
 117  quilm         11 3                                      110 888                                   1
 118  quilm         8 4                                       1000 8888                                 1
 119  quilm         13 5                                      11000 88888                               1
 120  quilm         15 5                                      11700 88988                               1
 121  quilm         21 6                                      111100 888988                             1
 122  quilm         7 4                                       1000 9888                                 1
 123  quilm         14 6                                      110000 888888                             1
 124  quilm         9 5                                       10000 88888                               1
 125  quilm         12 4                                      1100 8888                                 1
 126  quilm         14 4                                      1170 8898                                 1
 127  quilm         12 3                                      115 888                                   1
 128  quilm         10 3                                      110 898                                   1
 129  quilm         9 3                                       170 898                                   1
 130  quilm         16 4                                      1110 8888                                 1
 131  quilm         10 4                                      1700 8988                                 1
 132  quilm         17 6                                      111000 889888                             1
 133  quilm         12 4                                      1100 8888                                 1
 134  quilm         20 6                                      111700 888988                             1
 135  quilm         14 6                                      110000 888888                             1
 136  quilm         8 4                                       1000 8888                                 1
 137  quilm         11 5                                      17000 89888                               1
 138  quilm         10 3                                      110 898                                   1
 139  quilm         17 6                                      111000 889888                             1
 140  quilm         15 4                                      1110 8898                                 1
 141  quilm         17 6                                      111000 889888                             1
 142  quilm         6 3                                       100 988                                   1
 143  quilm         10 6                                      100000 888888                             1
 144  quilm         6 3                                       100 988                                   1
 145  quilm         10 4                                      1700 8988                                 1
 146  quilm         10 3                                      110 898                                   1
 147  quilm         8 3                                       150 888                                   1
 148  quilm         18 6                                      111000 888888                             1
 149  quilm         14 4                                      1170 8898                                 1
 150  quilm         10 4                                      1700 8988                                 1
 151  quilm         11 3                                      110 888                                   1
 152  quilm         15 4                                      1110 8898                                 1
 153  quilm         11 6                                      150000 888888                             1
 154  quilm         10 5                                      15000 88888                               1
 155  quilm         11 4                                      1100 8988                                 1
 156  quilm         8 3                                       150 888                                   1
 157  quilm         11 4                                      1100 8988                                 1
 158  quilm         11 4                                      1100 8988                                 1
 159  quilm         15 5                                      11700 88988                               1
 160  quilm         10 5                                      15000 88888                               1
 161  quilm         8 3                                       150 888                                   1
 162  quilm         11 3                                      110 888                                   1
 163  quilm         7 4                                       1000 9888                                 1
 164  quilm         19 5                                      11170 88898                               1
 165  quilm         12 6                                      170000 898888                             1
 166  quilm         15 4                                      1110 8898                                 1
 167  quilm         11 5                                      17000 89888                               1
 168  quilm         18 5                                      11150 88888                               1
 169  quilm         13 4                                      1150 8888                                 1
 170  quilm         8 4                                       1000 8888                                 1
 171  quilm         7 4                                       1000 9888                                 1
 172  quilm         12 4                                      1100 8888                                 1
 173  quilm         9 6                                       100000 988888                             1
 174  quilm         7 5                                       70000 98888                               1
 175  quilm         6 3                                       100 988                                   1
 176  quilm         12 3                                      115 888                                   1
 177  quilm         6 4                                       7000 9888                                 1
 178  quilm         13 4                                      1150 8888                                 1
 179  quilm         13 4                                      1150 8888                                 1
 180  quilm         8 3                                       150 888                                   1
 181  quilm         15 4                                      1110 8898                                 1
 182  quilm         10 5                                      15000 88888                               1
 183  quilm         8 4                                       1000 8888                                 1
 184  quilm         6 3                                       100 988                                   1
 185  quilm         21 6                                      111100 888988                             1
 186  quilm         14 5                                      11500 88888                               1
 187  quilm         7 3                                       100 888                                   1
 188  quilm         19 6                                      111500 888888                             1
 189  quilm         20 5                                      11110 88898                               1
 190  quilm         10 4                                      1700 8988                                 1
 191  quilm         5 3                                       700 988                                   1
 192  quilm         10 4                                      1700 8988                                 1
 193  quilm         16 4                                      1110 8888                                 1
 194  quilm         9 5                                       10000 88888                               1
 195  quilm         10 6                                      100000 888888                             1
 196  quilm         15 5                                      11700 88988                               1
 197  quilm         12 3                                      115 888                                   1
 198  quilm         19 5                                      11170 88898                               1
 199  quilm         15 5                                      11700 88988                               1
 200  quilm         21 6                                      111100 888988                             1
 201  quilm         7 3                                       100 888                                   1
 202  quilm         5 3                                       700 988                                   1
 203  quilm         19 6                                      111500 888888                             1
 204  quilm         15 4                                      1110 8898                                 1
 205  quilm         8 4                                       1000 8888                                 1
 206  quilm         5 3                                       700 988                                   1
 207  quilm         11 5                                      17000 89888                               1
 208  quilm         8 3                                       150 888                                   1
 209  quilm         9 3                                       170 898                                   1
 210  quilm         9 5                                       10000 88888                               1
 211  quilm         18 6                                      111000 888888                             1
 212  quilm         10 4                                      1700 8988                                 1
 213  quilm         7 5                                       70000 98888                               1
 214  quilm         9 5                                       10000 88888                               1
 215  quilm         11 6                                      150000 888888                             1
 216  quilm         13 4                                      1150 8888                                 1
 217  quilm         6 4                                       7000 9888                                 1
 218  quilm         10 4                                      1700 8988                                 1
 219  quilm         7 4                                       1000 9888                                 1
 220  quilm         16 5                                      11100 88988                               1
 221  quilm         11 3                                      110 888                                   1
 222  quilm         12 6                                      170000 898888                             1
 223  quilm         10 4                                      1700 8988                                 1
 224  quilm         20 5                                      11110 88898                               1
 225  quilm         12 5                                      11000 89888                               1
 226  quilm         13 5                                      11000 88888                               1
 227  quilm         11 4                                      1100 8988                                 1
 228  quilm         6 3                                       100 988                                   1
 229  quilm         14 4                                      1170 8898                                 1
 230  quilm         8 6                                       700000 988888                             1
 231  quilm         15 6                                      115000 888888                             1
 232  quilm         9 4                                       1500 8888                                 1
 233  quilm         10 3                                      110 898                                   1
 234  quilm         5 3                                       700 988                                   1
 235  quilm         13 4                                      1150 8888                                 1
 236  quilm         7 3                                       100 888                                   1
 237  quilm         16 4                                      1110 8888                                 1
 238  quilm         10 3                                      110 898                                   1
 239  quilm         8 3                                       150 888                                   1
 240  quilm         16 4                                      1110 8888                                 1
 241  quilm         10 5                                      15000 88888                               1
 242  quilm         8 3                                       150 888                                   1
 243  quilm         14 4                                      1170 8898                                 1
 244  quilm         23 6                                      111150 888888                             1
 245  quilm         19 5                                      11170 88898                               1
 246  quilm         8 5                                       10000 98888                               1
 247  quilm         8 5                                       10000 98888                               1
 248  quilm         18 6                                      111000 888888                             1
 249  quilm         7 3                                       100 888                                   1
 250  quilm         17 5                                      11100 88888                               1
 251  quilm         14 6                                      110000 888888                             1
 252  quilm         12 3                                      115 888                                   1
 253  quilm         16 4                                      1110 8888                                 1
 254  quilm         8 3                                       150 888                                   1
 255  quilm         6 4                                       7000 9888                                 1
 256  quilm         14 5                                      11500 88888                               1
 257  quilm         14 4                                      1170 8898                                 1
 258  quilm         7 5                                       70000 98888                               1
 259  quilm         14 5                                      11500 88888                               1
 260  quilm         16 6                                      117000 889888                             1
 261  quilm         14 6                                      110000 888888                             1
 262  quilm         13 4                                      1150 8888                                 1
 263  quilm         10 5                                      15000 88888                               1
 264  quilm         18 6                                      111000 888888                             1
 265  quilm         13 6                                      110000 898888                             1
 266  quilm         19 5                                      11170 88898                               1
 267  quilm         19 5                                      11170 88898                               1
 268  quilm         9 4                                       1500 8888                                 1
 269  quilm         6 3                                       100 988                                   1
 270  quilm         11 6                                      150000 888888                             1
 271  quilm         21 6                                      111100 888988                             1
 272  quilm         6 3                                       100 988                                   1
 273  quilm         12 3                                      115 888                                   1
 274  quilm         10 5                                      15000 88888                               1
 275  quilm         16 4                                      1110 8888                                 1
 276  quilm         13 4                                      1150 8888                                 1
 277  quilm         11 3                                      110 888                                   1
 278  quilm         10 5                                      15000 88888                               1
 279  quilm         13 6                                      110000 898888                             1
 280  quilm         19 5                                      11170 88898                               1
 281  quilm         12 3                                      115 888                                   1
 282  quilm         7 3                                       100 888                                   1
 283  quilm         10 6                                      100000 888888                             1
 284  quilm         14 6                                      110000 888888                             1
 285  quilm         12 4                                      1100 8888                                 1
 286  quilm         12 5                                      11000 89888                               1
 287  quilm         19 6                                      111500 888888                             1
 288  quilm         9 3                                       170 898                                   1
 289  quilm         11 3                                      110 888                                   1
 290  quilm         6 4                                       7000 9888                                 1
 291  quilm         7 3                                       100 888                                   1
 292  quilm         9 3                                       170 898                                   1
 293  quilm         10 5                                      15000 88888                               1
 294  quilm         12 3                                      115 888                                   1
 295  quilm         13 5                                      11000 88888                               1
 296  quilm         13 6                                      110000 898888                             1
 297  quilm         22 6                                      111100 888888                             1
 298  quilm         17 5                                      11100 88888                               1
 299  quilm         7 3                                       100 888                                   1
 300  quilm         12 4                                      1100 8888                                 1
 301  quilm         10 6                                      100000 888888                             1
 302  quilm         17 6                                      111000 889888                             1
 303  quilm         13 6                                      110000 898888                             1
 304  quilm         12 4                                      1100 8888                                 1
 305  quilm         12 6                                      170000 898888                             1
 306  quilm         5 3                                       700 988                                   1
 307  quilm         7 5                                       70000 98888                               1
 308  quilm         9 5                                       10000 88888                               1
 309  quilm         12 4                                      1100 8888                                 1
 310  quilm         15 4                                      1110 8898                                 1
 311  quilm         10 3                                      110 898                                   1
 312  quilm         7 3                                       100 888                                   1
 313  quilm         5 3                                       700 988                                   1
 314  quilm         9 4                                       1500 8888                                 1
 315  quilm         7 3                                       100 888                                   1
 316  quilm         11 3                                      110 888                                   1
 317  quilm         7 3                                       100 888                                   1
 318  quilm         24 6                                      111170 888898                             1
 319  quilm         16 6                                      117000 889888                             1
 320  quilm         7 4                                       1000 9888                                 1
 321  quilm         10 3                                      110 898                                   1
 322  quilm         16 4                                      1110 8888                                 1
 323  quilm         8 3                                       150 888                                   1
 324  quilm         9 4                                       1500 8888                                 1
 325  quilm         13 6                                      110000 898888                             1
 326  quilm         16 4                                      1110 8888                                 1
 327  quilm         12 3                                      115 888                                   1
 328  quilm         5 3                                       700 988                                   1
 329  quilm         7 4                                       1000 9888                                 1
 330  quilm         14 4                                      1170 8898                                 1
 331  quilm         10 3                                      110 898                                   1
 332  quilm         9 3                                       170 898                                   1
 333  quilm         10 5                                      15000 88888                               1
 334  quilm         9 5                                       10000 88888                               1
 335  quilm         18 5                                      11150 88888                               1
 336  quilm         10 3                                      110 898                                   1
 337  quilm         20 5                                      11110 88898                               1
 338  quilm         5 3                                       700 988                                   1
 339  quilm         15 4                                      1110 8898                                 1
 340  quilm         8 6                                       700000 988888                             1
 341  quilm         18 6                                      111000 888888                             1
 342  quilm         8 4                                       1000 8888                                 1
 343  quilm         12 3                                      115 888                                   1
 344  quilm         14 4                                      1170 8898                                 1
 345  quilm         19 6                                      111500 888888                             1
 346  quilm         11 4                                      1100 8988                                 1
 347  quilm         15 4                                      1110 8898                                 1
 348  quilm         16 5                                      11100 88988                               1
 349  quilm         12 5                                      11000 89888                               1
 350  quilm         8 4                                       1000 8888                                 1
 351  quilm         16 5                                      11100 88988                               1
 352  quilm         15 5                                      11700 88988                               1
 353  quilm         10 3                                      110 898                                   1
 354  quilm         19 5                                      11170 88898                               1
 355  quilm         13 6                                      110000 898888                             1
 356  quilm         10 3                                      110 898                                   1
 357  quilm         16 4                                      1110 8888                                 1
 358  quilm         20 5                                      11110 88898                               1
 359  quilm         18 5                                      11150 88888                               1
 360  quilm         9 3                                       170 898                                   1
 361  quilm         11 4                                      1100 8988                                 1
 362  quilm         13 5                                      11000 88888                               1
 363  quilm         8 4                                       1000 8888                                 1
 364  quilm         17 5                                      11100 88888                               1
 365  quilm         14 5                                      11500 88888                               1
 366  quilm         14 5                                      11500 88888                               1
 367  quilm         10 3                                      110 898                                   1
 368  quilm         20 6                                      111700 888988                             1
 369  quilm         18 5                                      11150 88888                               1
 370  quilm         12 3                                      115 888                                   1
 371  quilm         12 4                                      1100 8888                                 1
 372  quilm         11 4                                      1100 8988                                 1
 373  quilm         17 5                                      11100 88888                               1
 374  quilm         6 3                                       100 988                                   1
 375  quilm         10 5                                      15000 88888                               1
 376  quilm         24 6                                      111170 888898                             1
 377  quilm         12 3                                      115 888                                   1
 378  quilm         13 4                                      1150 8888                                 1
 379  quilm         9 5                                       10000 88888                               1
 380  quilm         8 3                                       150 888                                   1
 381  quilm         9 4                                       1500 8888                                 1
 382  quilm         10 4                                      1700 8988                                 1
 383  quilm         16 4                                      1110 8888                                 1
 384  quilm         13 4                                      1150 8888                                 1
 385  quilm         9 4                                       1500 8888                                 1
 386  quilm         5 3                                       700 988                                   1
 387  quilm         6 3                                       100 988                                   1
 388  quilm         15 6                                      115000 888888                             1
 389  quilm         11 3                                      110 888                                   1
 390  quilm         9 3                                       170 898                                   1
 391  quilm         8 3                                       150 888                                   1
 392  quilm         7 5                                       70000 98888                               1
 393  quilm         11 3                                      110 888                                   1
 394  quilm         9 6                                       100000 988888                             1
 395  quilm         19 6                                      111500 888888                             1
 396  quilm         9 4                                       1500 8888                                 1
 397  quilm         24 6                                      111170 888898                             1
 398  quilm         22 6                                      111100 888888                             1
 399  quilm         12 4                                      1100 8888                                 1
 400  quilm         12 3                                      115 888                                   1
 401  quilm         14 4                                      1170 8898                                 1
 402  quilm         17 6                                      111000 889888                             1
 403  quilm         10 3                                      110 898                                   1
 404  quilm         17 6                                      111000 889888                             1
 405  quilm         8 4                                       1000 8888                                 1
 406  quilm         9 4                                       1500 8888                                 1
 407  quilm         16 4                                      1110 8888                                 1
 408  quilm         15 6                                      115000 888888                             1
 409  quilm         11 6                                      150000 888888                             1
 410  quilm         11 3                                      110 888                                   1
 411  quilm         15 4                                      1110 8898                                 1
 412  quilm         7 4                                       1000 9888                                 1
 413  quilm         19 5                                      11170 88898                               1
 414  quilm         15 4                                      1110 8898                                 1
 415  quilm         11 3                                      110 888                                   1
 416  quilm         7 3                                       100 888                                   1
 417  quilm         9 4                                       1500 8888                                 1
 418  quilm         7 3                                       100 888                                   1
 419  quilm         10 3                                      110 898                                   1
 420  quilm         16 4                                      1110 8888                                 1
 421  quilm         10 5                                      15000 88888                               1
 422  quilm         7 5                                       70000 98888                               1
 423  quilm         12 4                                      1100 8888                                 1
 424  quilm         14 4                                      1170 8898                                 1
 425  quilm         20 5                                      11110 88898                               1
 426  quilm         20 6                                      111700 888988                             1
 427  quilm         12 5                                      11000 89888                               1
 428  quilm         10 4                                      1700 8988                                 1
 429  quilm         9 5                                       10000 88888                               1
 430  quilm         8 5                                       10000 98888                               1
 431  quilm         6 4                                       7000 9888                                 1
 432  quilm         5 3                                       700 988                                   1
 433  quilm         13 4                                      1150 8888                                 1
 434  quilm         15 4                                      1110 8898                                 1
 435  quilm         17 5                                      11100 88888                               1
 436  quilm         11 4                                      1100 8988                                 1
 437  quilm         5 3                                       700 988                                   1
 438  quilm         7 4                                       1000 9888                                 1
 439  quilm         10 3                                      110 898                                   1
 440  quilm         12 4                                      1100 8888                                 1
 441  quilm         8 5                                       10000 98888                               1
 442  quilm         8 3                                       150 888                                   1
 443  quilm         11 3                                      110 888                                   1
 444  quilm         16 4                                      1110 8888                                 1
 445  quilm         9 3                                       170 898                                   1
 446  quilm         14 5                                      11500 88888                               1
 447  quilm         10 3                                      110 898                                   1
 448  quilm         13 5                                      11000 88888                               1
 449  quilm         11 4                                      1100 8988                                 1
 450  quilm         8 3                                       150 888                                   1
 451  quilm         17 6                                      111000 889888                             1
 452  quilm         8 4                                       1000 8888                                 1
 453  quilm         23 6                                      111150 888888                             1
 454  quilm         20 5                                      11110 88898                               1
 455  quilm         9 4                                       1500 8888                                 1
 456  quilm         16 4                                      1110 8888                                 1
 457  quilm         12 3                                      115 888                                   1
 458  quilm         11 5                                      17000 89888                               1
 459  quilm         9 3                                       170 898                                   1
 460  quilm         7 3                                       100 888                                   1
 461  quilm         13 4                                      1150 8888                                 1
 462  quilm         15 5                                      11700 88988                               1
 463  quilm         9 3                                       170 898                                   1
 464  quilm         6 3                                       100 988                                   1
 465  quilm         10 4                                      1700 8988                                 1
 466  quilm         9 4                                       1500 8888                                 1
 467  quilm         12 4                                      1100 8888                                 1
 468  quilm         5 3                                       700 988                                   1
 469  quilm         16 6                                      117000 889888                             1
 470  quilm         10 4                                      1700 8988                                 1
 471  quilm         11 4                                      1100 8988                                 1
 472  quilm         20 5                                      11110 88898                               1
 473  quilm         12 3                                      115 888                                   1
 474  quilm         11 5                                      17000 89888                               1
 475  quilm         9 5                                       10000 88888                               1
 476  quilm         8 4                                       1000 8888                                 1
 477  quilm         9 6                                       100000 988888                             1
 478  quilm         19 5                                      11170 88898                               1
 479  quilm         13 4                                      1150 8888                                 1
 480  quilm         7 5                                       70000 98888                               1
 481  quilm         8 5                                       10000 98888                               1
 482  quilm         8 5                                       10000 98888                               1
 483  quilm         8 5                                       10000 98888                               1
 484  quilm         9 4                                       1500 8888                                 1
 485  quilm         11 5                                      17000 89888                               1
 486  quilm         5 3                                       700 988                                   1
 487  quilm         13 4                                      1150 8888                                 1
 488  quilm         11 3                                      110 888                                   1
 489  quilm         10 4                                      1700 8988                                 1
 490  quilm         8 5                                       10000 98888                               1
 491  quilm         16 6                                      117000 889888                             1
 492  quilm         7 3                                       100 888                                   1
 493  quilm         10 4                                      1700 8988                                 1
 494  quilm         11 3                                      110 888                                   1
 495  quilm         10 3                                      110 898                                   1
 496  quilm         11 3                                      110 888                                   1
 497  quilm         8 6                                       700000 988888                             1
 498  quilm         15 5                                      11700 88988                               1
 499  quilm         7 3                                       100 888                                   1
 500  quilm         18 5                                      11150 88888                               1
 501  quilm         10 5                                      15000 88888                               1
 502  quilm         16 6                                      117000 889888                             1
 503  quilm         20 6                                      111700 888988                             1
 504  quilm         11 5                                      17000 89888                               1
 505  quilm         17 5                                      11100 88888                               1
 506  quilm         13 4                                      1150 8888                                 1
 507  quilm         24 6                                      111170 888898                             1
 508  quilm         9 3                                       170 898                                   1
 509  quilm         15 5                                      11700 88988                               1
 510  quilm         23 6                                      111150 888888                             1
 511  quilm         15 6                                      115000 888888                             1
 512  quilm         9 3                                       170 898                                   1
 513  quilm         20 5                                      11110 88898                               1
 514  quilm         11 4                                      1100 8988                                 1
 515  quilm         17 6                                      111000 889888                             1
 516  quilm         9 4                                       1500 8888                                 1
 517  quilm         12 3                                      115 888                                   1
 518  quilm         6 3                                       100 988                                   1
 519  quilm         10 3                                      110 898                                   1
 520  quilm         21 6                                      111100 888988                             1
 521  quilm         6 4                                       7000 9888                                 1
 522  quilm         12 4                                      1100 8888                                 1
 523  quilm         15 6                                      115000 888888                             1
 524  quilm         12 5                                      11000 89888                               1
 525  quilm         6 4                                       7000 9888                                 1
 526  quilm         13 5                                      11000 88888                               1
 527  quilm         9 3                                       170 898                                   1
 528  quilm         15 6                                      115000 888888                             1
 529  quilm         10 5                                      15000 88888                               1
 530  quilm         10 3                                      110 898                                   1
 531  quilm         14 5                                      11500 88888                               1
 532  quilm         8 6                                       700000 988888                             1
 533  quilm         11 4                                      1100 8988                                 1
 534  quilm         6 3                                       100 988                                   1
 535  quilm         9 3                                       170 898                                   1
 536  quilm         7 5                                       70000 98888                               1
 537  quilm         11 3                                      110 888                                   1
 538  quilm         12 5                                      11000 89888                               1
 539  quilm         9 3                                       170 898                                   1
 540  quilm         17 5                                      11100 88888                               1
 541  quilm         13 4                                      1150 8888                                 1
 542  quilm         7 3                                       100 888                                   1
 543  quilm         17 5                                      11100 88888                               1
 544  quilm         18 5                                      11150 88888                               1
 545  quilm         12 5                                      11000 89888                               1
 546  quilm         8 5                                       10000 98888                               1
 547  quilm         6 3                                       100 988                                   1
 548  quilm         24 6                                      111170 888898                             1
 549  quilm         11 3                                      110 888                                   1
 550  quilm         21 6                                      111100 888988                             1
 551  quilm         8 5                                       10000 98888                               1
 552  quilm         7 3                                       100 888                                   1
 553  quilm         20 5                                      11110 88898                               1
 554  quilm         20 5                                      11110 88898                               1
 555  quilm         7 3                                       100 888                                   1
 556  quilm         16 5                                      11100 88988                               1
 557  quilm         9 4                                       1500 8888                                 1
 558  quilm         15 4                                      1110 8898                                 1
 559  quilm         23 6                                      111150 888888                             1
 560  quilm         16 5                                      11100 88988                               1
 561  quilm         7 3                                       100 888                                   1
 562  quilm         7 3                                       100 888                                   1
 563  quilm         12 3                                      115 888                                   1
 564  quilm         8 5                                       10000 98888                               1
 565  quilm         10 4                                      1700 8988                                 1
 566  quilm         17 5                                      11100 88888                               1
 567  quilm         8 3                                       150 888                                   1
 568  quilm         14 5                                      11500 88888                               1
 569  quilm         18 5                                      11150 88888                               1
 570  quilm         6 3                                       100 988                                   1
 571  quilm         11 6                                      150000 888888                             1
 572  quilm         10 3                                      110 898                                   1
 573  quilm         15 4                                      1110 8898                                 1
 574  quilm         12 4                                      1100 8888                                 1
 575  quilm         17 5                                      11100 88888                               1
 576  quilm         11 5                                      17000 89888                               1
 577  quilm         11 5                                      17000 89888                               1
 578  quilm         11 4                                      1100 8988                                 1
 579  quilm         11 3                                      110 888                                   1
 580  quilm         8 6                                       700000 988888                             1
 581  quilm         12 3                                      115 888                                   1
 582  quilm         15 6                                      115000 888888                             1
 583  quilm         10 3                                      110 898                                   1
 584  quilm         7 4                                       1000 9888                                 1
 585  quilm         8 3                                       150 888                                   1
 586  quilm         9 5                                       10000 88888                               1
 587  quilm         18 5                                      11150 88888                               1
 588  quilm         12 4                                      1100 8888                                 1
 589  quilm         7 5                                       70000 98888                               1
 590  quilm         19 5                                      11170 88898                               1
 591  quilm         20 5                                      11110 88898                               1
 592  quilm         16 4                                      1110 8888                                 1
 593  quilm         5 3                                       700 988                                   1
 594  quilm         10 5                                      15000 88888                               1
 595  quilm         5 3                                       700 988                                   1
 596  quilm         9 3                                       170 898                                   1
 597  quilm         6 3                                       100 988                                   1
 598  quilm         6 3                                       100 988                                   1
 599  quilm         11 3                                      110 888                                   1
 600  quilm         18 5                                      11150 88888                               1
 601  quilm         11 4                                      1100 8988                                 1
 602  quilm         5 3                                       700 988                                   1
 603  quilm         7 5                                       70000 98888                               1
 604  quilm         11 3                                      110 888                                   1
 605  quilm         11 3                                      110 888                                   1
 606  quilm         9 5                                       10000 88888                               1
 607  quilm         6 3                                       100 988                                   1
 608  quilm         11 3                                      110 888                                   1
 609  quilm         18 5                                      11150 88888                               1
 610  quilm         14 5                                      11500 88888                               1
 611  quilm         17 5                                      11100 88888                               1
 612  quilm         7 3                                       100 888                                   1
 613  quilm         14 4                                      1170 8898                                 1
 614  quilm         15 5                                      11700 88988                               1
 615  quilm         5 3                                       700 988                                   1
 616  quilm         13 4                                      1150 8888                                 1
 617  quilm         6 3                                       100 988                                   1
 618  quilm         7 4                                       1000 9888                                 1
 619  quilm         15 6                                      115000 888888                             1
 620  quilm         13 4                                      1150 8888                                 1
 621  quilm         23 6                                      111150 888888                             1
 622  quilm         13 5                                      11000 88888                               1
 623  quilm         8 3                                       150 888                                   1
 624  quilm         7 3                                       100 888                                   1
 625  quilm         5 3                                       700 988                                   1
 626  quilm         8 6                                       700000 988888                             1
 627  quilm         7 3                                       100 888                                   1
 628  quilm         12 5                                      11000 89888                               1
 629  quilm         9 4                                       1500 8888                                 1
 630  quilm         10 5                                      15000 88888                               1
 631  quilm         10 3                                      110 898                                   1
 632  quilm         6 3                                       100 988                                   1
 633  quilm         5 3                                       700 988                                   1
 634  quilm         12 6                                      170000 898888                             1
 635  quilm         9 5                                       10000 88888                               1
 636  quilm         9 3                                       170 898                                   1
 637  quilm         7 4                                       1000 9888                                 1
 638  quilm         20 6                                      111700 888988                             1
 639  quilm         6 3                                       100 988                                   1
 640  quilm         14 5                                      11500 88888                               1
 641  quilm         11 4                                      1100 8988                                 1
 642  quilm         11 3                                      110 888                                   1
 643  quilm         7 5                                       70000 98888                               1
 644  quilm         10 5                                      15000 88888                               1
 645  quilm         20 5                                      11110 88898                               1
 646  quilm         23 6                                      111150 888888                             1
 647  quilm         24 6                                      111170 888898                             1
 648  quilm         9 5                                       10000 88888                               1
 649  quilm         7 4                                       1000 9888                                 1
 650  quilm         7 4                                       1000 9888                                 1
 651  quilm         9 3                                       170 898                                   1
 652  quilm         13 5                                      11000 88888                               1
 653  quilm         17 5                                      11100 88888                               1
 654  quilm         8 3                                       150 888                                   1
 655  quilm         10 3                                      110 898                                   1
 656  quilm         5 3                                       700 988                                   1
 657  quilm         9 3                                       170 898                                   1
 658  quilm         18 5                                      11150 88888                               1
 659  quilm         16 6                                      117000 889888                             1
 660  quilm         5 3                                       700 988                                   1
 661  quilm         19 5                                      11170 88898                               1
 662  quilm         14 5                                      11500 88888                               1
 663  quilm         6 3                                       100 988                                   1
 664  quilm         8 3                                       150 888                                   1
 665  quilm         7 3                                       100 888                                   1
 666  quilm         9 6                                       100000 988888                             1
 667  quilm         11 4                                      1100 8988                                 1
 668  quilm         7 3                                       100 888                                   1
 669  quilm         13 4                                      1150 8888                                 1
 670  quilm         6 3                                       100 988                                   1
 671  quilm         6 4                                       7000 9888                                 1
 672  quilm         17 6                                      111000 889888                             1
 673  quilm         9 4                                       1500 8888                                 1
 674  quilm         5 3                                       700 988                                   1
 675  quilm         9 5                                       10000 88888                               1
 676  quilm         15 4                                      1110 8898                                 1
 677  quilm         19 5                                      11170 88898                               1
 678  quilm         12 6                                      170000 898888                             1
 679  quilm         11 5                                      17000 89888                               1
 680  quilm         11 3                                      110 888                                   1
 681  quilm         19 5                                      11170 88898                               1
 682  quilm         8 6                                       700000 988888                             1
 683  quilm         6 3                                       100 988                                   1
 684  quilm         20 6                                      111700 888988                             1
 685  quilm         15 6                                      115000 888888                             1
 686  quilm         20 5                                      11110 88898                               1
 687  quilm         10 4                                      1700 8988                                 1
 688  quilm         7 3                                       100 888                                   1
 689  quilm         9 3                                       170 898                                   1
 690  quilm         9 3                                       170 898                                   1
 691  quilm         7 5                                       70000 98888                               1
 692  quilm         9 4                                       1500 8888                                 1
 693  quilm         10 3                                      110 898                                   1
 694  quilm         15 5                                      11700 88988                               1
 695  quilm         15 4                                      1110 8898                                 1
 696  quilm         14 6                                      110000 888888                             1
 697  quilm         11 5                                      17000 89888                               1
 698  quilm         24 6                                      111170 888898                             1
 699  quilm         12 3                                      115 888                                   1
 700  quilm         9 6                                       100000 988888                             1
 701  quilm         6 3                                       100 988                                   1
 702  quilm         12 5                                      11000 89888                               1
 703  quilm         18 5                                      11150 88888                               1
 704  quilm         10 3                                      110 898                                   1
 705  quilm         14 4                                      1170 8898                                 1
 706  quilm         8 3                                       150 888                                   1
 707  quilm         10 5                                      15000 88888                               1
 708  quilm         16 5                                      11100 88988                               1
 709  quilm         13 4                                      1150 8888                                 1
 710  quilm         8 3                                       150 888                                   1
 711  quilm         10 3                                      110 898                                   1
 712  quilm         14 6                                      110000 888888                             1
 713  quilm         17 5                                      11100 88888                               1
 714  quilm         9 3                                       170 898                                   1
 715  quilm         13 5                                      11000 88888                               1
 716  quilm         6 4                                       7000 9888                                 1
 717  quilm         7 5                                       70000 98888                               1
 718  quilm         6 3                                       100 988                                   1
 719  quilm         10 3                                      110 898                                   1
 720  quilm         13 5                                      11000 88888                               1
 721  quilm         10 5                                      15000 88888                               1
 722  quilm         16 4                                      1110 8888                                 1
 723  quilm         12 3                                      115 888                                   1
 724  quilm         7 5                                       70000 98888                               1
 725  quilm         12 3                                      115 888                                   1
 726  quilm         7 3                                       100 888                                   1
 727  quilm         8 4                                       1000 8888                                 1
 728  quilm         19 5                                      11170 88898                               1
 729  quilm         13 6                                      110000 898888                             1
 730  quilm         5 3                                       700 988                                   1
 731  quilm         10 5                                      15000 88888                               1
 732  quilm         11 4                                      1100 8988                                 1
 733  quilm         6 3                                       100 988                                   1
 734  quilm         8 3                                       150 888                                   1
 735  quilm         11 3                                      110 888                                   1
 736  quilm         11 4                                      1100 8988                                 1
 737  quilm         9 4                                       1500 8888                                 1
 738  quilm         12 5                                      11000 89888                               1
 739  quilm         13 4                                      1150 8888                                 1
 740  quilm         11 3                                      110 888                                   1
 741  quilm         7 3                                       100 888                                   1
 742  quilm         15 4                                      1110 8898                                 1
 743  quilm         13 5                                      11000 88888                               1
 744  quilm         9 4                                       1500 8888                                 1
 745  quilm         10 4                                      1700 8988                                 1
 746  quilm         8 4                                       1000 8888                                 1
 747  quilm         9 3                                       170 898                                   1
 748  quilm         7 4                                       1000 9888                                 1
 749  quilm         19 5                                      11170 88898                               1
 750  quilm         19 5                                      11170 88898                               1
 751  quilm         12 6                                      170000 898888                             1
 752  quilm         9 5                                       10000 88888                               1
 753  quilm         18 5                                      11150 88888                               1
 754  quilm         7 4                                       1000 9888                                 1
 755  quilm         9 6                                       100000 988888                             1
 756  quilm         14 4                                      1170 8898                                 1
 757  quilm         8 4                                       1000 8888                                 1
 758  quilm         10 5                                      15000 88888                               1
 759  quilm         12 3                                      115 888                                   1
 760  quilm         19 6                                      111500 888888                             1
 761  quilm         8 4                                       1000 8888                                 1
 762  quilm         12 3                                      115 888                                   1
 763  quilm         6 4                                       7000 9888                                 1
 764  quilm         8 3                                       150 888                                   1
 765  quilm         5 3                                       700 988                                   1
 766  quilm         12 3                                      115 888                                   1
 767  quilm         20 5                                      11110 88898                               1
 768  quilm         13 4                                      1150 8888                                 1
 769  quilm         7 3                                       100 888                                   1
 770  quilm         14 4                                      1170 8898                                 1
 771  quilm         9 6                                       100000 988888                             1
 772  quilm         11 3                                      110 888                                   1
 773  quilm         15 4                                      1110 8898                                 1
 774  quilm         15 5                                      11700 88988                               1
 775  quilm         13 5                                      11000 88888                               1
 776  quilm         15 4                                      1110 8898                                 1
 777  quilm         7 5                                       70000 98888                               1
 778  quilm         13 4                                      1150 8888                                 1
 779  quilm         9 4                                       1500 8888                                 1
 780  quilm         11 3                                      110 888                                   1
 781  quilm         8 5                                       10000 98888                               1
 782  quilm         14 4                                      1170 8898                                 1
 783  quilm         8 5                                       10000 98888                               1
 784  quilm         15 5                                      11700 88988                               1
 785  quilm         18 5                                      11150 88888                               1
 786  quilm         15 4                                      1110 8898                                 1
 787  quilm         18 5                                      11150 88888                               1
 788  quilm         10 3                                      110 898                                   1
 789  quilm         15 4                                      1110 8898                                 1
 790  quilm         11 5                                      17000 89888                               1
 791  quilm         7 4                                       1000 9888                                 1
 792  quilm         16 5                                      11100 88988                               1
 793  quilm         18 5                                      11150 88888                               1
 794  quilm         7 5                                       70000 98888                               1
 795  quilm         22 6                                      111100 888888                             1
 796  quilm         14 5                                      11500 88888                               1
 797  quilm         15 5                                      11700 88988                               1
 798  quilm         11 3                                      110 888                                   1
 799  quilm         20 6                                      111700 888988                             1
 800  quilm         17 5                                      11100 88888                               1
 801  quilm         8 3                                       150 888                                   1
 802  quilm         19 5                                      11170 88898                               1
 803  quilm         16 4                                      1110 8888                                 1
 804  quilm         15 4                                      1110 8898                                 1
 805  quilm         9 3                                       170 898                                   1
 806  quilm         13 5                                      11000 88888                               1
 807  quilm         15 5                                      11700 88988                               1
 808  quilm         12 4                                      1100 8888                                 1
 809  quilm         8 4                                       1000 8888                                 1
 810  quilm         9 3                                       170 898                                   1
 811  quilm         14 4                                      1170 8898                                 1
 812  quilm         16 6                                      117000 889888                             1
 813  quilm         20 5                                      11110 88898                               1
 814  quilm         20 5                                      11110 88898                               1
 815  quilm         9 5                                       10000 88888                               1
 816  quilm         10 4                                      1700 8988                                 1
 817  quilm         9 3                                       170 898                                   1
 818  quilm         7 3                                       100 888                                   1
 819  quilm         14 6                                      110000 888888                             1
 820  quilm         9 3                                       170 898                                   1
 821  quilm         8 3                                       150 888                                   1
 822  quilm         18 5                                      11150 88888                               1
 823  quilm         14 4                                      1170 8898                                 1
 824  quilm         14 4                                      1170 8898                                 1
 825  quilm         10 5                                      15000 88888                               1
 826  quilm         7 5                                       70000 98888                               1
 827  quilm         10 4                                      1700 8988                                 1
 828  quilm         7 5                                       70000 98888                               1
 829  quilm         10 4                                      1700 8988                                 1
 830  quilm         10 3                                      110 898                                   1
 831  quilm         7 4                                       1000 9888                                 1
 832  quilm         6 3                                       100 988                                   1
 833  quilm         15 5                                      11700 88988                               1
 834  quilm         9 4                                       1500 8888                                 1
 835  quilm         9 3                                       170 898                                   1
 836  quilm         11 4                                      1100 8988                                 1
 837  quilm         7 5                                       70000 98888                               1
 838  quilm         12 4                                      1100 8888                                 1
 839  quilm         13 6                                      110000 898888                             1
 840  quilm         12 4                                      1100 8888                                 1
 841  quilm         9 3                                       170 898                                   1
 842  quilm         18 6                                      111000 888888                             1
 843  quilm         8 4                                       1000 8888                                 1
 844  quilm         9 3                                       170 898                                   1
 845  quilm         14 5                                      11500 88888                               1
 846  quilm         15 5                                      11700 88988                               1
 847  quilm         16 4                                      1110 8888                                 1
 848  quilm         14 4                                      1170 8898                                 1
 849  quilm         8 3                                       150 888                                   1
 850  quilm         13 4                                      1150 8888                                 1
 851  quilm         7 3                                       100 888                                   1
 852  quilm         20 6                                      111700 888988                             1
 853  quilm         11 4                                      1100 8988                                 1
 854  quilm         9 4                                       1500 8888                                 1
 855  quilm         15 5                                      11700 88988                               1
 856  quilm         11 3                                      110 888                                   1
 857  quilm         11 4                                      1100 8988                                 1
 858  quilm         20 6                                      111700 888988                             1
 859  quilm         9 3                                       170 898                                   1
 860  quilm         17 6                                      111000 889888                             1
 861  quilm         14 5                                      11500 88888                               1
 862  quilm         6 4                                       7000 9888                                 1
 863  quilm         7 4                                       1000 9888                                 1
 864  quilm         11 5                                      17000 89888                               1
 865  quilm         11 4                                      1100 8988                                 1
 866  quilm         10 5                                      15000 88888                               1
 867  quilm         14 4                                      1170 8898                                 1
 868  quilm         10 5                                      15000 88888                               1
 869  quilm         20 5                                      11110 88898                               1
 870  quilm         11 4                                      1100 8988                                 1
 871  quilm         18 5                                      11150 88888                               1
 872  quilm         12 3                                      115 888                                   1
 873  quilm         5 3                                       700 988                                   1
 874  quilm         16 4                                      1110 8888                                 1
 875  quilm         20 5                                      11110 88898                               1
 876  quilm         15 5                                      11700 88988                               1
 877  quilm         8 5                                       10000 98888                               1
 878  quilm         14 5                                      11500 88888                               1
 879  quilm         7 3                                       100 888                                   1
 880  quilm         7 3                                       100 888                                   1
 881  quilm         9 3                                       170 898                                   1
 882  quilm         10 3                                      110 898                                   1
 883  quilm         11 3                                      110 888                                   1
 884  quilm         5 3                                       700 988                                   1
 885  quilm         16 5                                      11100 88988                               1
 886  quilm         11 3                                      110 888                                   1
 887  quilm         13 4                                      1150 8888                                 1
 888  quilm         23 6                                      111150 888888                             1
 889  quilm         10 3                                      110 898                                   1
 890  quilm         19 6                                      111500 888888                             1
 891  quilm         10 5                                      15000 88888                               1
 892  quilm         11 3                                      110 888                                   1
 893  quilm         6 3                                       100 988                                   1
 894  quilm         8 4                                       1000 8888                                 1
 895  quilm         10 4                                      1700 8988                                 1
 896  quilm         10 5                                      15000 88888                               1
 897  quilm         15 4                                      1110 8898                                 1
 898  quilm         14 6                                      110000 888888                             1
 899  quilm         16 4                                      1110 8888                                 1
 900  quilm         8 5                                       10000 98888                               1
 901  quilm         10 4                                      1700 8988                                 1
 902  quilm         18 5                                      11150 88888                               1
 903  quilm         15 5                                      11700 88988                               1
 904  quilm         6 3                                       100 988                                   1
 905  quilm         9 3                                       170 898                                   1
 906  quilm         9 5                                       10000 88888                               1
 907  quilm         11 3                                      110 888                                   1
 908  quilm         16 5                                      11100 88988                               1
 909  quilm         8 5                                       10000 98888                               1
 910  quilm         7 5                                       70000 98888                               1
 911  quilm         10 6                                      100000 888888                             1
 912  quilm         8 3                                       150 888                                   1
 913  quilm         24 6                                      111170 888898                             1
 914  quilm         11 4                                      1100 8988                                 1
 915  quilm         11 6                                      150000 888888                             1
 916  quilm         21 6                                      111100 888988                             1
 917  quilm         9 5                                       10000 88888                               1
 918  quilm         6 3                                       100 988                                   1
 919  quilm         19 5                                      11170 88898                               1
 920  quilm         12 4                                      1100 8888                                 1
 921  quilm         5 3                                       700 988                                   1
 922  quilm         12 6                                      170000 898888                             1
 923  quilm         11 5                                      17000 89888                               1
 924  quilm         11 3                                      110 888                                   1
 925  quilm         19 5                                      11170 88898                               1
 926  quilm         16 4                                      1110 8888                                 1
 927  quilm         12 4                                      1100 8888                                 1
 928  quilm         16 4                                      1110 8888                                 1
 929  quilm         11 5                                      17000 89888                               1
 930  quilm         24 6                                      111170 888898                             1
 931  quilm         10 3                                      110 898                                   1
 932  quilm         9 5                                       10000 88888                               1
 933  quilm         11 4                                      1100 8988                                 1
 934  quilm         12 4                                      1100 8888                                 1
 935  quilm         12 5                                      11000 89888                               1
 936  quilm         15 5                                      11700 88988                               1
 937  quilm         16 5                                      11100 88988                               1
 938  quilm         9 5                                       10000 88888                               1
 939  quilm         8 4                                       1000 8888                                 1
 940  quilm         6 3                                       100 988                                   1
 941  quilm         14 6                                      110000 888888                             1
 942  quilm         11 5                                      17000 89888                               1
 943  quilm         11 5                                      17000 89888                               1
 944  quilm         12 6                                      170000 898888                             1
 945  quilm         7 4                                       1000 9888                                 1
 946  quilm         9 5                                       10000 88888                               1
 947  quilm         13 4                                      1150 8888                                 1
 948  quilm         12 4                                      1100 8888                                 1
 949  quilm         12 3                                      115 888                                   1
 950  quilm         13 6                                      110000 898888                             1
 951  quilm         5 3                                       700 988                                   1
 952  quilm         6 3                                       100 988                                   1
 953  quilm         11 3                                      110 888                                   1
 954  quilm         19 5                                      11170 88898                               1
 955  quilm         8 3                                       150 888                                   1
 956  quilm         17 5                                      11100 88888                               1
 957  quilm         10 3                                      110 898                                   1
 958  quilm         14 4                                      1170 8898                                 1
 959  quilm         8 3                                       150 888                                   1
 960  quilm         23 6                                      111150 888888                             1
 961  quilm         10 3                                      110 898                                   1
 962  quilm         20 6                                      111700 888988                             1
 963  quilm         15 4                                      1110 8898                                 1
 964  quilm         11 6                                      150000 888888                             1
 965  quilm         8 3                                       150 888                                   1
 966  quilm         7 3                                       100 888                                   1
 967  quilm         14 5                                      11500 88888                               1
 968  quilm         9 3                                       170 898                                   1
 969  quilm         24 6                                      111170 888898                             1
 970  quilm         13 4                                      1150 8888                                 1
 971  quilm         7 5                                       70000 98888                               1
 972  quilm         14 4                                      1170 8898                                 1
 973  quilm         24 6                                      111170 888898                             1
 974  quilm         14 4                                      1170 8898                                 1
 975  quilm         9 3                                       170 898                                   1
 976  quilm         8 6                                       700000 988888                             1
 977  quilm         12 4                                      1100 8888                                 1
 978  quilm         12 5                                      11000 89888                               1
 979  quilm         10 3                                      110 898                                   1
 980  quilm         12 6                                      170000 898888                             1
 981  quilm         10 3                                      110 898                                   1
 982  quilm         7 5                                       70000 98888                               1
 983  quilm         7 3                                       100 888                                   1
 984  quilm         7 3                                       100 888                                   1
 985  quilm         21 6                                      111100 888988                             1
 986  quilm         10 4                                      1700 8988                                 1
 987  quilm         11 3                                      110 888                                   1
 988  quilm         21 6                                      111100 888988                             1
 989  quilm         18 6                                      111000 888888                             1
 990  quilm         14 5                                      11500 88888                               1
 991  quilm         8 3                                       150 888                                   1
 992  quilm         15 5                                      11700 88988                               1
 993  quilm         11 3                                      110 888                                   1
 994  quilm         12 3                                      115 888                                   1
 995  quilm         11 6                                      150000 888888                             1
 996  quilm         8 5                                       10000 98888                               1
 997  quilm         8 3                                       150 888                                   1
 998  quilm         19 6                                      111500 888888                             1
 999  quilm         10 3                                      110 898                                   1
1000  quilm         7 3                                       100 888                                   1
1001  quilm         10 3                                      110 898                                   1
1002  quilm         14 4                                      1170 8898                                 1
1003  quilm         10 4                                      1700 8988                                 1
1004  quilm         9 5                                       10000 88888                               1
1005  quilm         7 4                                       1000 9888                                 1
1006  quilm         10 4                                      1700 8988                                 1
1007  quilm         13 6                                      110000 898888                             1
1008  quilm         15 5                                      11700 88988                               1
1009  quilm         11 5                                      17000 89888                               1
1010  quilm         17 5                                      11100 88888                               1
1011  quilm         19 5                                      11170 88898                               1
1012  quilm         12 4                                      1100 8888                                 1
1013  quilm         15 5                                      11700 88988                               1
1014  quilm         10 3                                      110 898                                   1
1015  quilm         5 3                                       700 988                                   1
1016  quilm         11 5                                      17000 89888                               1
1017  quilm         6 3                                       100 988                                   1
1018  quilm         20 5                                      11110 88898                               1
1019  quilm         15 5                                      11700 88988                               1
1020  quilm         10 4                                      1700 8988                                 1
1021  quilm         13 5                                      11000 88888                               1
1022  quilm         9 3                                       170 898                                   1
1023  quilm         11 6                                      150000 888888                             1
1024  quilm         20 5                                      11110 88898                               1
1025  quilm         8 4                                       1000 8888                                 1
1026  quilm         15 4                                      1110 8898                                 1
1027  quilm         5 3                                       700 988                                   1
1028  quilm         16 5                                      11100 88988                               1
1029  quilm         7 4                                       1000 9888                                 1
1030  quilm         17 6                                      111000 889888                             1
1031  quilm         9 4                                       1500 8888                                 1
1032  quilm         9 3                                       170 898                                   1
1033  quilm         9 3                                       170 898                                   1
1034  quilm         16 4                                      1110 8888                                 1
1035  quilm         16 5                                      11100 88988                               1
1036  quilm         12 3                                      115 888                                   1
1037  quilm         15 4                                      1110 8898                                 1
1038  quilm         9 4                                       1500 8888                                 1
1039  quilm         15 6                                      115000 888888                             1
1040  quilm         11 3                                      110 888                                   1
1041  quilm         6 3                                       100 988                                   1
1042  quilm         8 6                                       700000 988888                             1
1043  quilm         15 5                                      11700 88988                               1
1044  quilm         6 3                                       100 988                                   1
1045  quilm         11 5                                      17000 89888                               1
1046  quilm         5 3                                       700 988                                   1
1047  quilm         14 4                                      1170 8898                                 1
1048  quilm         12 3                                      115 888                                   1
1049  quilm         10 3                                      110 898                                   1
1050  quilm         6 3                                       100 988                                   1
1051  quilm         6 3                                       100 988                                   1
1052  quilm         11 3                                      110 888                                   1
1053  quilm         8 4                                       1000 8888                                 1
1054  quilm         9 3                                       170 898                                   1
1055  quilm         15 4                                      1110 8898                                 1
1056  quilm         8 4                                       1000 8888                                 1
1057  quilm         9 3                                       170 898                                   1
1058  quilm         16 6                                      117000 889888                             1
1059  quilm         11 5                                      17000 89888                               1
1060  quilm         13 4                                      1150 8888                                 1
1061  quilm         16 4                                      1110 8888                                 1
1062  quilm         9 6                                       100000 988888                             1
1063  quilm         12 3                                      115 888                                   1
1064  quilm         5 3                                       700 988                                   1
1065  quilm         8 5                                       10000 98888                               1
1066  quilm         17 5                                      11100 88888                               1
1067  quilm         8 3                                       150 888                                   1
1068  quilm         7 5                                       70000 98888                               1
1069  quilm         8 5                                       10000 98888                               1
1070  quilm         10 6                                      100000 888888                             1
1071  quilm         18 5                                      11150 88888                               1
1072  quilm         11 4                                      1100 8988                                 1
1073  quilm         14 4                                      1170 8898                                 1
1074  quilm         22 6                                      111100 888888                             1
1075  quilm         11 3                                      110 888                                   1
1076  quilm         9 3                                       170 898                                   1
1077  quilm         15 5                                      11700 88988                               1
1078  quilm         16 4                                      1110 8888                                 1
1079  quilm         6 4                                       7000 9888                                 1
1080  quilm         5 3                                       700 988                                   1
1081  quilm         14 4                                      1170 8898                                 1
1082  quilm         12 5                                      11000 89888                               1
1083  quilm         18 5                                      11150 88888                               1
1084  quilm         23 6                                      111150 888888                             1
1085  quilm         7 4                                       1000 9888                                 1
1086  quilm         6 3                                       100 988                                   1
1087  quilm         14 6                                      110000 888888                             1
1088  quilm         19 5                                      11170 88898                               1
1089  quilm         16 6                                      117000 889888                             1
1090  quilm         12 5                                      11000 89888                               1
1091  quilm         12 3                                      115 888                                   1
1092  quilm         7 4                                       1000 9888                                 1
1093  quilm         9 5                                       10000 88888                               1
1094  quilm         15 4                                      1110 8898                                 1
1095  quilm         7 4                                       1000 9888                                 1
1096  quilm         21 6                                      111100 888988                             1
1097  quilm         19 5                                      11170 88898                               1
1098  quilm         15 5                                      11700 88988                               1
1099  quilm         12 6                                      170000 898888                             1
1100  quilm         11 3                                      110 888                                   1
1101  quilm         12 3                                      115 888                                   1
1102  quilm         9 3                                       170 898                                   1
1103  quilm         9 5                                       10000 88888                               1
1104  quilm         9 5                                       10000 88888                               1
1105  quilm         20 5                                      11110 88898                               1
1106  quilm         9 3                                       170 898                                   1
1107  quilm         16 4                                      1110 8888                                 1
1108  quilm         11 4                                      1100 8988                                 1
1109  quilm         8 4                                       1000 8888                                 1
1110  quilm         7 5                                       70000 98888                               1
1111  quilm         10 3                                      110 898                                   1
1112  quilm         10 6                                      100000 888888                             1
1113  quilm         12 3                                      115 888                                   1
1114  quilm         16 4                                      1110 8888                                 1
1115  quilm         6 3                                       100 988                                   1
1116  quilm         11 5                                      17000 89888                               1
1117  quilm         9 3                                       170 898                                   1
1118  quilm         9 5                                       10000 88888                               1
1119  quilm         11 5                                      17000 89888                               1
1120  quilm         8 5                                       10000 98888                               1
1121  quilm         7 3                                       100 888                                   1
1122  quilm         11 3                                      110 888                                   1
1123  quilm         9 3                                       170 898                                   1
1124  quilm         7 3                                       100 888                                   1
1125  quilm         16 5                                      11100 88988                               1
1126  quilm         17 5                                      11100 88888                               1
1127  quilm         15 5                                      11700 88988                               1
1128  quilm         6 4                                       7000 9888                                 1
1129  quilm         20 5                                      11110 88898                               1
1130  quilm         13 5                                      11000 88888                               1
1131  quilm         6 3                                       100 988                                   1
1132  quilm         10 4                                      1700 8988                                 1
1133  quilm         5 3                                       700 988                                   1
1134  quilm         9 4                                       1500 8888                                 1
1135  quilm         11 5                                      17000 89888                               1
1136  quilm         9 3                                       170 898                                   1
1137  quilm         5 3                                       700 988                                   1
1138  quilm         7 3                                       100 888                                   1
1139  quilm         13 4                                      1150 8888                                 1
1140  quilm         10 6                                      100000 888888                             1
1141  quilm         16 5                                      11100 88988                               1
1142  quilm         13 5                                      11000 88888                               1
1143  quilm         10 4                                      1700 8988                                 1
1144  quilm         5 3                                       700 988                                   1
1145  quilm         7 3                                       100 888                                   1
1146  quilm         11 6                                      150000 888888                             1
1147  quilm         7 5                                       70000 98888                               1
1148  quilm         7 3                                       100 888                                   1
1149  quilm         5 3                                       700 988                                   1
1150  quilm         8 4                                       1000 8888                                 1
1151  quilm         11 4                                      1100 8988                                 1
1152  quilm         10 5                                      15000 88888                               1
1153  quilm         9 3                                       170 898                                   1
1154  quilm         9 5                                       10000 88888                               1
1155  quilm         12 4                                      1100 8888                                 1
1156  quilm         10 5                                      15000 88888                               1
1157  quilm         12 6                                      170000 898888                             1
1158  quilm         15 4                                      1110 8898                                 1
1159  quilm         13 6                                      110000 898888                             1
1160  quilm         19 6                                      111500 888888                             1
1161  quilm         12 4                                      1100 8888                                 1
1162  quilm         21 6                                      111100 888988                             1
1163  quilm         13 4                                      1150 8888                                 1
1164  quilm         14 6                                      110000 888888                             1
1165  quilm         9 5                                       10000 88888                               1
1166  quilm         7 3                                       100 888                                   1
1167  quilm         8 3                                       150 888                                   1
1168  quilm         18 5                                      11150 88888                               1
1169  quilm         10 4                                      1700 8988                                 1
1170  quilm         9 5                                       10000 88888                               1
1171  quilm         20 5                                      11110 88898                               1
1172  quilm         19 6                                      111500 888888                             1
1173  quilm         16 5                                      11100 88988                               1
1174  quilm         9 3                                       170 898                                   1
1175  quilm         10 4                                      1700 8988                                 1
1176  quilm         7 3                                       100 888                                   1
1177  quilm         18 5                                      11150 88888                               1
1178  quilm         5 3                                       700 988                                   1
1179  quilm         8 3                                       150 888                                   1
1180  quilm         12 3                                      115 888                                   1
1181  quilm         13 4                                      1150 8888                                 1
1182  quilm         8 3                                       150 888                                   1
1183  quilm         22 6                                      111100 888888                             1
1184  quilm         5 3                                       700 988                                   1
1185  quilm         7 3                                       100 888                                   1
1186  quilm         15 4                                      1110 8898                                 1
1187  quilm         9 5                                       10000 88888                               1
1188  quilm         8 5                                       10000 98888                               1
1189  quilm         15 4                                      1110 8898                                 1
1190  quilm         12 3                                      115 888                                   1
1191  quilm         16 6                                      117000 889888                             1
1192  quilm         10 3                                      110 898                                   1
1193  quilm         6 3                                       100 988                                   1
1194  quilm         7 4                                       1000 9888                                 1
1195  quilm         14 4                                      1170 8898                                 1
1196  quilm         15 6                                      115000 888888                             1
1197  quilm         12 3                                      115 888                                   1
1198  quilm         17 6                                      111000 889888                             1
1199  quilm         15 4                                      1110 8898                                 1
1200  quilm         16 4                                      1110 8888                                 1
1201  quilm         6 3                                       100 988                                   1
1202  quilm         12 4                                      1100 8888                                 1
1203  quilm         9 3                                       170 898                                   1
1204  quilm         7 5                                       70000 98888                               1
1205  quilm         14 4                                      1170 8898                                 1
1206  quilm         8 5                                       10000 98888                               1
1207  quilm         9 4                                       1500 8888                                 1
1208  quilm         6 4                                       7000 9888                                 1
1209  quilm         11 6                                      150000 888888                             1
1210  quilm         10 5                                      15000 88888                               1
1211  quilm         16 6                                      117000 889888                             1
1212  quilm         13 5                                      11000 88888                               1
1213  quilm         14 5                                      11500 88888                               1
1214  quilm         7 5                                       70000 98888                               1
1215  quilm         14 5                                      11500 88888                               1
1216  quilm         8 6                                       700000 988888                             1
1217  quilm         24 6                                      111170 888898                             1
1218  quilm         6 3                                       100 988                                   1
1219  quilm         10 6                                      100000 888888                             1
1220  quilm         6 4                                       7000 9888                                 1
1221  quilm         17 5                                      11100 88888                               1
1222  quilm         21 6                                      111100 888988                             1
1223  quilm         10 3                                      110 898                                   1
1224  quilm         19 5                                      11170 88898                               1
1225  quilm         10 4                                      1700 8988                                 1
1226  quilm         12 3                                      115 888                                   1
1227  quilm         8 4                                       1000 8888                                 1
1228  quilm         8 3                                       150 888                                   1
1229  quilm         9 3                                       170 898                                   1
1230  quilm         14 4                                      1170 8898                                 1
1231  quilm         16 4                                      1110 8888                                 1
1232  quilm         9 5                                       10000 88888                               1
1233  quilm         12 6                                      170000 898888                             1
1234  quilm         11 3                                      110 888                                   1
1235  quilm         9 3                                       170 898                                   1
1236  quilm         13 5                                      11000 88888                               1
1237  quilm         12 5                                      11000 89888                               1
1238  quilm         7 4                                       1000 9888                                 1
1239  quilm         20 5                                      11110 88898                               1
1240  quilm         12 3                                      115 888                                   1
1241  quilm         6 3                                       100 988                                   1
1242  quilm         9 3                                       170 898                                   1
1243  quilm         15 5                                      11700 88988                               1
1244  quilm         11 3                                      110 888                                   1
1245  quilm         9 3                                       170 898                                   1
1246  quilm         12 3                                      115 888                                   1
1247  quilm         15 4                                      1110 8898                                 1
1248  quilm         19 5                                      11170 88898                               1
1249  quilm         7 4                                       1000 9888                                 1
1250  quilm         9 3                                       170 898                                   1
1251  quilm         14 5                                      11500 88888                               1
1252  quilm         11 4                                      1100 8988                                 1
1253  quilm         14 5                                      11500 88888                               1
1254  quilm         6 3                                       100 988                                   1
1255  quilm         21 6                                      111100 888988                             1
1256  quilm         15 4                                      1110 8898                                 1
1257  quilm         19 5                                      11170 88898                               1
1258  quilm         11 4                                      1100 8988                                 1
1259  quilm         11 3                                      110 888                                   1
1260  quilm         12 4                                      1100 8888                                 1
1261  quilm         11 3                                      110 888                                   1
1262  quilm         9 6                                       100000 988888                             1
1263  quilm         8 4                                       1000 8888                                 1
1264  quilm         21 6                                      111100 888988                             1
1265  quilm         9 4                                       1500 8888                                 1
1266  quilm         10 4                                      1700 8988                                 1
1267  quilm         18 5                                      11150 88888                               1
1268  quilm         9 4                                       1500 8888                                 1
1269  quilm         14 4                                      1170 8898                                 1
1270  quilm         6 3                                       100 988                                   1
1271  quilm         17 6                                      111000 889888                             1
1272  quilm         7 3                                       100 888                                   1
1273  quilm         16 5                                      11100 88988                               1
1274  quilm         13 5                                      11000 88888                               1
1275  quilm         8 4                                       1000 8888                                 1
1276  quilm         12 3                                      115 888                                   1
1277  quilm         9 4                                       1500 8888                                 1
1278  quilm         11 5                                      17000 89888                               1
1279  quilm         17 5                                      11100 88888                               1
1280  quilm         11 3                                      110 888                                   1
1281  quilm         13 5                                      11000 88888                               1
1282  quilm         12 3                                      115 888                                   1
1283  quilm         18 5                                      11150 88888                               1
1284  quilm         14 4                                      1170 8898                                 1
1285  quilm         11 4                                      1100 8988                                 1
1286  quilm         8 3                                       150 888                                   1
1287  quilm         8 3                                       150 888                                   1
1288  quilm         10 4                                      1700 8988                                 1
1289  quilm         10 3                                      110 898                                   1
1290  quilm         20 5                                      11110 88898                               1
1291  quilm         19 5                                      11170 88898                               1
1292  quilm         12 5                                      11000 89888                               1
1293  quilm         11 5                                      17000 89888                               1
1294  quilm         16 4                                      1110 8888                                 1
1295  quilm         10 4                                      1700 8988                                 1
1296  quilm         20 5                                      11110 88898                               1
1297  quilm         13 6                                      110000 898888                             1
1298  quilm         12 4                                      1100 8888                                 1
1299  quilm         9 5                                       10000 88888                               1
1300  quilm         9 4                                       1500 8888                                 1
1301  quilm         12 3                                      115 888                                   1
1302  quilm         12 5                                      11000 89888                               1
1303  quilm         15 4                                      1110 8898                                 1
1304  quilm         12 4                                      1100 8888                                 1
1305  quilm         16 4                                      1110 8888                                 1
1306  quilm         20 5                                      11110 88898                               1
1307  quilm         6 3                                       100 988                                   1
1308  quilm         8 3                                       150 888                                   1
1309  quilm         9 3                                       170 898                                   1
1310  quilm         8 5                                       10000 98888                               1
1311  quilm         12 5                                      11000 89888                               1
1312  quilm         6 3                                       100 988                                   1
1313  quilm         12 5                                      11000 89888                               1
1314  quilm         20 5                                      11110 88898                               1
1315  quilm         11 4                                      1100 8988                                 1
1316  quilm         15 4                                      1110 8898                                 1
1317  quilm         13 4                                      1150 8888                                 1
1318  quilm         10 3                                      110 898                                   1
1319  quilm         5 3                                       700 988                                   1
1320  quilm         5 3                                       700 988                                   1
1321  quilm         14 4                                      1170 8898                                 1
1322  quilm         9 3                                       170 898                                   1
1323  quilm         11 4                                      1100 8988                                 1
1324  quilm         14 5                                      11500 88888                               1
1325  quilm         12 4                                      1100 8888                                 1
1326  quilm         8 6                                       700000 988888                             1
1327  quilm         9 3                                       170 898                                   1
1328  quilm         11 3                                      110 888                                   1
1329  quilm         5 3                                       700 988                                   1
1330  quilm         15 6                                      115000 888888                             1
1331  quilm         7 3                                       100 888                                   1
1332  quilm         9 4                                       1500 8888                                 1
1333  quilm         16 4                                      1110 8888                                 1
1334  quilm         10 4                                      1700 8988                                 1
1335  quilm         12 6                                      170000 898888                             1
1336  quilm         9 3                                       170 898                                   1
1337  quilm         10 3                                      110 898                                   1
1338  quilm         15 4                                      1110 8898                                 1
1339  quilm         7 3                                       100 888                                   1
1340  quilm         20 5                                      11110 88898                               1
1341  quilm         12 3                                      115 888                                   1
1342  quilm         11 3                                      110 888                                   1
1343  quilm         9 5                                       10000 88888                               1
1344  quilm         7 5                                       70000 98888                               1
1345  quilm         9 5                                       10000 88888                               1
1346  quilm         19 5                                      11170 88898                               1
1347  quilm         23 6                                      111150 888888                             1
1348  quilm         6 4                                       7000 9888                                 1
1349  quilm         6 3                                       100 988                                   1
1350  quilm         11 5                                      17000 89888                               1
1351  quilm         9 4                                       1500 8888                                 1
1352  quilm         11 4                                      1100 8988                                 1
1353  quilm         13 6                                      110000 898888                             1
1354  quilm         9 3                                       170 898                                   1
1355  quilm         9 3                                       170 898                                   1
1356  quilm         13 4                                      1150 8888                                 1
1357  quilm         13 5                                      11000 88888                               1
1358  quilm         8 5                                       10000 98888                               1
1359  quilm         16 5                                      11100 88988                               1
1360  quilm         13 4                                      1150 8888                                 1
1361  quilm         18 5                                      11150 88888                               1
1362  quilm         20 5                                      11110 88898                               1
1363  quilm         10 3                                      110 898                                   1
1364  quilm         20 5                                      11110 88898                               1
1365  quilm         6 3                                       100 988                                   1
1366  quilm         12 4                                      1100 8888                                 1
1367  quilm         13 5                                      11000 88888                               1
1368  quilm         8 3                                       150 888                                   1
1369  quilm         8 3                                       150 888                                   1
1370  quilm         7 4                                       1000 9888                                 1
1371  quilm         16 5                                      11100 88988                               1
1372  quilm         16 5                                      11100 88988                               1
1373  quilm         10 4                                      1700 8988                                 1
1374  quilm         14 5                                      11500 88888                               1
1375  quilm         10 5                                      15000 88888                               1
1376  quilm         10 3                                      110 898                                   1
1377  quilm         8 4                                       1000 8888                                 1
1378  quilm         14 5                                      11500 88888                               1
1379  quilm         12 3                                      115 888                                   1
1380  quilm         21 6                                      111100 888988                             1
1381  quilm         8 3                                       150 888                                   1
1382  quilm         9 5                                       10000 88888                               1
1383  quilm         18 5                                      11150 88888                               1
1384  quilm         17 6                                      111000 889888                             1
1385  quilm         12 6                                      170000 898888                             1
1386  quilm         9 5                                       10000 88888                               1
1387  quilm         7 3                                       100 888                                   1
1388  quilm         11 5                                      17000 89888                               1
1389  quilm         11 3                                      110 888                                   1
1390  quilm         13 4                                      1150 8888                                 1
1391  quilm         6 3                                       100 988                                   1
1392  quilm         12 3                                      115 888                                   1
1393  quilm         6 3                                       100 988                                   1
1394  quilm         20 5                                      11110 88898                               1
1395  quilm         16 5                                      11100 88988                               1
1396  quilm         15 4                                      1110 8898                                 1
1397  quilm         18 5                                      11150 88888                               1
1398  quilm         9 4                                       1500 8888                                 1
1399  quilm         11 6                                      150000 888888                             1
1400  quilm         16 5                                      11100 88988                               1
1401  quilm         10 3                                      110 898                                   1
1402  quilm         8 3                                       150 888                                   1
1403  quilm         13 4                                      1150 8888                                 1
1404  quilm         14 5                                      11500 88888                               1
1405  quilm         13 5                                      11000 88888                               1
1406  quilm         11 5                                      17000 89888                               1
1407  quilm         7 5                                       70000 98888                               1
1408  quilm         15 6                                      115000 888888                             1
1409  quilm         9 6                                       100000 988888                             1
1410  quilm         6 3                                       100 988                                   1
1411  quilm         6 3                                       100 988                                   1
1412  quilm         8 3                                       150 888                                   1
1413  quilm         12 3                                      115 888                                   1
1414  quilm         7 3                                       100 888                                   1
1415  quilm         20 6                                      111700 888988                             1
1416  quilm         8 3                                       150 888                                   1
1417  quilm         9 3                                       170 898                                   1
1418  quilm         8 4                                       1000 8888                                 1
1419  quilm         12 3                                      115 888                                   1
1420  quilm         16 5                                      11100 88988                               1
1421  quilm         6 3                                       100 988                                   1
1422  quilm         9 6                                       100000 988888                             1
1423  quilm         8 3                                       150 888                                   1
1424  quilm         7 3                                       100 888                                   1
1425  quilm         13 6                                      110000 898888                             1
1426  quilm         10 3                                      110 898                                   1
1427  quilm         11 3                                      110 888                                   1
1428  quilm         18 5                                      11150 88888                               1
1429  quilm         18 5                                      11150 88888                               1
1430  quilm         14 5                                      11500 88888                               1
1431  quilm         15 4                                      1110 8898                                 1
1432  quilm         6 4                                       7000 9888                                 1
1433  quilm         8 6                                       700000 988888                             1
1434  quilm         12 4                                      1100 8888                                 1
1435  quilm         20 5                                      11110 88898                               1
1436  quilm         8 5                                       10000 98888                               1
1437  quilm         8 4                                       1000 8888                                 1
1438  quilm         12 5                                      11000 89888                               1
1439  quilm         7 5                                       70000 98888                               1
1440  quilm         6 4                                       7000 9888                                 1
1441  quilm         6 3                                       100 988                                   1
1442  quilm         8 5                                       10000 98888                               1
1443  quilm         12 4                                      1100 8888                                 1
1444  quilm         16 4                                      1110 8888                                 1
1445  quilm         8 3                                       150 888                                   1
1446  quilm         20 5                                      11110 88898                               1
1447  quilm         9 4                                       1500 8888                                 1
1448  quilm         13 6                                      110000 898888                             1
1449  quilm         18 5                                      11150 88888                               1
1450  quilm         17 5                                      11100 88888                               1
1451  quilm         14 5                                      11500 88888                               1
1452  quilm         13 5                                      11000 88888                               1
1453  quilm         7 4                                       1000 9888                                 1
1454  quilm         6 4                                       7000 9888                                 1
1455  quilm         10 6                                      100000 888888                             1
1456  quilm         9 4                                       1500 8888                                 1
1457  quilm         17 5                                      11100 88888                               1
1458  quilm         7 4                                       1000 9888                                 1
1459  quilm         6 4                                       7000 9888                                 1
1460  quilm         16 4                                      1110 8888                                 1
1461  quilm         10 5                                      15000 88888                               1
1462  quilm         20 6                                      111700 888988                             1
1463  quilm         9 3                                       170 898                                   1
1464  quilm         6 3                                       100 988                                   1
1465  quilm         19 5                                      11170 88898                               1
1466  quilm         9 5                                       10000 88888                               1
1467  quilm         12 3                                      115 888                                   1
1468  quilm         14 4                                      1170 8898                                 1
1469  quilm         6 3                                       100 988                                   1
1470  quilm         15 4                                      1110 8898                                 1
1471  quilm         16 4                                      1110 8888                                 1
1472  quilm         9 3                                       170 898                                   1
1473  quilm         20 6                                      111700 888988                             1
1474  quilm         9 5                                       10000 88888                               1
1475  quilm         15 4                                      1110 8898                                 1
1476  quilm         16 5                                      11100 88988                               1
1477  quilm         12 3                                      115 888                                   1
1478  quilm         6 3                                       100 988                                   1
1479  quilm         19 5                                      11170 88898                               1
1480  quilm         14 4                                      1170 8898                                 1
1481  quilm         5 3                                       700 988                                   1
1482  quilm         8 3                                       150 888                                   1
1483  quilm         9 4                                       1500 8888                                 1
1484  quilm         12 5                                      11000 89888                               1
1485  quilm         15 4                                      1110 8898                                 1
1486  quilm         19 6                                      111500 888888                             1
1487  quilm         10 4                                      1700 8988                                 1
1488  quilm         20 5                                      11110 88898                               1
1489  quilm         9 3                                       170 898                                   1
1490  quilm         16 5                                      11100 88988                               1
1491  quilm         14 6                                      110000 888888                             1
1492  quilm         10 5                                      15000 88888                               1
1493  quilm         15 5                                      11700 88988                               1
1494  quilm         9 4                                       1500 8888                                 1
1495  quilm         16 6                                      117000 889888                             1
1496  quilm         11 6                                      150000 888888                             1
1497  quilm         11 4                                      1100 8988                                 1
1498  quilm         12 4                                      1100 8888                                 1
1499  quilm         21 6                                      111100 888988                             1
1500  quilm         9 4                                       1500 8888                                 1
1501  quilm         12 4                                      1100 8888                                 1
1502  quilm         7 5                                       70000 98888                               1
1503  quilm         9 4                                       1500 8888                                 1
1504  quilm         7 4                                       1000 9888                                 1
1505  quilm         12 4                                      1100 8888                                 1
1506  quilm         11 5                                      17000 89888                               1
1507  quilm         21 6                                      111100 888988                             1
1508  quilm         10 4                                      1700 8988                                 1
1509  quilm         18 6                                      111000 888888                             1
1510  quilm         10 6                                      100000 888888                             1
1511  quilm         12 3                                      115 888                                   1
1512  quilm         8 3                                       150 888                                   1
1513  quilm         8 3                                       150 888                                   1
1514  quilm         9 3                                       170 898                                   1
1515  quilm         7 3                                       100 888                                   1
1516  quilm         20 6                                      111700 888988                             1
1517  quilm         19 5                                      11170 88898                               1
1518  quilm         5 3                                       700 988                                   1
1519  quilm         7 3                                       100 888                                   1
1520  quilm         7 4                                       1000 9888                                 1
1521  quilm         9 3                                       170 898                                   1
1522  quilm         10 3                                      110 898                                   1
1523  quilm         16 4                                      1110 8888                                 1
1524  quilm         20 6                                      111700 888988                             1
1525  quilm         10 5                                      15000 88888                               1
1526  quilm         9 4                                       1500 8888                                 1
1527  quilm         7 4                                       1000 9888                                 1
1528  quilm         11 5                                      17000 89888                               1
1529  quilm         11 3                                      110 888                                   1
1530  quilm         14 4                                      1170 8898                                 1
1531  quilm         18 5                                      11150 88888                               1
1532  quilm         9 3                                       170 898                                   1
1533  quilm         15 5                                      11700 88988                               1
1534  quilm         7 4                                       1000 9888                                 1
1535  quilm         15 6                                      115000 888888                             1
1536  quilm         8 5                                       10000 98888                               1
1537  quilm         11 5                                      17000 89888                               1
1538  quilm         8 4                                       1000 8888                                 1
1539  quilm         14 5                                      11500 88888                               1
1540  quilm         12 4                                      1100 8888                                 1
1541  quilm         7 4                                       1000 9888                                 1
1542  quilm         6 3                                       100 988                                   1
1543  quilm         11 3                                      110 888                                   1
1544  quilm         9 5                                       10000 88888                               1
1545  quilm         12 4                                      1100 8888                                 1
1546  quilm         9 6                                       100000 988888                             1
1547  quilm         9 3                                       170 898                                   1
1548  quilm         19 6                                      111500 888888                             1
1549  quilm         10 4                                      1700 8988                                 1
1550  quilm         5 3                                       700 988                                   1
1551  quilm         7 3                                       100 888                                   1
1552  quilm         10 4                                      1700 8988                                 1
1553  quilm         9 3                                       170 898                                   1
1554  quilm         10 3                                      110 898                                   1
1555  quilm         14 4                                      1170 8898                                 1
1556  quilm         13 5                                      11000 88888                               1
1557  quilm         23 6                                      111150 888888                             1
1558  quilm         14 6                                      110000 888888                             1
1559  quilm         17 6                                      111000 889888                             1
1560  quilm         12 6                                      170000 898888                             1
1561  quilm         8 4                                       1000 8888                                 1
1562  quilm         7 4                                       1000 9888                                 1
1563  quilm         7 3                                       100 888                                   1
1564  quilm         10 4                                      1700 8988                                 1
1565  quilm         10 5                                      15000 88888                               1
1566  quilm         12 5                                      11000 89888                               1
1567  quilm         16 6                                      117000 889888                             1
1568  quilm         15 5                                      11700 88988                               1
1569  quilm         12 4                                      1100 8888                                 1
1570  quilm         7 3                                       100 888                                   1
1571  quilm         23 6                                      111150 888888                             1
1572  quilm         10 5                                      15000 88888                               1
1573  quilm         6 4                                       7000 9888                                 1
1574  quilm         10 6                                      100000 888888                             1
1575  quilm         20 5                                      11110 88898                               1
1576  quilm         11 4                                      1100 8988                                 1
1577  quilm         8 5                                       10000 98888                               1
1578  quilm         10 5                                      15000 88888                               1
1579  quilm         10 3                                      110 898                                   1
1580  quilm         12 3                                      115 888                                   1
1581  quilm         10 5                                      15000 88888                               1
1582  quilm         14 5                                      11500 88888                               1
1583  quilm         11 4                                      1100 8988                                 1
1584  quilm         10 5                                      15000 88888                               1
1585  quilm         8 3                                       150 888                                   1
1586  quilm         8 5                                       10000 98888                               1
1587  quilm         11 4                                      1100 8988                                 1
1588  quilm         8 5                                       10000 98888                               1
1589  quilm         14 4                                      1170 8898                                 1
1590  quilm         15 5                                      11700 88988                               1
1591  quilm         11 6                                      150000 888888                             1
1592  quilm         7 3                                       100 888                                   1
1593  quilm         17 5                                      11100 88888                               1
1594  quilm         10 4                                      1700 8988                                 1
1595  quilm         19 6                                      111500 888888                             1
1596  quilm         6 3                                       100 988                                   1
1597  quilm         17 5                                      11100 88888                               1
1598  quilm         12 4                                      1100 8888                                 1
1599  quilm         9 3                                       170 898                                   1
1600  quilm         10 3                                      110 898                                   1
1601  quilm         7 4                                       1000 9888                                 1
1602  quilm         12 5                                      11000 89888                               1
1603  quilm         7 3                                       100 888                                   1
1604  quilm         8 3                                       150 888                                   1
1605  quilm         12 5                                      11000 89888                               1
1606  quilm         14 5                                      11500 88888                               1
1607  quilm         9 5                                       10000 88888                               1
1608  quilm         5 3                                       700 988                                   1
1609  quilm         18 5                                      11150 88888                               1
1610  quilm         16 4                                      1110 8888                                 1
1611  quilm         17 5                                      11100 88888                               1
1612  quilm         9 3                                       170 898                                   1
1613  quilm         13 5                                      11000 88888                               1
1614  quilm         13 5                                      11000 88888                               1
1615  quilm         18 6                                      111000 888888                             1
1616  quilm         11 5                                      17000 89888                               1
1617  quilm         13 5                                      11000 88888                               1
1618  quilm         9 4                                       1500 8888                                 1
1619  quilm         9 6                                       100000 988888                             1
1620  quilm         8 4                                       1000 8888                                 1
1621  quilm         13 4                                      1150 8888                                 1
1622  quilm         15 5                                      11700 88988                               1
1623  quilm         15 4                                      1110 8898                                 1
1624  quilm         7 3                                       100 888                                   1
1625  quilm         13 6                                      110000 898888                             1
1626  quilm         5 3                                       700 988                                   1
1627  quilm         10 6                                      100000 888888                             1
1628  quilm         7 3                                       100 888                                   1
1629  quilm         8 3                                       150 888                                   1
1630  quilm         8 4                                       1000 8888                                 1
1631  quilm         8 3                                       150 888                                   1
1632  quilm         12 3                                      115 888                                   1
1633  quilm         10 3                                      110 898                                   1
1634  quilm         16 5                                      11100 88988                               1
1635  quilm         6 4                                       7000 9888                                 1
1636  quilm         6 3                                       100 988                                   1
1637  quilm         9 4                                       1500 8888                                 1
1638  quilm         13 5                                      11000 88888                               1
1639  quilm         15 4                                      1110 8898                                 1
1640  quilm         8 3                                       150 888                                   1
1641  quilm         12 3                                      115 888                                   1
1642  quilm         19 6                                      111500 888888                             1
1643  quilm         13 4                                      1150 8888                                 1
1644  quilm         9 5                                       10000 88888                               1
1645  quilm         11 5                                      17000 89888                               1
1646  quilm         11 4                                      1100 8988                                 1
1647  quilm         11 3                                      110 888                                   1
1648  quilm         10 3                                      110 898                                   1
1649  quilm         15 4                                      1110 8898                                 1
1650  quilm         8 6                                       700000 988888                             1
1651  quilm         10 4                                      1700 8988                                 1
1652  quilm         16 4                                      1110 8888                                 1
1653  quilm         16 4                                      1110 8888                                 1
1654  quilm         11 3                                      110 888                                   1
1655  quilm         10 5                                      15000 88888                               1
1656  quilm         7 4                                       1000 9888                                 1
1657  quilm         11 3                                      110 888                                   1
1658  quilm         9 5                                       10000 88888                               1
1659  quilm         6 4                                       7000 9888                                 1
1660  quilm         10 4                                      1700 8988                                 1
1661  quilm         9 3                                       170 898                                   1
1662  quilm         9 3                                       170 898                                   1
1663  quilm         15 4                                      1110 8898                                 1
1664  quilm         10 4                                      1700 8988                                 1
1665  quilm         18 5                                      11150 88888                               1
1666  quilm         11 3                                      110 888                                   1
1667  quilm         11 3                                      110 888                                   1
1668  quilm         19 6                                      111500 888888                             1
1669  quilm         9 3                                       170 898                                   1
1670  quilm         7 3                                       100 888                                   1
1671  quilm         14 5                                      11500 88888                               1
1672  quilm         21 6                                      111100 888988                             1
1673  quilm         14 4                                      1170 8898                                 1
1674  quilm         7 4                                       1000 9888                                 1
1675  quilm         15 4                                      1110 8898                                 1
1676  quilm         18 5                                      11150 88888                               1
1677  quilm         6 4                                       7000 9888                                 1
1678  quilm         10 3                                      110 898                                   1
1679  quilm         12 6                                      170000 898888                             1
1680  quilm         12 5                                      11000 89888                               1
1681  quilm         9 3                                       170 898                                   1
1682  quilm         6 4                                       7000 9888                                 1
1683  quilm         14 5                                      11500 88888                               1
1684  quilm         16 6                                      117000 889888                             1
1685  quilm         13 4                                      1150 8888                                 1
1686  quilm         10 5                                      15000 88888                               1
1687  quilm         12 3                                      115 888                                   1
1688  quilm         8 5                                       10000 98888                               1
1689  quilm         8 5                                       10000 98888                               1
1690  quilm         18 5                                      11150 88888                               1
1691  quilm         12 4                                      1100 8888                                 1
1692  quilm         11 6                                      150000 888888                             1
1693  quilm         6 3                                       100 988                                   1
1694  quilm         21 6                                      111100 888988                             1
1695  quilm         12 4                                      1100 8888                                 1
1696  quilm         15 4                                      1110 8898                                 1
1697  quilm         10 3                                      110 898                                   1
1698  quilm         13 4                                      1150 8888                                 1
1699  quilm         10 3                                      110 898                                   1
1700  quilm         16 5                                      11100 88988                               1
1701  quilm         18 5                                      11150 88888                               1
1702  quilm         14 5                                      11500 88888                               1
1703  quilm         9 4                                       1500 8888                                 1
1704  quilm         11 3                                      110 888                                   1
1705  quilm         15 5                                      11700 88988                               1
1706  quilm         5 3                                       700 988                                   1
1707  quilm         9 4                                       1500 8888                                 1
1708  quilm         10 3                                      110 898                                   1
1709  quilm         6 4                                       7000 9888                                 1
1710  quilm         7 4                                       1000 9888                                 1
1711  quilm         12 3                                      115 888                                   1
1712  quilm         22 6                                      111100 888888                             1
1713  quilm         7 3                                       100 888                                   1
1714  quilm         13 5                                      11000 88888                               1
1715  quilm         8 3                                       150 888                                   1
1716  quilm         10 5                                      15000 88888                               1
1717  quilm         9 4                                       1500 8888                                 1
1718  quilm         20 5                                      11110 88898                               1
1719  quilm         11 3                                      110 888                                   1
1720  quilm         16 4                                      1110 8888                                 1
1721  quilm         11 5                                      17000 89888                               1
1722  quilm         7 4                                       1000 9888                                 1
1723  quilm         12 3                                      115 888                                   1
1724  quilm         11 5                                      17000 89888                               1
1725  quilm         7 3                                       100 888                                   1
1726  quilm         7 3                                       100 888                                   1
1727  quilm         5 3                                       700 988                                   1
1728  quilm         5 3                                       700 988                                   1
1729  quilm         16 5                                      11100 88988                               1
1730  quilm         15 4                                      1110 8898                                 1
1731  quilm         15 5                                      11700 88988                               1
1732  quilm         6 3                                       100 988                                   1
1733  quilm         16 5                                      11100 88988                               1
1734  quilm         5 3                                       700 988                                   1
1735  quilm         13 6                                      110000 898888                             1
1736  quilm         24 6                                      111170 888898                             1
1737  quilm         8 5                                       10000 98888                               1
1738  quilm         9 5                                       10000 88888                               1
1739  quilm         15 5                                      11700 88988                               1
1740  quilm         9 3                                       170 898                                   1
1741  quilm         15 5                                      11700 88988                               1
1742  quilm         8 5                                       10000 98888                               1
1743  quilm         14 4                                      1170 8898                                 1
1744  quilm         12 4                                      1100 8888                                 1
1745  quilm         11 4                                      1100 8988                                 1
1746  quilm         12 3                                      115 888                                   1
1747  quilm         8 6                                       700000 988888                             1
1748  quilm         11 3                                      110 888                                   1
1749  quilm         13 5                                      11000 88888                               1
1750  quilm         16 4                                      1110 8888                                 1
1751  quilm         12 3                                      115 888                                   1
1752  quilm         14 6                                      110000 888888                             1
1753  quilm         15 4                                      1110 8898                                 1
1754  quilm         13 5                                      11000 88888                               1
1755  quilm         12 5                                      11000 89888                               1
1756  quilm         10 6                                      100000 888888                             1
1757  quilm         8 4                                       1000 8888                                 1
1758  quilm         11 3                                      110 888                                   1
1759  quilm         11 3                                      110 888                                   1
1760  quilm         8 3                                       150 888                                   1
1761  quilm         15 4                                      1110 8898                                 1
1762  quilm         12 5                                      11000 89888                               1
1763  quilm         16 4                                      1110 8888                                 1
1764  quilm         8 3                                       150 888                                   1
1765  quilm         14 5                                      11500 88888                               1
1766  quilm         17 5                                      11100 88888                               1
1767  quilm         16 4                                      1110 8888                                 1
1768  quilm         8 5                                       10000 98888                               1
1769  quilm         19 6                                      111500 888888                             1
1770  quilm         11 5                                      17000 89888                               1
1771  quilm         16 4                                      1110 8888                                 1
1772  quilm         11 3                                      110 888                                   1
1773  quilm         20 5                                      11110 88898                               1
1774  quilm         12 3                                      115 888                                   1
1775  quilm         7 3                                       100 888                                   1
1776  quilm         9 6                                       100000 988888                             1
1777  quilm         11 3                                      110 888                                   1
1778  quilm         12 4                                      1100 8888                                 1
1779  quilm         9 3                                       170 898                                   1
1780  quilm         8 4                                       1000 8888                                 1
1781  quilm         13 5                                      11000 88888                               1
1782  quilm         11 3                                      110 888                                   1
1783  quilm         15 4                                      1110 8898                                 1
1784  quilm         8 4                                       1000 8888                                 1
1785  quilm         12 4                                      1100 8888                                 1
1786  quilm         13 4                                      1150 8888                                 1
1787  quilm         12 5                                      11000 89888                               1
1788  quilm         10 3                                      110 898                                   1
1789  quilm         19 6                                      111500 888888                             1
1790  quilm         6 4                                       7000 9888                                 1
1791  quilm         12 6                                      170000 898888                             1
1792  quilm         12 4                                      1100 8888                                 1
1793  quilm         9 5                                       10000 88888                               1
1794  quilm         16 4                                      1110 8888                                 1
1795  quilm         11 5                                      17000 89888                               1
1796  quilm         15 6                                      115000 888888                             1
1797  quilm         5 3                                       700 988                                   1
1798  quilm         5 3                                       700 988                                   1
1799  quilm         11 3                                      110 888                                   1
1800  quilm         8 3                                       150 888                                   1
1801  quilm         7 5                                       70000 98888                               1
1802  quilm         19 5                                      11170 88898                               1
1803  quilm         11 5                                      17000 89888                               1
1804  quilm         6 3                                       100 988                                   1
1805  quilm         11 5                                      17000 89888                               1
1806  quilm         11 3                                      110 888                                   1
1807  quilm         11 4                                      1100 8988                                 1
1808  quilm         9 3                                       170 898                                   1
1809  quilm         11 3                                      110 888                                   1
1810  quilm         11 3                                      110 888                                   1
1811  quilm         5 3                                       700 988                                   1
1812  quilm         21 6                                      111100 888988                             1
1813  quilm         7 3                                       100 888                                   1
1814  quilm         7 3                                       100 888                                   1
1815  quilm         15 4                                      1110 8898                                 1
1816  quilm         16 6                                      117000 889888                             1
1817  quilm         9 3                                       170 898                                   1
1818  quilm         18 5                                      11150 88888                               1
1819  quilm         7 3                                       100 888                                   1
1820  quilm         8 5                                       10000 98888                               1
1821  quilm         6 3                                       100 988                                   1
1822  quilm         10 6                                      100000 888888                             1
1823  quilm         18 5                                      11150 88888                               1
1824  quilm         9 5                                       10000 88888                               1
1825  quilm         5 3                                       700 988                                   1
1826  quilm         5 3                                       700 988                                   1
1827  quilm         14 6                                      110000 888888                             1
1828  quilm         10 5                                      15000 88888                               1
1829  quilm         8 6                                       700000 988888                             1
1830  quilm         12 3                                      115 888                                   1
1831  quilm         11 4                                      1100 8988                                 1
1832  quilm         5 3                                       700 988                                   1
1833  quilm         9 3                                       170 898                                   1
1834  quilm         5 3                                       700 988                                   1
1835  quilm         12 3                                      115 888                                   1
1836  quilm         12 4                                      1100 8888                                 1
1837  quilm         12 3                                      115 888                                   1
1838  quilm         19 5                                      11170 88898                               1
1839  quilm         6 4                                       7000 9888                                 1
1840  quilm         16 5                                      11100 88988                               1
1841  quilm         13 4                                      1150 8888                                 1
1842  quilm         12 3                                      115 888                                   1
1843  quilm         16 4                                      1110 8888                                 1
1844  quilm         8 4                                       1000 8888                                 1
1845  quilm         18 5                                      11150 88888                               1
1846  quilm         12 5                                      11000 89888                               1
1847  quilm         13 4                                      1150 8888                                 1
1848  quilm         9 3                                       170 898                                   1
1849  quilm         5 3                                       700 988                                   1
1850  quilm         10 5                                      15000 88888                               1
1851  quilm         10 6                                      100000 888888                             1
1852  quilm         7 5                                       70000 98888                               1
1853  quilm         9 4                                       1500 8888                                 1
1854  quilm         8 3                                       150 888                                   1
1855  quilm         10 3                                      110 898                                   1
1856  quilm         19 5                                      11170 88898                               1
1857  quilm         16 4                                      1110 8888                                 1
1858  quilm         11 5                                      17000 89888                               1
1859  quilm         20 5                                      11110 88898                               1
1860  quilm         15 4                                      1110 8898                                 1
1861  quilm         17 6                                      111000 889888                             1
1862  quilm         12 3                                      115 888                                   1
1863  quilm         10 3                                      110 898                                   1
1864  quilm         8 3                                       150 888                                   1
1865  quilm         6 3                                       100 988                                   1
1866  quilm         7 5                                       70000 98888                               1
1867  quilm         12 5                                      11000 89888                               1
1868  quilm         9 3                                       170 898                                   1
1869  quilm         14 4                                      1170 8898                                 1
1870  quilm         7 4                                       1000 9888                                 1
1871  quilm         18 5                                      11150 88888                               1
1872  quilm         14 5                                      11500 88888                               1
1873  quilm         13 5                                      11000 88888                               1
1874  quilm         12 3                                      115 888                                   1
1875  quilm         18 6                                      111000 888888                             1
1876  quilm         19 5                                      11170 88898                               1
1877  quilm         16 4                                      1110 8888                                 1
1878  quilm         10 4                                      1700 8988                                 1
1879  quilm         10 4                                      1700 8988                                 1
1880  quilm         5 3                                       700 988                                   1
1881  quilm         19 5                                      11170 88898                               1
1882  quilm         14 4                                      1170 8898                                 1
1883  quilm         8 3                                       150 888                                   1
1884  quilm         20 6                                      111700 888988                             1
1885  quilm         8 3                                       150 888                                   1
1886  quilm         13 5                                      11000 88888                               1
1887  quilm         10 5                                      15000 88888                               1
1888  quilm         10 5                                      15000 88888                               1
1889  quilm         14 4                                      1170 8898                                 1
1890  quilm         22 6                                      111100 888888                             1
1891  quilm         11 4                                      1100 8988                                 1
1892  quilm         8 5                                       10000 98888                               1
1893  quilm         19 5                                      11170 88898                               1
1894  quilm         5 3                                       700 988                                   1
1895  quilm         9 5                                       10000 88888                               1
1896  quilm         10 3                                      110 898                                   1
1897  quilm         10 3                                      110 898                                   1
1898  quilm         20 5                                      11110 88898                               1
1899  quilm         11 4                                      1100 8988                                 1
1900  quilm         18 5                                      11150 88888                               1
1901  quilm         7 3                                       100 888                                   1
1902  quilm         9 4                                       1500 8888                                 1
1903  quilm         15 5                                      11700 88988                               1
1904  quilm         6 4                                       7000 9888                                 1
1905  quilm         6 3                                       100 988                                   1
1906  quilm         11 3                                      110 888                                   1
1907  quilm         16 4                                      1110 8888                                 1
1908  quilm         10 3                                      110 898                                   1
1909  quilm         12 3                                      115 888                                   1
1910  quilm         19 6                                      111500 888888                             1
1911  quilm         8 5                                       10000 98888                               1
1912  quilm         10 3                                      110 898                                   1
1913  quilm         10 3                                      110 898                                   1
1914  quilm         10 3                                      110 898                                   1
1915  quilm         9 3                                       170 898                                   1
1916  quilm         8 3                                       150 888                                   1
1917  quilm         11 3                                      110 888                                   1
1918  quilm         12 3                                      115 888                                   1
1919  quilm         11 4                                      1100 8988                                 1
1920  quilm         10 3                                      110 898                                   1
1921  quilm         6 4                                       7000 9888                                 1
1922  quilm         17 5                                      11100 88888                               1
1923  quilm         9 4                                       1500 8888                                 1
1924  quilm         17 6                                      111000 889888                             1
1925  quilm         14 5                                      11500 88888                               1
1926  quilm         16 6                                      117000 889888                             1
1927  quilm         6 4                                       7000 9888                                 1
1928  quilm         11 3                                      110 888                                   1
1929  quilm         9 3                                       170 898                                   1
1930  quilm         14 5                                      11500 88888                               1
1931  quilm         22 6                                      111100 888888                             1
1932  quilm         8 3                                       150 888                                   1
1933  quilm         9 4                                       1500 8888                                 1
1934  quilm         20 6                                      111700 888988                             1
1935  quilm         7 3                                       100 888                                   1
1936  quilm         14 6                                      110000 888888                             1
1937  quilm         15 4                                      1110 8898                                 1
1938  quilm         7 4                                       1000 9888                                 1
1939  quilm         8 4                                       1000 8888                                 1
1940  quilm         19 6                                      111500 888888                             1
1941  quilm         8 4                                       1000 8888                                 1
1942  quilm         15 5                                      11700 88988                               1
1943  quilm         10 3                                      110 898                                   1
1944  quilm         16 5                                      11100 88988                               1
1945  quilm         14 5                                      11500 88888                               1
1946  quilm         17 5                                      11100 88888                               1
1947  quilm         10 5                                      15000 88888                               1
1948  quilm         10 5                                      15000 88888                               1
1949  quilm         12 3                                      115 888                                   1
1950  quilm         17 5                                      11100 88888                               1
1951  quilm         12 5                                      11000 89888                               1
1952  quilm         7 3                                       100 888                                   1
1953  quilm         14 6                                      110000 888888                             1
1954  quilm         10 6                                      100000 888888                             1
1955  quilm         23 6                                      111150 888888                             1
1956  quilm         11 5                                      17000 89888                               1
1957  quilm         22 6                                      111100 888888                             1
1958  quilm         10 6                                      100000 888888                             1
1959  quilm         15 5                                      11700 88988                               1
1960  quilm         7 4                                       1000 9888                                 1
1961  quilm         16 4                                      1110 8888                                 1
1962  quilm         14 4                                      1170 8898                                 1
1963  quilm         12 4                                      1100 8888                                 1
1964  quilm         11 4                                      1100 8988                                 1
1965  quilm         20 5                                      11110 88898                               1
1966  quilm         22 6                                      111100 888888                             1
1967  quilm         8 5                                       10000 98888                               1
1968  quilm         12 5                                      11000 89888                               1
1969  quilm         7 4                                       1000 9888                                 1
1970  quilm         12 3                                      115 888                                   1
1971  quilm         18 5                                      11150 88888                               1
1972  quilm         16 5                                      11100 88988                               1
1973  quilm         9 5                                       10000 88888                               1
1974  quilm         12 3                                      115 888                                   1
1975  quilm         12 3                                      115 888                                   1
1976  quilm         20 6                                      111700 888988                             1
1977  quilm         13 4                                      1150 8888                                 1
1978  quilm         16 5                                      11100 88988                               1
1979  quilm         13 5                                      11000 88888                               1
1980  quilm         13 4                                      1150 8888                                 1
1981  quilm         21 6                                      111100 888988                             1
1982  quilm         17 5                                      11100 88888                               1
1983  quilm         16 6                                      117000 889888                             1
1984  quilm         21 6                                      111100 888988                             1
1985  quilm         24 6                                      111170 888898                             1
1986  quilm         14 4                                      1170 8898                                 1
1987  quilm         12 3                                      115 888                                   1
1988  quilm         10 3                                      110 898                                   1
1989  quilm         8 3                                       150 888                                   1
1990  quilm         14 4                                      1170 8898                                 1
1991  quilm         13 4                                      1150 8888                                 1
1992  quilm         10 6                                      100000 888888                             1
1993  quilm         8 5                                       10000 98888                               1
1994  quilm         16 4                                      1110 8888                                 1
1995  quilm         6 3                                       100 988                                   1
1996  quilm         12 3                                      115 888                                   1
1997  quilm         13 4                                      1150 8888                                 1
1998  quilm         7 3                                       100 888                                   1
1999  quilm         8 4                                       1000 8888                                 1
2000  quilm         18 5                                      11150 88888                               1
2001  quilm         8 5                                       10000 98888                               1
2002  quilm         9 4                                       1500 8888                                 1
2003  quilm         16 4                                      1110 8888                                 1
2004  quilm         15 4                                      1110 8898                                 1
2005  quilm         10 5                                      15000 88888                               1
2006  quilm         10 5                                      15000 88888                               1
2007  quilm         12 3                                      115 888                                   1
2008  quilm         12 6                                      170000 898888                             1
2009  quilm         12 3                                      115 888                                   1
2010  quilm         10 3                                      110 898                                   1
2011  quilm         6 3                                       100 988                                   1
2012  quilm         10 4                                      1700 8988                                 1
2013  quilm         19 6                                      111500 888888                             1
2014  quilm         10 5                                      15000 88888                               1
2015  quilm         8 5                                       10000 98888                               1
2016  quilm         6 3                                       100 988                                   1
2017  quilm         6 4                                       7000 9888                                 1
2018  quilm         9 6                                       100000 988888                             1
2019  quilm         10 4                                      1700 8988                                 1
2020  quilm         9 3                                       170 898                                   1
2021  quilm         10 4                                      1700 8988                                 1
2022  quilm         6 3                                       100 988                                   1
2023  quilm         12 4                                      1100 8888                                 1
2024  quilm         6 3                                       100 988                                   1
2025  quilm         14 5                                      11500 88888                               1
2026  quilm         20 6                                      111700 888988                             1
2027  quilm         12 4                                      1100 8888                                 1
2028  quilm         11 3                                      110 888                                   1
2029  quilm         9 4                                       1500 8888                                 1
2030  quilm         8 3                                       150 888                                   1
2031  quilm         8 3                                       150 888                                   1
2032  quilm         7 3                                       100 888                                   1
2033  quilm         8 3                                       150 888                                   1
2034  quilm         10 4                                      1700 8988                                 1
2035  quilm         9 4                                       1500 8888                                 1
2036  quilm         7 3                                       100 888                                   1
2037  quilm         10 3                                      110 898                                   1
2038  quilm         13 4                                      1150 8888                                 1
2039  quilm         9 5                                       10000 88888                               1
2040  quilm         7 4                                       1000 9888                                 1
2041  quilm         16 4                                      1110 8888                                 1
2042  quilm         20 5                                      11110 88898                               1
2043  quilm         9 3                                       170 898                                   1
2044  quilm         10 3                                      110 898                                   1
2045  quilm         23 6                                      111150 888888                             1
2046  quilm         12 3                                      115 888                                   1
2047  quilm         13 6                                      110000 898888                             1
2048  quilm         13 4                                      1150 8888                                 1
2049  quilm         16 5                                      11100 88988                               1
2050  quilm         20 6                                      111700 888988                             1
2051  quilm         17 5                                      11100 88888                               1
2052  quilm         10 4                                      1700 8988                                 1
2053  quilm         11 4                                      1100 8988                                 1
2054  quilm         16 4                                      1110 8888                                 1
2055  quilm         9 5                                       10000 88888                               1
2056  quilm         5 3                                       700 988                                   1
2057  quilm         8 3                                       150 888                                   1
2058  quilm         7 3                                       100 888                                   1
2059  quilm         7 5                                       70000 98888                               1
2060  quilm         10 3                                      110 898                                   1
2061  quilm         10 4                                      1700 8988                                 1
2062  quilm         15 4                                      1110 8898                                 1
2063  quilm         7 4                                       1000 9888                                 1
2064  quilm         20 5                                      11110 88898                               1
2065  quilm         16 5                                      11100 88988                               1
2066  quilm         13 4                                      1150 8888                                 1
2067  quilm         11 4                                      1100 8988                                 1
2068  quilm         20 5                                      11110 88898                               1
2069  quilm         10 4                                      1700 8988                                 1
2070  quilm         9 3                                       170 898                                   1
2071  quilm         14 4                                      1170 8898                                 1
2072  quilm         10 3                                      110 898                                   1
2073  quilm         8 5                                       10000 98888                               1
2074  quilm         8 4                                       1000 8888                                 1
2075  quilm         8 6                                       700000 988888                             1
2076  quilm         11 3                                      110 888                                   1
2077  quilm         12 4                                      1100 8888                                 1
2078  quilm         11 4                                      1100 8988                                 1
2079  quilm         7 5                                       70000 98888                               1
2080  quilm         14 5                                      11500 88888                               1
2081  quilm         5 3                                       700 988                                   1
2082  quilm         8 5                                       10000 98888                               1
2083  quilm         11 4                                      1100 8988                                 1
2084  quilm         16 4                                      1110 8888                                 1
2085  quilm         7 5                                       70000 98888                               1
2086  quilm         6 4                                       7000 9888                                 1
2087  quilm         19 5                                      11170 88898                               1
2088  quilm         17 6                                      111000 889888                             1
2089  quilm         16 5                                      11100 88988                               1
2090  quilm         11 3                                      110 888                                   1
2091  quilm         8 3                                       150 888                                   1
2092  quilm         15 5                                      11700 88988                               1
2093  quilm         13 4                                      1150 8888                                 1
2094  quilm         7 3                                       100 888                                   1
2095  quilm         8 3                                       150 888                                   1
2096  quilm         5 3                                       700 988                                   1
2097  quilm         10 3                                      110 898                                   1
2098  quilm         14 4                                      1170 8898                                 1
2099  quilm         6 3                                       100 988                                   1
2100  quilm         12 6                                      170000 898888                             1
2101  quilm         16 6                                      117000 889888                             1
2102  quilm         15 5                                      11700 88988                               1
2103  quilm         10 5                                      15000 88888                               1
2104  quilm         12 5                                      11000 89888                               1
2105  quilm         12 5                                      11000 89888                               1
2106  quilm         7 4                                       1000 9888                                 1
2107  quilm         14 4                                      1170 8898                                 1
2108  quilm         10 5                                      15000 88888                               1
2109  quilm         6 3                                       100 988                                   1
2110  quilm         11 3                                      110 888                                   1
2111  quilm         9 6                                       100000 988888                             1
2112  quilm         7 4                                       1000 9888                                 1
2113  quilm         8 4                                       1000 8888                                 1
2114  quilm         9 5                                       10000 88888                               1
2115  quilm         5 3                                       700 988                                   1
2116  quilm         12 3                                      115 888                                   1
2117  quilm         11 3                                      110 888                                   1
2118  quilm         9 5                                       10000 88888                               1
2119  quilm         14 4                                      1170 8898                                 1
2120  quilm         19 5                                      11170 88898                               1
2121  quilm         10 3                                      110 898                                   1
2122  quilm         17 5                                      11100 88888                               1
2123  quilm         12 4                                      1100 8888                                 1
2124  quilm         9 4                                       1500 8888                                 1
2125  quilm         7 3                                       100 888                                   1
2126  quilm         5 3                                       700 988                                   1
2127  quilm         12 4                                      1100 8888                                 1
2128  quilm         19 6                                      111500 888888                             1
2129  quilm         20 5                                      11110 88898                               1
2130  quilm         9 5                                       10000 88888                               1
2131  quilm         12 4                                      1100 8888                                 1
2132  quilm         7 3                                       100 888                                   1
2133  quilm         12 4                                      1100 8888                                 1
2134  quilm         13 4                                      1150 8888                                 1
2135  quilm         11 3                                      110 888                                   1
2136  quilm         8 3                                       150 888                                   1
2137  quilm         7 3                                       100 888                                   1
2138  quilm         5 3                                       700 988                                   1
2139  quilm         7 3                                       100 888                                   1
2140  quilm         20 5                                      11110 88898                               1
2141  quilm         9 6                                       100000 988888                             1
2142  quilm         6 4                                       7000 9888                                 1
2143  quilm         11 4                                      1100 8988                                 1
2144  quilm         6 3                                       100 988                                   1
2145  quilm         7 5                                       70000 98888                               1
2146  quilm         8 3                                       150 888                                   1
2147  quilm         18 6                                      111000 888888                             1
2148  quilm         11 4                                      1100 8988                                 1
2149  quilm         11 3                                      110 888                                   1
2150  quilm         7 3                                       100 888                                   1
2151  quilm         10 3                                      110 898                                   1
2152  quilm         14 5                                      11500 88888                               1
2153  quilm         7 4                                       1000 9888                                 1
2154  quilm         14 4                                      1170 8898                                 1
2155  quilm         8 3                                       150 888                                   1
2156  quilm         8 4                                       1000 8888                                 1
2157  quilm         8 3                                       150 888                                   1
2158  quilm         21 6                                      111100 888988                             1
2159  quilm         9 4                                       1500 8888                                 1
2160  quilm         15 4                                      1110 8898                                 1
2161  quilm         8 3                                       150 888                                   1
2162  quilm         8 5                                       10000 98888                               1
2163  quilm         19 5                                      11170 88898                               1
2164  quilm         19 6                                      111500 888888                             1
2165  quilm         9 3                                       170 898                                   1
2166  quilm         12 4                                      1100 8888                                 1
2167  quilm         9 3                                       170 898                                   1
2168  quilm         9 3                                       170 898                                   1
2169  quilm         14 5                                      11500 88888                               1
2170  quilm         13 4                                      1150 8888                                 1
2171  quilm         8 4                                       1000 8888                                 1
2172  quilm         6 3                                       100 988                                   1
2173  quilm         17 5                                      11100 88888                               1
2174  quilm         15 4                                      1110 8898                                 1
2175  quilm         5 3                                       700 988                                   1
2176  quilm         5 3                                       700 988                                   1
2177  quilm         9 4                                       1500 8888                                 1
2178  quilm         8 5                                       10000 98888                               1
2179  quilm         11 3                                      110 888                                   1
2180  quilm         8 3                                       150 888                                   1
2181  quilm         11 4                                      1100 8988                                 1
2182  quilm         9 4                                       1500 8888                                 1
2183  quilm         14 4                                      1170 8898                                 1
2184  quilm         12 6                                      170000 898888                             1
2185  quilm         7 4                                       1000 9888                                 1
2186  quilm         8 4                                       1000 8888                                 1
2187  quilm         17 6                                      111000 889888                             1
2188  quilm         10 4                                      1700 8988                                 1
2189  quilm         13 4                                      1150 8888                                 1
2190  quilm         11 5                                      17000 89888                               1
2191  quilm         5 3                                       700 988                                   1
2192  quilm         12 3                                      115 888                                   1
2193  quilm         11 5                                      17000 89888                               1
2194  quilm         15 5                                      11700 88988                               1
2195  quilm         16 4                                      1110 8888                                 1
2196  quilm         10 3                                      110 898                                   1
2197  quilm         15 5                                      11700 88988                               1
2198  quilm         14 4                                      1170 8898                                 1
2199  quilm         6 4                                       7000 9888                                 1
2200  quilm         9 3                                       170 898                                   1
2201  quilm         11 6                                      150000 888888                             1
2202  quilm         8 3                                       150 888                                   1
2203  quilm         8 3                                       150 888                                   1
2204  quilm         7 3                                       100 888                                   1
2205  quilm         5 3                                       700 988                                   1
2206  quilm         9 5                                       10000 88888                               1
2207  quilm         5 3                                       700 988                                   1
2208  quilm         14 4                                      1170 8898                                 1
2209  quilm         12 6                                      170000 898888                             1
2210  quilm         12 6                                      170000 898888                             1
2211  quilm         13 5                                      11000 88888                               1
2212  quilm         10 3                                      110 898                                   1
2213  quilm         7 3                                       100 888                                   1
2214  quilm         9 4                                       1500 8888                                 1
2215  quilm         11 3                                      110 888                                   1
2216  quilm         7 3                                       100 888                                   1
2217  quilm         12 4                                      1100 8888                                 1
2218  quilm         10 5                                      15000 88888                               1
2219  quilm         11 4                                      1100 8988                                 1
2220  quilm         5 3                                       700 988                                   1
2221  quilm         8 4                                       1000 8888                                 1
2222  quilm         12 4                                      1100 8888                                 1
2223  quilm         10 5                                      15000 88888                               1
2224  quilm         14 4                                      1170 8898                                 1
2225  quilm         23 6                                      111150 888888                             1
2226  quilm         8 4                                       1000 8888                                 1
2227  quilm         13 5                                      11000 88888                               1
2228  quilm         7 3                                       100 888                                   1
2229  quilm         19 6                                      111500 888888                             1
2230  quilm         12 3                                      115 888                                   1
2231  quilm         7 3                                       100 888                                   1
2232  quilm         12 3                                      115 888                                   1
2233  quilm         11 3                                      110 888                                   1
2234  quilm         15 5                                      11700 88988                               1
2235  quilm         13 5                                      11000 88888                               1
2236  quilm         18 5                                      11150 88888                               1
2237  quilm         18 6                                      111000 888888                             1
2238  quilm         10 4                                      1700 8988                                 1
2239  quilm         16 6                                      117000 889888                             1
2240  quilm         6 4                                       7000 9888                                 1
2241  quilm         5 3                                       700 988                                   1
2242  quilm         7 4                                       1000 9888                                 1
2243  quilm         9 5                                       10000 88888                               1
2244  quilm         16 5                                      11100 88988                               1
2245  quilm         14 6                                      110000 888888                             1
2246  quilm         10 4                                      1700 8988                                 1
2247  quilm         20 5                                      11110 88898                               1
2248  quilm         14 4                                      1170 8898                                 1
2249  quilm         11 3                                      110 888                                   1
2250  quilm         11 3                                      110 888                                   1
2251  quilm         7 5                                       70000 98888                               1
2252  quilm         15 5                                      11700 88988                               1
2253  quilm         12 4                                      1100 8888                                 1
2254  quilm         14 5                                      11500 88888                               1
2255  quilm         10 5                                      15000 88888                               1
2256  quilm         17 6                                      111000 889888                             1
2257  quilm         9 3                                       170 898                                   1
2258  quilm         9 4                                       1500 8888                                 1
2259  quilm         16 5                                      11100 88988                               1
2260  quilm         7 5                                       70000 98888                               1
2261  quilm         14 4                                      1170 8898                                 1
2262  quilm         10 5                                      15000 88888                               1
2263  quilm         8 3                                       150 888                                   1
2264  quilm         7 4                                       1000 9888                                 1
2265  quilm         16 5                                      11100 88988                               1
2266  quilm         6 4                                       7000 9888                                 1
2267  quilm         8 4                                       1000 8888                                 1
2268  quilm         6 3                                       100 988                                   1
2269  quilm         17 5                                      11100 88888                               1
2270  quilm         16 5                                      11100 88988                               1
2271  quilm         19 5                                      11170 88898                               1
2272  quilm         15 5                                      11700 88988                               1
2273  quilm         7 3                                       100 888                                   1
2274  quilm         7 4                                       1000 9888                                 1
2275  quilm         9 3                                       170 898                                   1
2276  quilm         9 3                                       170 898                                   1
2277  quilm         10 4                                      1700 8988                                 1
2278  quilm         18 6                                      111000 888888                             1
2279  quilm         13 4                                      1150 8888                                 1
2280  quilm         5 3                                       700 988                                   1
2281  quilm         8 3                                       150 888                                   1
2282  quilm         10 3                                      110 898                                   1
2283  quilm         15 4                                      1110 8898                                 1
2284  quilm         14 5                                      11500 88888                               1
2285  quilm         16 4                                      1110 8888                                 1
2286  quilm         16 5                                      11100 88988                               1
2287  quilm         13 4                                      1150 8888                                 1
2288  quilm         5 3                                       700 988                                   1
2289  quilm         18 6                                      111000 888888                             1
2290  quilm         10 3                                      110 898                                   1
2291  quilm         11 3                                      110 888                                   1
2292  quilm         16 4                                      1110 8888                                 1
2293  quilm         11 4                                      1100 8988                                 1
2294  quilm         9 3                                       170 898                                   1
2295  quilm         13 4                                      1150 8888                                 1
2296  quilm         10 5                                      15000 88888                               1
2297  quilm         11 4                                      1100 8988                                 1
2298  quilm         15 4                                      1110 8898                                 1
2299  quilm         11 4                                      1100 8988                                 1
2300  quilm         23 6                                      111150 888888                             1
2301  quilm         10 3                                      110 898                                   1
2302  quilm         13 5                                      11000 88888                               1
2303  quilm         7 5                                       70000 98888                               1
2304  quilm         10 3                                      110 898                                   1
2305  quilm         6 4                                       7000 9888                                 1
2306  quilm         16 5                                      11100 88988                               1
2307  quilm         12 3                                      115 888                                   1
2308  quilm         11 5                                      17000 89888                               1
2309  quilm         12 6                                      170000 898888                             1
2310  quilm         6 3                                       100 988                                   1
2311  quilm         15 5                                      11700 88988                               1
2312  quilm         20 5                                      11110 88898                               1
2313  quilm         13 6                                      110000 898888                             1
2314  quilm         7 3                                       100 888                                   1
2315  quilm         11 3                                      110 888                                   1
2316  quilm         13 4                                      1150 8888                                 1
2317  quilm         11 4                                      1100 8988                                 1
2318  quilm         12 3                                      115 888                                   1
2319  quilm         11 4                                      1100 8988                                 1
2320  quilm         14 4                                      1170 8898                                 1
2321  quilm         6 3                                       100 988                                   1
2322  quilm         12 4                                      1100 8888                                 1
2323  quilm         6 3                                       100 988                                   1
2324  quilm         24 6                                      111170 888898                             1
2325  quilm         6 3                                       100 988                                   1
2326  quilm         16 5                                      11100 88988                               1
2327  quilm         17 5                                      11100 88888                               1
2328  quilm         14 4                                      1170 8898                                 1
2329  quilm         15 5                                      11700 88988                               1
2330  quilm         12 6                                      170000 898888                             1
2331  quilm         9 3                                       170 898                                   1
2332  quilm         10 4                                      1700 8988                                 1
2333  quilm         5 3                                       700 988                                   1
2334  quilm         18 5                                      11150 88888                               1
2335  quilm         9 4                                       1500 8888                                 1
2336  quilm         9 3                                       170 898                                   1
2337  quilm         11 3                                      110 888                                   1
2338  quilm         14 6                                      110000 888888                             1
2339  quilm         16 5                                      11100 88988                               1
2340  quilm         9 3                                       170 898                                   1
2341  quilm         10 3                                      110 898                                   1
2342  quilm         7 3                                       100 888                                   1
2343  quilm         24 6                                      111170 888898                             1
2344  quilm         11 3                                      110 888                                   1
2345  quilm         11 3                                      110 888                                   1
2346  quilm         10 3                                      110 898                                   1
2347  quilm         11 3                                      110 888                                   1
2348  quilm         14 5                                      11500 88888                               1
2349  quilm         9 3                                       170 898                                   1
2350  quilm         7 3                                       100 888                                   1
2351  quilm         11 3                                      110 888                                   1
2352  quilm         14 4                                      1170 8898                                 1
2353  quilm         6 3                                       100 988                                   1
2354  quilm         5 3                                       700 988                                   1
2355  quilm         18 6                                      111000 888888                             1
2356  quilm         24 6                                      111170 888898                             1
2357  quilm         7 4                                       1000 9888                                 1
2358  quilm         5 3                                       700 988                                   1
2359  quilm         11 4                                      1100 8988                                 1
2360  quilm         10 3                                      110 898                                   1
2361  quilm         18 5                                      11150 88888                               1
2362  quilm         12 4                                      1100 8888                                 1
2363  quilm         15 5                                      11700 88988                               1
2364  quilm         6 4                                       7000 9888                                 1
2365  quilm         6 4                                       7000 9888                                 1
2366  quilm         15 4                                      1110 8898                                 1
2367  quilm         17 5                                      11100 88888                               1
2368  quilm         13 5                                      11000 88888                               1
2369  quilm         6 4                                       7000 9888                                 1
2370  quilm         6 3                                       100 988                                   1
2371  quilm         16 6                                      117000 889888                             1
2372  quilm         20 6                                      111700 888988                             1
2373  quilm         7 3                                       100 888                                   1
2374  quilm         13 6                                      110000 898888                             1
2375  quilm         6 3                                       100 988                                   1
2376  quilm         10 5                                      15000 88888                               1
2377  quilm         12 6                                      170000 898888                             1
2378  quilm         5 3                                       700 988                                   1
2379  quilm         15 5                                      11700 88988                               1
2380  quilm         11 3                                      110 888                                   1
2381  quilm         9 5                                       10000 88888                               1
2382  quilm         8 4                                       1000 8888                                 1
2383  quilm         13 6                                      110000 898888                             1
2384  quilm         15 5                                      11700 88988                               1
2385  quilm         6 4                                       7000 9888                                 1
2386  quilm         8 3                                       150 888                                   1
2387  quilm         16 4                                      1110 8888                                 1
2388  quilm         10 4                                      1700 8988                                 1
2389  quilm         12 4                                      1100 8888                                 1
2390  quilm         6 4                                       7000 9888                                 1
2391  quilm         7 3                                       100 888                                   1
2392  quilm         16 5                                      11100 88988                               1
2393  quilm         7 3                                       100 888                                   1
2394  quilm         5 3                                       700 988                                   1
2395  quilm         9 4                                       1500 8888                                 1
2396  quilm         8 3                                       150 888                                   1
2397  quilm         10 4                                      1700 8988                                 1
2398  quilm         10 3                                      110 898                                   1
2399  quilm         21 6                                      111100 888988                             1
2400  quilm         14 4                                      1170 8898                                 1
2401  quilm         11 3                                      110 888                                   1
2402  quilm         13 5                                      11000 88888                               1
2403  quilm         6 4                                       7000 9888                                 1
2404  quilm         5 3                                       700 988                                   1
2405  quilm         9 3                                       170 898                                   1
2406  quilm         11 4                                      1100 8988                                 1
2407  quilm         14 5                                      11500 88888                               1
2408  quilm         12 3                                      115 888                                   1
2409  quilm         15 4                                      1110 8898                                 1
2410  quilm         10 3                                      110 898                                   1
2411  quilm         16 6                                      117000 889888                             1
2412  quilm         14 4                                      1170 8898                                 1
2413  quilm         11 3                                      110 888                                   1
2414  quilm         13 4                                      1150 8888                                 1
2415  quilm         19 6                                      111500 888888                             1
2416  quilm         16 4                                      1110 8888                                 1
2417  quilm         5 3                                       700 988                                   1
2418  quilm         7 5                                       70000 98888                               1
2419  quilm         15 5                                      11700 88988                               1
2420  quilm         11 3                                      110 888                                   1
2421  quilm         22 6                                      111100 888888                             1
2422  quilm         12 3                                      115 888                                   1
2423  quilm         10 5                                      15000 88888                               1
2424  quilm         15 6                                      115000 888888                             1
2425  quilm         22 6                                      111100 888888                             1
2426  quilm         12 6                                      170000 898888                             1
2427  quilm         10 4                                      1700 8988                                 1
2428  quilm         11 6                                      150000 888888                             1
2429  quilm         20 5                                      11110 88898                               1
2430  quilm         7 5                                       70000 98888                               1
2431  quilm         10 3                                      110 898                                   1
2432  quilm         9 6                                       100000 988888                             1
2433  quilm         16 4                                      1110 8888                                 1
2434  quilm         12 4                                      1100 8888                                 1
2435  quilm         10 3                                      110 898                                   1
2436  quilm         20 6                                      111700 888988                             1
2437  quilm         18 5                                      11150 88888                               1
2438  quilm         14 5                                      11500 88888                               1
2439  quilm         10 3                                      110 898                                   1
2440  quilm         15 6                                      115000 888888                             1
2441  quilm         15 4                                      1110 8898                                 1
2442  quilm         11 3                                      110 888                                   1
2443  quilm         16 4                                      1110 8888                                 1
2444  quilm         10 3                                      110 898                                   1
2445  quilm         8 3                                       150 888                                   1
2446  quilm         19 5                                      11170 88898                               1
2447  quilm         11 5                                      17000 89888                               1
2448  quilm         15 4                                      1110 8898                                 1
2449  quilm         13 4                                      1150 8888                                 1
2450  quilm         8 4                                       1000 8888                                 1
2451  quilm         6 3                                       100 988                                   1
2452  quilm         12 4                                      1100 8888                                 1
2453  quilm         22 6                                      111100 888888                             1
2454  quilm         12 3                                      115 888                                   1
2455  quilm         10 3                                      110 898                                   1
2456  quilm         5 3                                       700 988                                   1
2457  quilm         16 4                                      1110 8888                                 1
2458  quilm         10 3                                      110 898                                   1
2459  quilm         10 5                                      15000 88888                               1
2460  quilm         14 4                                      1170 8898                                 1
2461  quilm         13 5                                      11000 88888                               1
2462  quilm         8 4                                       1000 8888                                 1
2463  quilm         19 5                                      11170 88898                               1
2464  quilm         8 3                                       150 888                                   1
2465  quilm         15 4                                      1110 8898                                 1
2466  quilm         21 6                                      111100 888988                             1
2467  quilm         20 6                                      111700 888988                             1
2468  quilm         11 5                                      17000 89888                               1
2469  quilm         23 6                                      111150 888888                             1
2470  quilm         7 4                                       1000 9888                                 1
2471  quilm         8 5                                       10000 98888                               1
2472  quilm         12 4                                      1100 8888                                 1
2473  quilm         13 4                                      1150 8888                                 1
2474  quilm         21 6                                      111100 888988                             1
2475  quilm         10 4                                      1700 8988                                 1
2476  quilm         14 4                                      1170 8898                                 1
2477  quilm         8 3                                       150 888                                   1
2478  quilm         15 5                                      11700 88988                               1
2479  quilm         15 4                                      1110 8898                                 1
2480  quilm         14 5                                      11500 88888                               1
2481  quilm         11 6                                      150000 888888                             1
2482  quilm         15 4                                      1110 8898                                 1
2483  quilm         8 3                                       150 888                                   1
2484  quilm         11 6                                      150000 888888                             1
2485  quilm         10 4                                      1700 8988                                 1
2486  quilm         9 4                                       1500 8888                                 1
2487  quilm         12 4                                      1100 8888                                 1
2488  quilm         10 5                                      15000 88888                               1
2489  quilm         10 3                                      110 898                                   1
2490  quilm         10 4                                      1700 8988                                 1
2491  quilm         10 6                                      100000 888888                             1
2492  quilm         24 6                                      111170 888898                             1
2493  quilm         14 4                                      1170 8898                                 1
2494  quilm         9 5                                       10000 88888                               1
2495  quilm         8 5                                       10000 98888                               1
2496  quilm         7 4                                       1000 9888                                 1
2497  quilm         16 4                                      1110 8888                                 1
2498  quilm         12 6                                      170000 898888                             1
2499  quilm         11 5                                      17000 89888                               1
2500  quilm         16 4                                      1110 8888                                 1
2501  quilm         15 5                                      11700 88988                               1
2502  quilm         20 5                                      11110 88898                               1
2503  quilm         10 4                                      1700 8988                                 1
2504  quilm         18 5                                      11150 88888                               1
2505  quilm         10 3                                      110 898                                   1
2506  quilm         12 4                                      1100 8888                                 1
2507  quilm         15 4                                      1110 8898                                 1
2508  quilm         5 3                                       700 988                                   1
2509  quilm         22 6                                      111100 888888                             1
2510  quilm         10 3                                      110 898                                   1
2511  quilm         17 5                                      11100 88888                               1
2512  quilm         17 5                                      11100 88888                               1
2513  quilm         16 6                                      117000 889888                             1
2514  quilm         20 5                                      11110 88898                               1
2515  quilm         7 3                                       100 888                                   1
2516  quilm         17 5                                      11100 88888                               1
2517  quilm         8 5                                       10000 98888                               1
2518  quilm         7 3                                       100 888                                   1
2519  quilm         11 3                                      110 888                                   1
2520  quilm         20 5                                      11110 88898                               1
2521  quilm         8 3                                       150 888                                   1
2522  quilm         13 5                                      11000 88888                               1
2523  quilm         15 5                                      11700 88988                               1
2524  quilm         20 6                                      111700 888988                             1
2525  quilm         13 5                                      11000 88888                               1
2526  quilm         8 4                                       1000 8888                                 1
2527  quilm         8 3                                       150 888                                   1
2528  quilm         9 3                                       170 898                                   1
2529  quilm         14 5                                      11500 88888                               1
2530  quilm         8 3                                       150 888                                   1
2531  quilm         8 5                                       10000 98888                               1
2532  quilm         12 3                                      115 888                                   1
2533  quilm         12 4                                      1100 8888                                 1
2534  quilm         8 4                                       1000 8888                                 1
2535  quilm         11 5                                      17000 89888                               1
2536  quilm         21 6                                      111100 888988                             1
2537  quilm         6 3                                       100 988                                   1
2538  quilm         16 6                                      117000 889888                             1
2539  quilm         9 3                                       170 898                                   1
2540  quilm         15 5                                      11700 88988                               1
2541  quilm         12 4                                      1100 8888                                 1
2542  quilm         8 3                                       150 888                                   1
2543  quilm         10 5                                      15000 88888                               1
2544  quilm         12 3                                      115 888                                   1
2545  quilm         8 3                                       150 888                                   1
2546  quilm         12 5                                      11000 89888                               1
2547  quilm         8 6                                       700000 988888                             1
2548  quilm         15 5                                      11700 88988                               1
2549  quilm         15 5                                      11700 88988                               1
2550  quilm         21 6                                      111100 888988                             1
2551  quilm         22 6                                      111100 888888                             1
2552  quilm         12 3                                      115 888                                   1
2553  quilm         6 4                                       7000 9888                                 1
2554  quilm         7 3                                       100 888                                   1
2555  quilm         13 4                                      1150 8888                                 1
2556  quilm         7 5                                       70000 98888                               1
2557  quilm         15 6                                      115000 888888                             1
2558  quilm         16 5                                      11100 88988                               1
2559  quilm         9 3                                       170 898                                   1
2560  quilm         9 4                                       1500 8888                                 1
2561  quilm         5 3                                       700 988                                   1
2562  quilm         9 4                                       1500 8888                                 1
2563  quilm         18 6                                      111000 888888                             1
2564  quilm         8 3                                       150 888                                   1
2565  quilm         16 4                                      1110 8888                                 1
2566  quilm         9 4                                       1500 8888                                 1
2567  quilm         6 3                                       100 988                                   1
2568  quilm         10 3                                      110 898                                   1
2569  quilm         9 6                                       100000 988888                             1
2570  quilm         22 6                                      111100 888888                             1
2571  quilm         8 4                                       1000 8888                                 1
2572  quilm         6 3                                       100 988                                   1
2573  quilm         15 4                                      1110 8898                                 1
2574  quilm         20 6                                      111700 888988                             1
2575  quilm         14 6                                      110000 888888                             1
2576  quilm         11 5                                      17000 89888                               1
2577  quilm         8 3                                       150 888                                   1
2578  quilm         13 4                                      1150 8888                                 1
2579  quilm         5 3                                       700 988                                   1
2580  quilm         12 6                                      170000 898888                             1
2581  quilm         17 6                                      111000 889888                             1
2582  quilm         7 3                                       100 888                                   1
2583  quilm         7 4                                       1000 9888                                 1
2584  quilm         6 4                                       7000 9888                                 1
2585  quilm         11 6                                      150000 888888                             1
2586  quilm         11 5                                      17000 89888                               1
2587  quilm         8 4                                       1000 8888                                 1
2588  quilm         16 4                                      1110 8888                                 1
2589  quilm         6 3                                       100 988                                   1
2590  quilm         14 5                                      11500 88888                               1
2591  quilm         12 3                                      115 888                                   1
2592  quilm         8 3                                       150 888                                   1
2593  quilm         9 3                                       170 898                                   1
2594  quilm         9 3                                       170 898                                   1
2595  quilm         14 5                                      11500 88888                               1
2596  quilm         12 3                                      115 888                                   1
2597  quilm         13 5                                      11000 88888                               1
2598  quilm         11 3                                      110 888                                   1
2599  quilm         14 6                                      110000 888888                             1
2600  quilm         15 6                                      115000 888888                             1
2601  quilm         7 5                                       70000 98888                               1
2602  quilm         13 5                                      11000 88888                               1
2603  quilm         24 6                                      111170 888898                             1
2604  quilm         9 4                                       1500 8888                                 1
2605  quilm         17 5                                      11100 88888                               1
2606  quilm         17 5                                      11100 88888                               1
2607  quilm         10 3                                      110 898                                   1
2608  quilm         5 3                                       700 988                                   1
2609  quilm         11 5                                      17000 89888                               1
2610  quilm         13 5                                      11000 88888                               1
2611  quilm         8 6                                       700000 988888                             1
2612  quilm         8 3                                       150 888                                   1
2613  quilm         7 3                                       100 888                                   1
2614  quilm         10 3                                      110 898                                   1
2615  quilm         14 4                                      1170 8898                                 1
2616  quilm         19 5                                      11170 88898                               1
2617  quilm         8 3                                       150 888                                   1
2618  quilm         5 3                                       700 988                                   1
2619  quilm         12 4                                      1100 8888                                 1
2620  quilm         11 5                                      17000 89888                               1
2621  quilm         10 6                                      100000 888888                             1
2622  quilm         11 5                                      17000 89888                               1
2623  quilm         6 3                                       100 988                                   1
2624  quilm         8 3                                       150 888                                   1
2625  quilm         16 6                                      117000 889888                             1
2626  quilm         6 4                                       7000 9888                                 1
2627  quilm         19 6                                      111500 888888                             1
2628  quilm         9 5                                       10000 88888                               1
2629  quilm         15 4                                      1110 8898                                 1
2630  quilm         15 4                                      1110 8898                                 1
2631  quilm         10 3                                      110 898                                   1
2632  quilm         15 5                                      11700 88988                               1
2633  quilm         6 4                                       7000 9888                                 1
2634  quilm         19 6                                      111500 888888                             1
2635  quilm         14 4                                      1170 8898                                 1
2636  quilm         10 4                                      1700 8988                                 1
2637  quilm         19 5                                      11170 88898                               1
2638  quilm         8 3                                       150 888                                   1
2639  quilm         9 4                                       1500 8888                                 1
2640  quilm         11 6                                      150000 888888                             1
2641  quilm         16 4                                      1110 8888                                 1
2642  quilm         22 6                                      111100 888888                             1
2643  quilm         10 3                                      110 898                                   1
2644  quilm         7 4                                       1000 9888                                 1
2645  quilm         12 3                                      115 888                                   1
2646  quilm         7 3                                       100 888                                   1
2647  quilm         12 6                                      170000 898888                             1
2648  quilm         10 3                                      110 898                                   1
2649  quilm         12 4                                      1100 8888                                 1
2650  quilm         10 3                                      110 898                                   1
2651  quilm         13 4                                      1150 8888                                 1
2652  quilm         16 4                                      1110 8888                                 1
2653  quilm         19 5                                      11170 88898                               1
2654  quilm         7 4                                       1000 9888                                 1
2655  quilm         5 3                                       700 988                                   1
2656  quilm         6 4                                       7000 9888                                 1
2657  quilm         8 4                                       1000 8888                                 1
2658  quilm         6 3                                       100 988                                   1
2659  quilm         13 4                                      1150 8888                                 1
2660  quilm         10 3                                      110 898                                   1
2661  quilm         6 3                                       100 988                                   1
2662  quilm         9 5                                       10000 88888                               1
2663  quilm         11 4                                      1100 8988                                 1
2664  quilm         24 6                                      111170 888898                             1
2665  quilm         8 4                                       1000 8888                                 1
2666  quilm         10 4                                      1700 8988                                 1
2667  quilm         6 3                                       100 988                                   1
2668  quilm         10 4                                      1700 8988                                 1
2669  quilm         10 3                                      110 898                                   1
2670  quilm         14 5                                      11500 88888                               1
2671  quilm         15 4                                      1110 8898                                 1
2672  quilm         21 6                                      111100 888988                             1
2673  quilm         7 5                                       70000 98888                               1
2674  quilm         6 3                                       100 988                                   1
2675  quilm         9 5                                       10000 88888                               1
2676  quilm         19 5                                      11170 88898                               1
2677  quilm         6 4                                       7000 9888                                 1
2678  quilm         7 5                                       70000 98888                               1
2679  quilm         7 4                                       1000 9888                                 1
2680  quilm         23 6                                      111150 888888                             1
2681  quilm         19 5                                      11170 88898                               1
2682  quilm         15 5                                      11700 88988                               1
2683  quilm         15 4                                      1110 8898                                 1
2684  quilm         13 5                                      11000 88888                               1
2685  quilm         20 5                                      11110 88898                               1
2686  quilm         10 6                                      100000 888888                             1
2687  quilm         8 5                                       10000 98888                               1
2688  quilm         13 5                                      11000 88888                               1
2689  quilm         15 5                                      11700 88988                               1
2690  quilm         15 5                                      11700 88988                               1
2691  quilm         19 5                                      11170 88898                               1
2692  quilm         11 4                                      1100 8988                                 1
2693  quilm         7 3                                       100 888                                   1
2694  quilm         13 4                                      1150 8888                                 1
2695  quilm         8 4                                       1000 8888                                 1
2696  quilm         20 5                                      11110 88898                               1
2697  quilm         6 4                                       7000 9888                                 1
2698  quilm         14 4                                      1170 8898                                 1
2699  quilm         14 4                                      1170 8898                                 1
2700  quilm         10 3                                      110 898                                   1
2701  quilm         12 6                                      170000 898888                             1
2702  quilm         8 3                                       150 888                                   1
2703  quilm         12 3                                      115 888                                   1
2704  quilm         16 5                                      11100 88988                               1
2705  quilm         9 5                                       10000 88888                               1
2706  quilm         19 5                                      11170 88898                               1
2707  quilm         7 5                                       70000 98888                               1
2708  quilm         12 3                                      115 888                                   1
2709  quilm         9 3                                       170 898                                   1
2710  quilm         8 4                                       1000 8888                                 1
2711  quilm         10 3                                      110 898                                   1
2712  quilm         8 3                                       150 888                                   1
2713  quilm         9 6                                       100000 988888                             1
2714  quilm         11 3                                      110 888                                   1
2715  quilm         12 3                                      115 888                                   1
2716  quilm         10 3                                      110 898                                   1
2717  quilm         8 3                                       150 888                                   1
2718  quilm         6 4                                       7000 9888                                 1
2719  quilm         14 4                                      1170 8898                                 1
2720  quilm         22 6                                      111100 888888                             1
2721  quilm         8 5                                       10000 98888                               1
2722  quilm         17 6                                      111000 889888                             1
2723  quilm         16 4                                      1110 8888                                 1
2724  quilm         16 6                                      117000 889888                             1
2725  quilm         9 6                                       100000 988888                             1
2726  quilm         9 3                                       170 898                                   1
2727  quilm         11 5                                      17000 89888                               1
2728  quilm         18 6                                      111000 888888                             1
2729  quilm         10 5                                      15000 88888                               1
2730  quilm         10 6                                      100000 888888                             1
2731  quilm         14 4                                      1170 8898                                 1
2732  quilm         14 4                                      1170 8898                                 1
2733  quilm         9 5                                       10000 88888                               1
2734  quilm         15 5                                      11700 88988                               1
2735  quilm         8 3                                       150 888                                   1
2736  quilm         15 4                                      1110 8898                                 1
2737  quilm         18 6                                      111000 888888                             1
2738  quilm         19 5                                      11170 88898                               1
2739  quilm         11 3                                      110 888                                   1
2740  quilm         9 3                                       170 898                                   1
2741  quilm         10 4                                      1700 8988                                 1
2742  quilm         12 4                                      1100 8888                                 1
2743  quilm         12 4                                      1100 8888                                 1
2744  quilm         5 3                                       700 988                                   1
2745  quilm         20 5                                      11110 88898                               1
2746  quilm         9 3                                       170 898                                   1
2747  quilm         9 3                                       170 898                                   1
2748  quilm         19 6                                      111500 888888                             1
2749  quilm         14 6                                      110000 888888                             1
2750  quilm         16 4                                      1110 8888                                 1
2751  quilm         11 3                                      110 888                                   1
2752  quilm         11 5                                      17000 89888                               1
2753  quilm         9 4                                       1500 8888                                 1
2754  quilm         8 4                                       1000 8888                                 1
2755  quilm         10 3                                      110 898                                   1
2756  quilm         11 5                                      17000 89888                               1
2757  quilm         12 3                                      115 888                                   1
2758  quilm         16 6                                      117000 889888                             1
2759  quilm         10 3                                      110 898                                   1
2760  quilm         16 5                                      11100 88988                               1
2761  quilm         17 6                                      111000 889888                             1
2762  quilm         22 6                                      111100 888888                             1
2763  quilm         7 3                                       100 888                                   1
2764  quilm         17 5                                      11100 88888                               1
2765  quilm         19 5                                      11170 88898                               1
2766  quilm         9 3                                       170 898                                   1
2767  quilm         7 3                                       100 888                                   1
2768  quilm         10 4                                      1700 8988                                 1
2769  quilm         10 3                                      110 898                                   1
2770  quilm         12 5                                      11000 89888                               1
2771  quilm         10 4                                      1700 8988                                 1
2772  quilm         13 6                                      110000 898888                             1
2773  quilm         7 4                                       1000 9888                                 1
2774  quilm         19 6                                      111500 888888                             1
2775  quilm         9 3                                       170 898                                   1
2776  quilm         9 4                                       1500 8888                                 1
2777  quilm         10 3                                      110 898                                   1
2778  quilm         9 4                                       1500 8888                                 1
2779  quilm         10 6                                      100000 888888                             1
2780  quilm         12 5                                      11000 89888                               1
2781  quilm         5 3                                       700 988                                   1
2782  quilm         23 6                                      111150 888888                             1
2783  quilm         13 4                                      1150 8888                                 1
2784  quilm         9 3                                       170 898                                   1
2785  quilm         18 5                                      11150 88888                               1
2786  quilm         7 4                                       1000 9888                                 1
2787  quilm         7 4                                       1000 9888                                 1
2788  quilm         16 5                                      11100 88988                               1
2789  quilm         12 3                                      115 888                                   1
2790  quilm         7 3                                       100 888                                   1
2791  quilm         11 3                                      110 888                                   1
2792  quilm         13 5                                      11000 88888                               1
2793  quilm         19 6                                      111500 888888                             1
2794  quilm         12 3                                      115 888                                   1
2795  quilm         7 4                                       1000 9888                                 1
2796  quilm         20 5                                      11110 88898                               1
2797  quilm         10 4                                      1700 8988                                 1
2798  quilm         13 6                                      110000 898888                             1
2799  quilm         6 3                                       100 988                                   1
2800  quilm         16 4                                      1110 8888                                 1
2801  quilm         7 3                                       100 888                                   1
2802  quilm         18 5                                      11150 88888                               1
2803  quilm         7 4                                       1000 9888                                 1
2804  quilm         7 4                                       1000 9888                                 1
2805  quilm         12 5                                      11000 89888                               1
2806  quilm         5 3                                       700 988                                   1
2807  quilm         6 4                                       7000 9888                                 1
2808  quilm         11 3                                      110 888                                   1
2809  quilm         10 4                                      1700 8988                                 1
2810  quilm         13 5                                      11000 88888                               1
2811  quilm         9 3                                       170 898                                   1
2812  quilm         14 5                                      11500 88888                               1
2813  quilm         20 5                                      11110 88898                               1
2814  quilm         11 3                                      110 888                                   1
2815  quilm         20 5                                      11110 88898                               1
2816  quilm         24 6                                      111170 888898                             1
2817  quilm         9 3                                       170 898                                   1
2818  quilm         6 3                                       100 988                                   1
2819  quilm         11 5                                      17000 89888                               1
2820  quilm         11 5                                      17000 89888                               1
2821  quilm         9 3                                       170 898                                   1
2822  quilm         12 6                                      170000 898888                             1
2823  quilm         14 5                                      11500 88888                               1
2824  quilm         20 5                                      11110 88898                               1
2825  quilm         15 4                                      1110 8898                                 1
2826  quilm         8 4                                       1000 8888                                 1
2827  quilm         20 5                                      11110 88898                               1
2828  quilm         6 3                                       100 988                                   1
2829  quilm         14 5                                      11500 88888                               1
2830  quilm         10 3                                      110 898                                   1
2831  quilm         17 5                                      11100 88888                               1
2832  quilm         9 3                                       170 898                                   1
2833  quilm         7 3                                       100 888                                   1
2834  quilm         6 3                                       100 988                                   1
2835  quilm         14 5                                      11500 88888                               1
2836  quilm         8 5                                       10000 98888                               1
2837  quilm         9 4                                       1500 8888                                 1
2838  quilm         5 3                                       700 988                                   1
2839  quilm         10 4                                      1700 8988                                 1
2840  quilm         9 5                                       10000 88888                               1
2841  quilm         6 3                                       100 988                                   1
2842  quilm         5 3                                       700 988                                   1
2843  quilm         10 6                                      100000 888888                             1
2844  quilm         11 6                                      150000 888888                             1
2845  quilm         7 4                                       1000 9888                                 1
2846  quilm         9 4                                       1500 8888                                 1
2847  quilm         15 5                                      11700 88988                               1
2848  quilm         9 3                                       170 898                                   1
2849  quilm         7 4                                       1000 9888                                 1
2850  quilm         11 5                                      17000 89888                               1
2851  quilm         15 4                                      1110 8898                                 1
2852  quilm         5 3                                       700 988                                   1
2853  quilm         11 4                                      1100 8988                                 1
2854  quilm         13 5                                      11000 88888                               1
2855  quilm         14 5                                      11500 88888                               1
2856  quilm         17 5                                      11100 88888                               1
2857  quilm         6 4                                       7000 9888                                 1
2858  quilm         5 3                                       700 988                                   1
2859  quilm         5 3                                       700 988                                   1
2860  quilm         10 3                                      110 898                                   1
2861  quilm         7 5                                       70000 98888                               1
2862  quilm         7 3                                       100 888                                   1
2863  quilm         15 4                                      1110 8898                                 1
2864  quilm         8 4                                       1000 8888                                 1
2865  quilm         14 5                                      11500 88888                               1
2866  quilm         17 5                                      11100 88888                               1
2867  quilm         12 3                                      115 888                                   1
2868  quilm         12 5                                      11000 89888                               1
2869  quilm         24 6                                      111170 888898                             1
2870  quilm         11 3                                      110 888                                   1
2871  quilm         9 3                                       170 898                                   1
2872  quilm         16 4                                      1110 8888                                 1
2873  quilm         18 5                                      11150 88888                               1
2874  quilm         11 4                                      1100 8988                                 1
2875  quilm         5 3                                       700 988                                   1
2876  quilm         9 4                                       1500 8888                                 1
2877  quilm         13 4                                      1150 8888                                 1
2878  quilm         11 6                                      150000 888888                             1
2879  quilm         17 5                                      11100 88888                               1
2880  quilm         6 3                                       100 988                                   1
2881  quilm         9 3                                       170 898                                   1
2882  quilm         19 5                                      11170 88898                               1
2883  quilm         9 5                                       10000 88888                               1
2884  quilm         6 3                                       100 988                                   1
2885  quilm         15 4                                      1110 8898                                 1
2886  quilm         19 5                                      11170 88898                               1
2887  quilm         24 6                                      111170 888898                             1
2888  quilm         14 6                                      110000 888888                             1
2889  quilm         7 3                                       100 888                                   1
2890  quilm         10 3                                      110 898                                   1
2891  quilm         5 3                                       700 988                                   1
2892  quilm         9 4                                       1500 8888                                 1
2893  quilm         9 3                                       170 898                                   1
2894  quilm         10 6                                      100000 888888                             1
2895  quilm         19 5                                      11170 88898                               1
2896  quilm         9 4                                       1500 8888                                 1
2897  quilm         11 6                                      150000 888888                             1
2898  quilm         6 4                                       7000 9888                                 1
2899  quilm         10 6                                      100000 888888                             1
2900  quilm         18 5                                      11150 88888                               1
2901  quilm         14 4                                      1170 8898                                 1
2902  quilm         12 3                                      115 888                                   1
2903  quilm         15 4                                      1110 8898                                 1
2904  quilm         17 5                                      11100 88888                               1
2905  quilm         16 5                                      11100 88988                               1
2906  quilm         8 3                                       150 888                                   1
2907  quilm         19 5                                      11170 88898                               1
2908  quilm         20 6                                      111700 888988                             1
2909  quilm         16 6                                      117000 889888                             1
2910  quilm         15 4                                      1110 8898                                 1
2911  quilm         18 5                                      11150 88888                               1
2912  quilm         18 5                                      11150 88888                               1
2913  quilm         7 3                                       100 888                                   1
2914  quilm         20 6                                      111700 888988                             1
2915  quilm         12 4                                      1100 8888                                 1
2916  quilm         8 3                                       150 888                                   1
2917  quilm         24 6                                      111170 888898                             1
2918  quilm         10 5                                      15000 88888                               1
2919  quilm         24 6                                      111170 888898                             1
2920  quilm         7 4                                       1000 9888                                 1
2921  quilm         24 6                                      111170 888898                             1
2922  quilm         15 4                                      1110 8898                                 1
2923  quilm         17 5                                      11100 88888                               1
2924  quilm         15 4                                      1110 8898                                 1
2925  quilm         11 4                                      1100 8988                                 1
2926  quilm         6 4                                       7000 9888                                 1
2927  quilm         11 5                                      17000 89888                               1
2928  quilm         20 5                                      11110 88898                               1
2929  quilm         19 5                                      11170 88898                               1
2930  quilm         13 5                                      11000 88888                               1
2931  quilm         15 5                                      11700 88988                               1
2932  quilm         15 5                                      11700 88988                               1
2933  quilm         11 4                                      1100 8988                                 1
2934  quilm         10 3                                      110 898                                   1
2935  quilm         22 6                                      111100 888888                             1
2936  quilm         5 3                                       700 988                                   1
2937  quilm         14 4                                      1170 8898                                 1
2938  quilm         10 5                                      15000 88888                               1
2939  quilm         10 5                                      15000 88888                               1
2940  quilm         10 3                                      110 898                                   1
2941  quilm         9 3                                       170 898                                   1
2942  quilm         12 4                                      1100 8888                                 1
2943  quilm         13 5                                      11000 88888                               1
2944  quilm         5 3                                       700 988                                   1
2945  quilm         8 3                                       150 888                                   1
2946  quilm         10 5                                      15000 88888                               1
2947  quilm         15 4                                      1110 8898                                 1
2948  quilm         7 3                                       100 888                                   1
2949  quilm         6 4                                       7000 9888                                 1
2950  quilm         12 4                                      1100 8888                                 1
2951  quilm         11 3                                      110 888                                   1
2952  quilm         11 3                                      110 888                                   1
2953  quilm         18 6                                      111000 888888                             1
2954  quilm         14 5                                      11500 88888                               1
2955  quilm         15 5                                      11700 88988                               1
2956  quilm         16 4                                      1110 8888                                 1
2957  quilm         10 3                                      110 898                                   1
2958  quilm         8 3                                       150 888                                   1
2959  quilm         12 3                                      115 888                                   1
2960  quilm         17 5                                      11100 88888                               1
2961  quilm         16 4                                      1110 8888                                 1
2962  quilm         14 4                                      1170 8898                                 1
2963  quilm         8 3                                       150 888                                   1
2964  quilm         17 5                                      11100 88888                               1
2965  quilm         8 5                                       10000 98888                               1
2966  quilm         20 5                                      11110 88898                               1
2967  quilm         15 4                                      1110 8898                                 1
2968  quilm         11 3                                      110 888                                   1
2969  quilm         10 4                                      1700 8988                                 1
2970  quilm         13 5                                      11000 88888                               1
2971  quilm         8 3                                       150 888                                   1
2972  quilm         10 3                                      110 898                                   1
2973  quilm         12 3                                      115 888                                   1
2974  quilm         17 5                                      11100 88888                               1
2975  quilm         15 4                                      1110 8898                                 1
2976  quilm         16 4                                      1110 8888                                 1
2977  quilm         14 5                                      11500 88888                               1
2978  quilm         9 3                                       170 898                                   1
2979  quilm         14 4                                      1170 8898                                 1
2980  quilm         8 3                                       150 888                                   1
2981  quilm         17 5                                      11100 88888                               1
2982  quilm         14 4                                      1170 8898                                 1
2983  quilm         7 3                                       100 888                                   1
2984  quilm         8 3                                       150 888                                   1
2985  quilm         9 5                                       10000 88888                               1
2986  quilm         12 3                                      115 888                                   1
2987  quilm         8 5                                       10000 98888                               1
2988  quilm         7 4                                       1000 9888                                 1
2989  quilm         9 3                                       170 898                                   1
2990  quilm         6 4                                       7000 9888                                 1
2991  quilm         14 5                                      11500 88888                               1
2992  quilm         10 3                                      110 898                                   1
2993  quilm         8 5                                       10000 98888                               1
2994  quilm         16 5                                      11100 88988                               1
2995  quilm         12 4                                      1100 8888                                 1
2996  quilm         10 3                                      110 898                                   1
2997  quilm         8 6                                       700000 988888                             1
2998  quilm         8 4                                       1000 8888                                 1
2999  quilm         7 4                                       1000 9888                                 1
3000  quilm         10 3                                      110 898                                   1
3001  quilm         8 6                                       700000 988888                             1
3002  quilm         11 3                                      110 888                                   1
3003  quilm         10 3                                      110 898                                   1
3004  quilm         9 5                                       10000 88888                               1
3005  quilm         10 3                                      110 898                                   1
3006  quilm         11 5                                      17000 89888                               1
3007  quilm         21 6                                      111100 888988                             1
3008  quilm         18 5                                      11150 88888                               1
3009  quilm         12 3                                      115 888                                   1
3010  quilm         11 3                                      110 888                                   1
3011  quilm         18 5                                      11150 88888                               1
3012  quilm         14 6                                      110000 888888                             1
3013  quilm         16 5                                      11100 88988                               1
3014  quilm         15 5                                      11700 88988                               1
3015  quilm         6 3                                       100 988                                   1
3016  quilm         16 4                                      1110 8888                                 1
3017  quilm         8 4                                       1000 8888                                 1
3018  quilm         19 6                                      111500 888888                             1
3019  quilm         7 4                                       1000 9888                                 1
3020  quilm         9 3                                       170 898                                   1
3021  quilm         13 5                                      11000 88888                               1
3022  quilm         9 5                                       10000 88888                               1
3023  quilm         5 3                                       700 988                                   1
3024  quilm         6 3                                       100 988                                   1
3025  quilm         16 4                                      1110 8888                                 1
3026  quilm         8 4                                       1000 8888                                 1
3027  quilm         17 5                                      11100 88888                               1
3028  quilm         20 6                                      111700 888988                             1
3029  quilm         8 5                                       10000 98888                               1

per-name tally this round
name             presented correct  hit-rate
quilm                 3030    3030    100.0%
